galaxy,split,formula_family,inclusion_lane,allowed_use,orientation_gate_status,projection_status,memory_status,memory_projection_gate_status,blocked_orientation_components,minimal_acquisition_need,strict_ready,caution_ready,acquisition_required,endpoint_scores_computed,uses_vobs_or_residual,claim_boundary
CamB,holdout,K_scale_tail_spiral,ACQUISITION_REQUIRED,source_acquisition_or_review_queue,ORIENTATION_PROMOTION_BLOCKED_FOR_ACTIVE_COMPONENTS,PROJECTION_ACCEPTANCE_READY_RESIDUAL_BLIND,MEMORY_BLOCKED_INVERSE_DIAGNOSTIC_NOT_ACCEPTED,BLOCKED_ORIENTATION_NOT_READY,K_thick_flared,needs_residual_blind_memory_history_source;needs_vertical_velocity_field_or_warp_flare_source,False,False,True,False,False,inclusion_lane_expansion_audit_not_endpoint
ESO116-G012,holdout,K_exponential_disk,ACQUISITION_REQUIRED,source_acquisition_or_review_queue,ORIENTATION_PROMOTION_BLOCKED_FOR_ACTIVE_COMPONENTS,PROJECTION_BLOCKED_RESIDUAL_BLIND_CAVEAT,MEMORY_BLOCKED_INVERSE_DIAGNOSTIC_NOT_ACCEPTED,BLOCKED_ORIENTATION_NOT_READY,K_thick_flared,needs_distance_quality_or_scale_audit;needs_residual_blind_memory_history_source;needs_vertical_velocity_field_or_warp_flare_source,False,False,True,False,False,inclusion_lane_expansion_audit_not_endpoint
F563-1,holdout,K_scale_tail_spiral,ACQUISITION_REQUIRED,source_acquisition_or_review_queue,ORIENTATION_PROMOTION_BLOCKED_FOR_ACTIVE_COMPONENTS,PROJECTION_BLOCKED_RESIDUAL_BLIND_CAVEAT,MEMORY_BLOCKED_INVERSE_DIAGNOSTIC_NOT_ACCEPTED,BLOCKED_ORIENTATION_NOT_READY,K_thick_flared,needs_distance_quality_or_scale_audit;needs_projection_or_inclination_audit;needs_residual_blind_memory_history_source;needs_vertical_velocity_field_or_warp_flare_source,False,False,True,False,False,inclusion_lane_expansion_audit_not_endpoint
IC2574,holdout,K_scale_tail_spiral,ACQUISITION_REQUIRED,source_acquisition_or_review_queue,ORIENTATION_PROMOTION_BLOCKED_FOR_ACTIVE_COMPONENTS,PROJECTION_ACCEPTANCE_READY_RESIDUAL_BLIND,MEMORY_BLOCKED_INVERSE_DIAGNOSTIC_NOT_ACCEPTED,BLOCKED_ORIENTATION_NOT_READY,K_thick_flared,needs_residual_blind_memory_history_source;needs_vertical_velocity_field_or_warp_flare_source,False,False,True,False,False,inclusion_lane_expansion_audit_not_endpoint
IC4202,holdout,K_compact_finite,ACQUISITION_REQUIRED,source_acquisition_or_review_queue,ORIENTATION_PROMOTION_BLOCKED_FOR_ACTIVE_COMPONENTS,PROJECTION_ACCEPTANCE_READY_RESIDUAL_BLIND,MEMORY_CAUTION_CURRENT_READOUT_CONSISTENT_WITH_SOURCE_FLAGS,BLOCKED_ORIENTATION_NOT_READY,K_thick_flared,needs_source_memory_flag_resolution;needs_vertical_velocity_field_or_warp_flare_source,False,False,True,False,False,inclusion_lane_expansion_audit_not_endpoint
NGC2683,holdout,K_thick_flared,ACQUISITION_REQUIRED,source_acquisition_or_review_queue,ORIENTATION_PROMOTION_BLOCKED_FOR_ACTIVE_COMPONENTS,PROJECTION_BLOCKED_RESIDUAL_BLIND_CAVEAT,MEMORY_BLOCKED_INVERSE_DIAGNOSTIC_NOT_ACCEPTED,BLOCKED_ORIENTATION_NOT_READY,K_thick_flared,needs_projection_geometry_source_review;needs_residual_blind_memory_history_source;needs_vertical_velocity_field_or_warp_flare_source,False,False,True,False,False,inclusion_lane_expansion_audit_not_endpoint
NGC3972,holdout,K_thick_flared,ACQUISITION_REQUIRED,source_acquisition_or_review_queue,ORIENTATION_PROMOTION_BLOCKED_FOR_ACTIVE_COMPONENTS,PROJECTION_BLOCKED_RESIDUAL_BLIND_CAVEAT,MEMORY_BLOCKED_INVERSE_DIAGNOSTIC_NOT_ACCEPTED,BLOCKED_ORIENTATION_NOT_READY,K_thick_flared,needs_projection_geometry_source_review;needs_residual_blind_memory_history_source;needs_vertical_velocity_field_or_warp_flare_source,False,False,True,False,False,inclusion_lane_expansion_audit_not_endpoint
NGC4013,holdout,K_compact_finite,ACQUISITION_REQUIRED,source_acquisition_or_review_queue,ORIENTATION_PROMOTION_BLOCKED_FOR_ACTIVE_COMPONENTS,PROJECTION_ACCEPTANCE_READY_RESIDUAL_BLIND,MEMORY_BLOCKED_INVERSE_DIAGNOSTIC_NOT_ACCEPTED,BLOCKED_ORIENTATION_NOT_READY,K_thick_flared,needs_residual_blind_memory_history_source;needs_vertical_velocity_field_or_warp_flare_source,False,False,True,False,False,inclusion_lane_expansion_audit_not_endpoint
NGC4183,holdout,K_exponential_disk,ACQUISITION_REQUIRED,source_acquisition_or_review_queue,ORIENTATION_PROMOTION_BLOCKED_FOR_ACTIVE_COMPONENTS,PROJECTION_ACCEPTANCE_READY_RESIDUAL_BLIND,MEMORY_BLOCKED_INVERSE_DIAGNOSTIC_NOT_ACCEPTED,BLOCKED_ORIENTATION_NOT_READY,K_thick_flared,needs_residual_blind_memory_history_source;needs_vertical_velocity_field_or_warp_flare_source,False,False,True,False,False,inclusion_lane_expansion_audit_not_endpoint
NGC5907,holdout,K_thick_flared,ACQUISITION_REQUIRED,source_acquisition_or_review_queue,ORIENTATION_PROMOTION_BLOCKED_FOR_ACTIVE_COMPONENTS,PROJECTION_BLOCKED_RESIDUAL_BLIND_CAVEAT,MEMORY_CAUTION_CURRENT_READOUT_CONSISTENT_WITH_SOURCE_FLAGS,BLOCKED_ORIENTATION_NOT_READY,K_thick_flared,needs_projection_geometry_source_review;needs_source_memory_flag_resolution;needs_vertical_velocity_field_or_warp_flare_source,False,False,True,False,False,inclusion_lane_expansion_audit_not_endpoint
NGC6789,holdout,K_scale_tail_spiral,ACQUISITION_REQUIRED,source_acquisition_or_review_queue,ORIENTATION_PROMOTION_BLOCKED_FOR_ACTIVE_COMPONENTS,PROJECTION_ACCEPTANCE_READY_RESIDUAL_BLIND,MEMORY_CAUTION_CURRENT_READOUT_CONSISTENT_WITH_SOURCE_FLAGS,BLOCKED_ORIENTATION_NOT_READY,K_thick_flared,needs_source_memory_flag_resolution;needs_vertical_velocity_field_or_warp_flare_source,False,False,True,False,False,inclusion_lane_expansion_audit_not_endpoint
NGC7331,holdout,K_thick_flared,ACQUISITION_REQUIRED,source_acquisition_or_review_queue,ORIENTATION_PROMOTION_BLOCKED_FOR_ACTIVE_COMPONENTS,PROJECTION_BLOCKED_RESIDUAL_BLIND_CAVEAT,MEMORY_BLOCKED_INVERSE_DIAGNOSTIC_NOT_ACCEPTED,BLOCKED_ORIENTATION_NOT_READY,K_thick_flared,needs_projection_geometry_source_review;needs_residual_blind_memory_history_source;needs_vertical_velocity_field_or_warp_flare_source,False,False,True,False,False,inclusion_lane_expansion_audit_not_endpoint
UGC00731,holdout,K_scale_tail_spiral,ACQUISITION_REQUIRED,source_acquisition_or_review_queue,ORIENTATION_PROMOTION_BLOCKED_FOR_ACTIVE_COMPONENTS,PROJECTION_BLOCKED_RESIDUAL_BLIND_CAVEAT,MEMORY_CAUTION_CURRENT_READOUT_CONSISTENT_WITH_SOURCE_FLAGS,BLOCKED_ORIENTATION_NOT_READY,K_thick_flared,needs_distance_quality_or_scale_audit;needs_source_memory_flag_resolution;needs_vertical_velocity_field_or_warp_flare_source,False,False,True,False,False,inclusion_lane_expansion_audit_not_endpoint
UGC00891,holdout,K_scale_tail_spiral,ACQUISITION_REQUIRED,source_acquisition_or_review_queue,ORIENTATION_PROMOTION_BLOCKED_FOR_ACTIVE_COMPONENTS,PROJECTION_BLOCKED_RESIDUAL_BLIND_CAVEAT,MEMORY_BLOCKED_INVERSE_DIAGNOSTIC_NOT_ACCEPTED,BLOCKED_ORIENTATION_NOT_READY,K_thick_flared,needs_distance_quality_or_scale_audit;needs_residual_blind_memory_history_source;needs_vertical_velocity_field_or_warp_flare_source,False,False,True,False,False,inclusion_lane_expansion_audit_not_endpoint
UGC02259,holdout,K_exponential_disk,ACQUISITION_REQUIRED,source_acquisition_or_review_queue,ORIENTATION_PROMOTION_BLOCKED_FOR_ACTIVE_COMPONENTS,PROJECTION_BLOCKED_RESIDUAL_BLIND_CAVEAT,MEMORY_BLOCKED_INVERSE_DIAGNOSTIC_NOT_ACCEPTED,BLOCKED_ORIENTATION_NOT_READY,K_thick_flared,needs_distance_quality_or_scale_audit;needs_residual_blind_memory_history_source;needs_vertical_velocity_field_or_warp_flare_source,False,False,True,False,False,inclusion_lane_expansion_audit_not_endpoint
UGC04305,holdout,K_scale_tail_spiral,ACQUISITION_REQUIRED,source_acquisition_or_review_queue,ORIENTATION_PROMOTION_BLOCKED_FOR_ACTIVE_COMPONENTS,PROJECTION_ACCEPTANCE_READY_RESIDUAL_BLIND,MEMORY_BLOCKED_INVERSE_DIAGNOSTIC_NOT_ACCEPTED,BLOCKED_ORIENTATION_NOT_READY,K_thick_flared,needs_residual_blind_memory_history_source;needs_vertical_velocity_field_or_warp_flare_source,False,False,True,False,False,inclusion_lane_expansion_audit_not_endpoint
UGC04499,holdout,K_scale_tail_spiral,ACQUISITION_REQUIRED,source_acquisition_or_review_queue,ORIENTATION_PROMOTION_BLOCKED_FOR_ACTIVE_COMPONENTS,PROJECTION_BLOCKED_RESIDUAL_BLIND_CAVEAT,MEMORY_BLOCKED_INVERSE_DIAGNOSTIC_NOT_ACCEPTED,BLOCKED_ORIENTATION_NOT_READY,K_thick_flared,needs_distance_quality_or_scale_audit;needs_residual_blind_memory_history_source;needs_vertical_velocity_field_or_warp_flare_source,False,False,True,False,False,inclusion_lane_expansion_audit_not_endpoint
UGC05414,holdout,K_scale_tail_spiral,ACQUISITION_REQUIRED,source_acquisition_or_review_queue,ORIENTATION_PROMOTION_BLOCKED_FOR_ACTIVE_COMPONENTS,PROJECTION_BLOCKED_RESIDUAL_BLIND_CAVEAT,MEMORY_BLOCKED_INVERSE_DIAGNOSTIC_NOT_ACCEPTED,BLOCKED_ORIENTATION_NOT_READY,K_thick_flared,needs_distance_quality_or_scale_audit;needs_residual_blind_memory_history_source;needs_vertical_velocity_field_or_warp_flare_source,False,False,True,False,False,inclusion_lane_expansion_audit_not_endpoint
UGC05716,holdout,K_scale_tail_spiral,ACQUISITION_REQUIRED,source_acquisition_or_review_queue,ORIENTATION_PROMOTION_BLOCKED_FOR_ACTIVE_COMPONENTS,PROJECTION_BLOCKED_RESIDUAL_BLIND_CAVEAT,MEMORY_CAUTION_CURRENT_READOUT_CONSISTENT_WITH_SOURCE_FLAGS,BLOCKED_ORIENTATION_NOT_READY,K_thick_flared,needs_distance_quality_or_scale_audit;needs_source_memory_flag_resolution;needs_vertical_velocity_field_or_warp_flare_source,False,False,True,False,False,inclusion_lane_expansion_audit_not_endpoint
UGC05829,holdout,K_scale_tail_spiral,ACQUISITION_REQUIRED,source_acquisition_or_review_queue,ORIENTATION_PROMOTION_BLOCKED_FOR_ACTIVE_COMPONENTS,PROJECTION_BLOCKED_RESIDUAL_BLIND_CAVEAT,MEMORY_BLOCKED_INVERSE_DIAGNOSTIC_NOT_ACCEPTED,BLOCKED_ORIENTATION_NOT_READY,K_thick_flared,needs_distance_quality_or_scale_audit;needs_projection_or_inclination_audit;needs_residual_blind_memory_history_source;needs_vertical_velocity_field_or_warp_flare_source,False,False,True,False,False,inclusion_lane_expansion_audit_not_endpoint
UGC05986,holdout,K_scale_tail_spiral,ACQUISITION_REQUIRED,source_acquisition_or_review_queue,ORIENTATION_PROMOTION_BLOCKED_FOR_ACTIVE_COMPONENTS,PROJECTION_BLOCKED_RESIDUAL_BLIND_CAVEAT,MEMORY_CAUTION_CURRENT_READOUT_CONSISTENT_WITH_SOURCE_FLAGS,BLOCKED_ORIENTATION_NOT_READY,K_thick_flared,needs_distance_quality_or_scale_audit;needs_source_memory_flag_resolution;needs_vertical_velocity_field_or_warp_flare_source,False,False,True,False,False,inclusion_lane_expansion_audit_not_endpoint
UGC06818,holdout,K_scale_tail_spiral,ACQUISITION_REQUIRED,source_acquisition_or_review_queue,ORIENTATION_PROMOTION_BLOCKED_FOR_ACTIVE_COMPONENTS,PROJECTION_ACCEPTANCE_READY_RESIDUAL_BLIND,MEMORY_BLOCKED_INVERSE_DIAGNOSTIC_NOT_ACCEPTED,BLOCKED_ORIENTATION_NOT_READY,K_thick_flared,needs_residual_blind_memory_history_source;needs_vertical_velocity_field_or_warp_flare_source,False,False,True,False,False,inclusion_lane_expansion_audit_not_endpoint
UGC06983,holdout,K_scale_tail_spiral,ACQUISITION_REQUIRED,source_acquisition_or_review_queue,ORIENTATION_PROMOTION_BLOCKED_FOR_ACTIVE_COMPONENTS,PROJECTION_ACCEPTANCE_READY_RESIDUAL_BLIND,MEMORY_CAUTION_CURRENT_READOUT_CONSISTENT_WITH_SOURCE_FLAGS,BLOCKED_ORIENTATION_NOT_READY,K_thick_flared,needs_source_memory_flag_resolution;needs_vertical_velocity_field_or_warp_flare_source,False,False,True,False,False,inclusion_lane_expansion_audit_not_endpoint
UGC07151,holdout,K_exponential_disk,ACQUISITION_REQUIRED,source_acquisition_or_review_queue,ORIENTATION_PROMOTION_BLOCKED_FOR_ACTIVE_COMPONENTS,PROJECTION_ACCEPTANCE_READY_RESIDUAL_BLIND,MEMORY_NOT_REQUIRED_CURRENT_READOUT_CONSISTENT,BLOCKED_ORIENTATION_NOT_READY,K_thick_flared,needs_vertical_velocity_field_or_warp_flare_source,False,False,True,False,False,inclusion_lane_expansion_audit_not_endpoint
UGC07603,holdout,K_exponential_disk,ACQUISITION_REQUIRED,source_acquisition_or_review_queue,ORIENTATION_PROMOTION_BLOCKED_FOR_ACTIVE_COMPONENTS,PROJECTION_BLOCKED_RESIDUAL_BLIND_CAVEAT,MEMORY_BLOCKED_INVERSE_DIAGNOSTIC_NOT_ACCEPTED,BLOCKED_ORIENTATION_NOT_READY,K_thick_flared,needs_distance_quality_or_scale_audit;needs_residual_blind_memory_history_source;needs_vertical_velocity_field_or_warp_flare_source,False,False,True,False,False,inclusion_lane_expansion_audit_not_endpoint
UGC08699,holdout,K_compact_finite,ACQUISITION_REQUIRED,source_acquisition_or_review_queue,ORIENTATION_PROMOTION_BLOCKED_FOR_ACTIVE_COMPONENTS,PROJECTION_BLOCKED_RESIDUAL_BLIND_CAVEAT,MEMORY_CAUTION_CURRENT_READOUT_CONSISTENT_WITH_SOURCE_FLAGS,BLOCKED_ORIENTATION_NOT_READY,K_thick_flared,needs_distance_quality_or_scale_audit;needs_source_memory_flag_resolution;needs_vertical_velocity_field_or_warp_flare_source,False,False,True,False,False,inclusion_lane_expansion_audit_not_endpoint
UGC12506,holdout,K_exponential_disk,ACQUISITION_REQUIRED,source_acquisition_or_review_queue,ORIENTATION_PROMOTION_BLOCKED_FOR_ACTIVE_COMPONENTS,PROJECTION_ACCEPTANCE_READY_RESIDUAL_BLIND,MEMORY_BLOCKED_INVERSE_DIAGNOSTIC_NOT_ACCEPTED,BLOCKED_ORIENTATION_NOT_READY,K_thick_flared,needs_residual_blind_memory_history_source;needs_vertical_velocity_field_or_warp_flare_source,False,False,True,False,False,inclusion_lane_expansion_audit_not_endpoint
UGCA444,holdout,K_scale_tail_spiral,ACQUISITION_REQUIRED,source_acquisition_or_review_queue,ORIENTATION_PROMOTION_BLOCKED_FOR_ACTIVE_COMPONENTS,PROJECTION_ACCEPTANCE_READY_RESIDUAL_BLIND,MEMORY_BLOCKED_INVERSE_DIAGNOSTIC_NOT_ACCEPTED,BLOCKED_ORIENTATION_NOT_READY,K_thick_flared,needs_residual_blind_memory_history_source;needs_vertical_velocity_field_or_warp_flare_source,False,False,True,False,False,inclusion_lane_expansion_audit_not_endpoint
F561-1,holdout,K_scale_tail_spiral,CAUTION_READY_PROXY_SUPPORTED,support_lane_projection_caveat,ORIENTATION_PROMOTION_READY_FOR_ACTIVE_COMPONENTS,PROJECTION_BLOCKED_RESIDUAL_BLIND_CAVEAT,MEMORY_BLOCKED_INVERSE_DIAGNOSTIC_NOT_ACCEPTED,BLOCKED_PROJECTION_ACCEPTANCE,none,needs_projection_or_inclination_audit;needs_residual_blind_memory_history_source,False,True,False,False,False,inclusion_lane_expansion_audit_not_endpoint
F568-1,holdout,K_thick_flared,CAUTION_READY_PROXY_SUPPORTED,support_lane_projection_caveat,ORIENTATION_PROMOTION_READY_FOR_ACTIVE_COMPONENTS,PROJECTION_BLOCKED_RESIDUAL_BLIND_CAVEAT,MEMORY_BLOCKED_INVERSE_DIAGNOSTIC_NOT_ACCEPTED,BLOCKED_PROJECTION_ACCEPTANCE,none,needs_projection_geometry_source_review;needs_projection_or_inclination_audit;needs_residual_blind_memory_history_source,False,True,False,False,False,inclusion_lane_expansion_audit_not_endpoint
NGC0024,holdout,K_thick_flared,CAUTION_READY_PROXY_SUPPORTED,support_lane_projection_caveat,ORIENTATION_PROMOTION_READY_FOR_ACTIVE_COMPONENTS,PROJECTION_BLOCKED_RESIDUAL_BLIND_CAVEAT,MEMORY_BLOCKED_INVERSE_DIAGNOSTIC_NOT_ACCEPTED,BLOCKED_PROJECTION_ACCEPTANCE,none,needs_projection_geometry_source_review;needs_residual_blind_memory_history_source,False,True,False,False,False,inclusion_lane_expansion_audit_not_endpoint
NGC3726,holdout,K_thick_flared,CAUTION_READY_PROXY_SUPPORTED,support_lane_projection_caveat,ORIENTATION_PROMOTION_READY_FOR_ACTIVE_COMPONENTS,PROJECTION_BLOCKED_RESIDUAL_BLIND_CAVEAT,MEMORY_BLOCKED_INVERSE_DIAGNOSTIC_NOT_ACCEPTED,BLOCKED_PROJECTION_ACCEPTANCE,none,needs_projection_geometry_source_review;needs_residual_blind_memory_history_source,False,True,False,False,False,inclusion_lane_expansion_audit_not_endpoint
NGC3949,holdout,K_thick_flared,CAUTION_READY_PROXY_SUPPORTED,support_lane_projection_caveat,ORIENTATION_PROMOTION_READY_FOR_ACTIVE_COMPONENTS,PROJECTION_BLOCKED_RESIDUAL_BLIND_CAVEAT,MEMORY_BLOCKED_INVERSE_DIAGNOSTIC_NOT_ACCEPTED,BLOCKED_PROJECTION_ACCEPTANCE,none,needs_projection_geometry_source_review;needs_residual_blind_memory_history_source,False,True,False,False,False,inclusion_lane_expansion_audit_not_endpoint
NGC4088,holdout,K_thick_flared,CAUTION_READY_PROXY_SUPPORTED,support_lane_projection_caveat,ORIENTATION_PROMOTION_READY_FOR_ACTIVE_COMPONENTS,PROJECTION_BLOCKED_RESIDUAL_BLIND_CAVEAT,MEMORY_BLOCKED_INVERSE_DIAGNOSTIC_NOT_ACCEPTED,BLOCKED_PROJECTION_ACCEPTANCE,none,needs_projection_geometry_source_review;needs_residual_blind_memory_history_source,False,True,False,False,False,inclusion_lane_expansion_audit_not_endpoint
NGC4214,holdout,K_scale_tail_spiral,CAUTION_READY_PROXY_SUPPORTED,support_lane_projection_caveat,ORIENTATION_PROMOTION_READY_FOR_ACTIVE_COMPONENTS,PROJECTION_BLOCKED_RESIDUAL_BLIND_CAVEAT,MEMORY_CAUTION_CURRENT_READOUT_CONSISTENT_WITH_SOURCE_FLAGS,BLOCKED_PROJECTION_ACCEPTANCE,none,needs_projection_or_inclination_audit;needs_source_memory_flag_resolution,False,True,False,False,False,inclusion_lane_expansion_audit_not_endpoint
NGC4389,holdout,K_thick_flared,CAUTION_READY_PROXY_SUPPORTED,support_lane_projection_caveat,ORIENTATION_PROMOTION_READY_FOR_ACTIVE_COMPONENTS,PROJECTION_BLOCKED_RESIDUAL_BLIND_CAVEAT,MEMORY_BLOCKED_INVERSE_DIAGNOSTIC_NOT_ACCEPTED,BLOCKED_PROJECTION_ACCEPTANCE,none,needs_projection_geometry_source_review;needs_residual_blind_memory_history_source,False,True,False,False,False,inclusion_lane_expansion_audit_not_endpoint
NGC5985,holdout,K_compact_finite,CAUTION_READY_PROXY_SUPPORTED,support_lane_projection_caveat,ORIENTATION_PROMOTION_READY_FOR_ACTIVE_COMPONENTS,PROJECTION_BLOCKED_RESIDUAL_BLIND_CAVEAT,MEMORY_CAUTION_CURRENT_READOUT_CONSISTENT_WITH_SOURCE_FLAGS,BLOCKED_PROJECTION_ACCEPTANCE,none,needs_distance_quality_or_scale_audit;needs_source_memory_flag_resolution,False,True,False,False,False,inclusion_lane_expansion_audit_not_endpoint
NGC6946,holdout,K_compact_finite,CAUTION_READY_PROXY_SUPPORTED,support_lane_projection_caveat,ORIENTATION_PROMOTION_READY_FOR_ACTIVE_COMPONENTS,PROJECTION_BLOCKED_RESIDUAL_BLIND_CAVEAT,MEMORY_BLOCKED_INVERSE_DIAGNOSTIC_NOT_ACCEPTED,BLOCKED_PROJECTION_ACCEPTANCE,none,needs_distance_quality_or_scale_audit;needs_projection_or_inclination_audit;needs_residual_blind_memory_history_source,False,True,False,False,False,inclusion_lane_expansion_audit_not_endpoint
UGC02023,holdout,K_scale_tail_spiral,CAUTION_READY_PROXY_SUPPORTED,support_lane_projection_caveat,ORIENTATION_PROMOTION_READY_FOR_ACTIVE_COMPONENTS,PROJECTION_BLOCKED_RESIDUAL_BLIND_CAVEAT,MEMORY_BLOCKED_INVERSE_DIAGNOSTIC_NOT_ACCEPTED,BLOCKED_PROJECTION_ACCEPTANCE,none,needs_distance_quality_or_scale_audit;needs_manifest_confidence_review;needs_projection_or_inclination_audit;needs_residual_blind_memory_history_source,False,True,False,False,False,inclusion_lane_expansion_audit_not_endpoint
UGC03580,holdout,K_compact_finite,CAUTION_READY_PROXY_SUPPORTED,support_lane_projection_caveat,ORIENTATION_PROMOTION_READY_FOR_ACTIVE_COMPONENTS,PROJECTION_BLOCKED_RESIDUAL_BLIND_CAVEAT,MEMORY_BLOCKED_INVERSE_DIAGNOSTIC_NOT_ACCEPTED,BLOCKED_PROJECTION_ACCEPTANCE,none,needs_distance_quality_or_scale_audit;needs_residual_blind_memory_history_source,False,True,False,False,False,inclusion_lane_expansion_audit_not_endpoint
UGC06917,holdout,K_scale_tail_spiral,CAUTION_READY_PROXY_SUPPORTED,support_lane_memory_history_proxy,ORIENTATION_PROMOTION_READY_FOR_ACTIVE_COMPONENTS,PROJECTION_ACCEPTANCE_READY_RESIDUAL_BLIND,MEMORY_CAUTION_CURRENT_READOUT_CONSISTENT_WITH_SOURCE_FLAGS,BLOCKED_MEMORY_HISTORY_ACCEPTANCE,none,needs_source_memory_flag_resolution,False,True,False,False,False,inclusion_lane_expansion_audit_not_endpoint
UGC07261,holdout,K_exponential_disk,CAUTION_READY_PROXY_SUPPORTED,support_lane_projection_caveat,ORIENTATION_PROMOTION_READY_FOR_ACTIVE_COMPONENTS,PROJECTION_BLOCKED_RESIDUAL_BLIND_CAVEAT,MEMORY_BLOCKED_INVERSE_DIAGNOSTIC_NOT_ACCEPTED,BLOCKED_PROJECTION_ACCEPTANCE,none,needs_distance_quality_or_scale_audit;needs_manifest_confidence_review;needs_projection_or_inclination_audit;needs_residual_blind_memory_history_source,False,True,False,False,False,inclusion_lane_expansion_audit_not_endpoint
UGC07577,holdout,K_scale_tail_spiral,CAUTION_READY_PROXY_SUPPORTED,support_lane_memory_history_proxy,ORIENTATION_PROMOTION_READY_FOR_ACTIVE_COMPONENTS,PROJECTION_ACCEPTANCE_READY_RESIDUAL_BLIND,MEMORY_BLOCKED_INVERSE_DIAGNOSTIC_NOT_ACCEPTED,BLOCKED_MEMORY_HISTORY_ACCEPTANCE,none,needs_residual_blind_memory_history_source,False,True,False,False,False,inclusion_lane_expansion_audit_not_endpoint
UGC11914,holdout,K_compact_finite,CAUTION_READY_PROXY_SUPPORTED,support_lane_projection_caveat,ORIENTATION_PROMOTION_READY_FOR_ACTIVE_COMPONENTS,PROJECTION_BLOCKED_RESIDUAL_BLIND_CAVEAT,MEMORY_CAUTION_CURRENT_READOUT_CONSISTENT_WITH_SOURCE_FLAGS,BLOCKED_PROJECTION_ACCEPTANCE,none,needs_distance_quality_or_scale_audit;needs_projection_or_inclination_audit;needs_source_memory_flag_resolution,False,True,False,False,False,inclusion_lane_expansion_audit_not_endpoint
D512-2,train,K_scale_tail_spiral,ACQUISITION_REQUIRED,source_acquisition_or_review_queue,ORIENTATION_PROMOTION_BLOCKED_FOR_ACTIVE_COMPONENTS,PROJECTION_BLOCKED_RESIDUAL_BLIND_CAVEAT,MEMORY_BLOCKED_INVERSE_DIAGNOSTIC_NOT_ACCEPTED,BLOCKED_ORIENTATION_NOT_READY,K_compact_finite;K_exponential_disk;K_scale_tail_spiral;K_thick_flared,needs_distance_quality_or_scale_audit;needs_residual_blind_memory_history_source;needs_vertical_velocity_field_or_warp_flare_source,False,False,True,False,False,inclusion_lane_expansion_audit_not_endpoint
D564-8,train,K_scale_tail_spiral,ACQUISITION_REQUIRED,source_acquisition_or_review_queue,ORIENTATION_PROMOTION_BLOCKED_FOR_ACTIVE_COMPONENTS,PROJECTION_ACCEPTANCE_READY_RESIDUAL_BLIND,MEMORY_BLOCKED_INVERSE_DIAGNOSTIC_NOT_ACCEPTED,BLOCKED_ORIENTATION_NOT_READY,K_thick_flared,needs_residual_blind_memory_history_source;needs_vertical_velocity_field_or_warp_flare_source,False,False,True,False,False,inclusion_lane_expansion_audit_not_endpoint
D631-7,train,K_scale_tail_spiral,ACQUISITION_REQUIRED,source_acquisition_or_review_queue,ORIENTATION_PROMOTION_BLOCKED_FOR_ACTIVE_COMPONENTS,PROJECTION_ACCEPTANCE_READY_RESIDUAL_BLIND,MEMORY_BLOCKED_INVERSE_DIAGNOSTIC_NOT_ACCEPTED,BLOCKED_ORIENTATION_NOT_READY,K_thick_flared,needs_residual_blind_memory_history_source;needs_vertical_velocity_field_or_warp_flare_source,False,False,True,False,False,inclusion_lane_expansion_audit_not_endpoint
DDO154,train,K_scale_tail_spiral,ACQUISITION_REQUIRED,source_acquisition_or_review_queue,ORIENTATION_PROMOTION_BLOCKED_FOR_ACTIVE_COMPONENTS,PROJECTION_ACCEPTANCE_READY_RESIDUAL_BLIND,MEMORY_CAUTION_CURRENT_READOUT_CONSISTENT_WITH_SOURCE_FLAGS,BLOCKED_ORIENTATION_NOT_READY,K_thick_flared,needs_source_memory_flag_resolution;needs_vertical_velocity_field_or_warp_flare_source,False,False,True,False,False,inclusion_lane_expansion_audit_not_endpoint
DDO161,train,K_scale_tail_spiral,ACQUISITION_REQUIRED,source_acquisition_or_review_queue,ORIENTATION_PROMOTION_BLOCKED_FOR_ACTIVE_COMPONENTS,PROJECTION_BLOCKED_RESIDUAL_BLIND_CAVEAT,MEMORY_BLOCKED_INVERSE_DIAGNOSTIC_NOT_ACCEPTED,BLOCKED_ORIENTATION_NOT_READY,K_thick_flared,needs_distance_quality_or_scale_audit;needs_residual_blind_memory_history_source;needs_vertical_velocity_field_or_warp_flare_source,False,False,True,False,False,inclusion_lane_expansion_audit_not_endpoint
DDO168,train,K_scale_tail_spiral,ACQUISITION_REQUIRED,source_acquisition_or_review_queue,ORIENTATION_PROMOTION_BLOCKED_FOR_ACTIVE_COMPONENTS,PROJECTION_ACCEPTANCE_READY_RESIDUAL_BLIND,MEMORY_BLOCKED_INVERSE_DIAGNOSTIC_NOT_ACCEPTED,BLOCKED_ORIENTATION_NOT_READY,K_thick_flared,needs_residual_blind_memory_history_source;needs_vertical_velocity_field_or_warp_flare_source,False,False,True,False,False,inclusion_lane_expansion_audit_not_endpoint
DDO170,train,K_scale_tail_spiral,ACQUISITION_REQUIRED,source_acquisition_or_review_queue,ORIENTATION_PROMOTION_BLOCKED_FOR_ACTIVE_COMPONENTS,PROJECTION_BLOCKED_RESIDUAL_BLIND_CAVEAT,MEMORY_BLOCKED_INVERSE_DIAGNOSTIC_NOT_ACCEPTED,BLOCKED_ORIENTATION_NOT_READY,K_thick_flared,needs_distance_quality_or_scale_audit;needs_residual_blind_memory_history_source;needs_vertical_velocity_field_or_warp_flare_source,False,False,True,False,False,inclusion_lane_expansion_audit_not_endpoint
ESO079-G014,train,K_thick_flared,ACQUISITION_REQUIRED,source_acquisition_or_review_queue,ORIENTATION_PROMOTION_BLOCKED_FOR_ACTIVE_COMPONENTS,PROJECTION_BLOCKED_RESIDUAL_BLIND_CAVEAT,MEMORY_BLOCKED_INVERSE_DIAGNOSTIC_NOT_ACCEPTED,BLOCKED_ORIENTATION_NOT_READY,K_thick_flared,needs_distance_quality_or_scale_audit;needs_projection_geometry_source_review;needs_residual_blind_memory_history_source;needs_vertical_velocity_field_or_warp_flare_source,False,False,True,False,False,inclusion_lane_expansion_audit_not_endpoint
ESO444-G084,train,K_scale_tail_spiral,ACQUISITION_REQUIRED,source_acquisition_or_review_queue,ORIENTATION_PROMOTION_BLOCKED_FOR_ACTIVE_COMPONENTS,PROJECTION_BLOCKED_RESIDUAL_BLIND_CAVEAT,MEMORY_CAUTION_CURRENT_READOUT_CONSISTENT_WITH_SOURCE_FLAGS,BLOCKED_ORIENTATION_NOT_READY,K_thick_flared,needs_projection_or_inclination_audit;needs_source_memory_flag_resolution;needs_vertical_velocity_field_or_warp_flare_source,False,False,True,False,False,inclusion_lane_expansion_audit_not_endpoint
ESO563-G021,train,K_thick_flared,ACQUISITION_REQUIRED,source_acquisition_or_review_queue,ORIENTATION_PROMOTION_BLOCKED_FOR_ACTIVE_COMPONENTS,PROJECTION_BLOCKED_RESIDUAL_BLIND_CAVEAT,MEMORY_BLOCKED_INVERSE_DIAGNOSTIC_NOT_ACCEPTED,BLOCKED_ORIENTATION_NOT_READY,K_thick_flared,needs_projection_geometry_source_review;needs_residual_blind_memory_history_source;needs_vertical_velocity_field_or_warp_flare_source,False,False,True,False,False,inclusion_lane_expansion_audit_not_endpoint
F563-V1,train,K_scale_tail_spiral,ACQUISITION_REQUIRED,source_acquisition_or_review_queue,ORIENTATION_PROMOTION_BLOCKED_FOR_ACTIVE_COMPONENTS,PROJECTION_ACCEPTANCE_READY_RESIDUAL_BLIND,MEMORY_BLOCKED_INVERSE_DIAGNOSTIC_NOT_ACCEPTED,BLOCKED_ORIENTATION_NOT_READY,K_thick_flared,needs_residual_blind_memory_history_source;needs_vertical_velocity_field_or_warp_flare_source,False,False,True,False,False,inclusion_lane_expansion_audit_not_endpoint
F563-V2,train,K_scale_tail_spiral,ACQUISITION_REQUIRED,source_acquisition_or_review_queue,ORIENTATION_PROMOTION_BLOCKED_FOR_ACTIVE_COMPONENTS,PROJECTION_BLOCKED_RESIDUAL_BLIND_CAVEAT,MEMORY_CAUTION_CURRENT_READOUT_CONSISTENT_WITH_SOURCE_FLAGS,BLOCKED_ORIENTATION_NOT_READY,K_thick_flared,needs_projection_or_inclination_audit;needs_source_memory_flag_resolution;needs_vertical_velocity_field_or_warp_flare_source,False,False,True,False,False,inclusion_lane_expansion_audit_not_endpoint
F565-V2,train,K_scale_tail_spiral,ACQUISITION_REQUIRED,source_acquisition_or_review_queue,ORIENTATION_PROMOTION_BLOCKED_FOR_ACTIVE_COMPONENTS,PROJECTION_BLOCKED_RESIDUAL_BLIND_CAVEAT,MEMORY_CAUTION_CURRENT_READOUT_CONSISTENT_WITH_SOURCE_FLAGS,BLOCKED_ORIENTATION_NOT_READY,K_thick_flared,needs_distance_quality_or_scale_audit;needs_source_memory_flag_resolution;needs_vertical_velocity_field_or_warp_flare_source,False,False,True,False,False,inclusion_lane_expansion_audit_not_endpoint
F571-8,train,K_thick_flared,ACQUISITION_REQUIRED,source_acquisition_or_review_queue,ORIENTATION_PROMOTION_BLOCKED_FOR_ACTIVE_COMPONENTS,PROJECTION_BLOCKED_RESIDUAL_BLIND_CAVEAT,MEMORY_BLOCKED_INVERSE_DIAGNOSTIC_NOT_ACCEPTED,BLOCKED_ORIENTATION_NOT_READY,K_thick_flared,needs_distance_quality_or_scale_audit;needs_projection_geometry_source_review;needs_residual_blind_memory_history_source;needs_vertical_velocity_field_or_warp_flare_source,False,False,True,False,False,inclusion_lane_expansion_audit_not_endpoint
F571-V1,train,K_scale_tail_spiral,ACQUISITION_REQUIRED,source_acquisition_or_review_queue,ORIENTATION_PROMOTION_BLOCKED_FOR_ACTIVE_COMPONENTS,PROJECTION_BLOCKED_RESIDUAL_BLIND_CAVEAT,MEMORY_CAUTION_CURRENT_READOUT_CONSISTENT_WITH_SOURCE_FLAGS,BLOCKED_ORIENTATION_NOT_READY,K_thick_flared,needs_projection_or_inclination_audit;needs_source_memory_flag_resolution;needs_vertical_velocity_field_or_warp_flare_source,False,False,True,False,False,inclusion_lane_expansion_audit_not_endpoint
KK98-251,train,K_scale_tail_spiral,ACQUISITION_REQUIRED,source_acquisition_or_review_queue,ORIENTATION_PROMOTION_BLOCKED_FOR_ACTIVE_COMPONENTS,PROJECTION_BLOCKED_RESIDUAL_BLIND_CAVEAT,MEMORY_BLOCKED_INVERSE_DIAGNOSTIC_NOT_ACCEPTED,BLOCKED_ORIENTATION_NOT_READY,K_thick_flared,needs_distance_quality_or_scale_audit;needs_residual_blind_memory_history_source;needs_vertical_velocity_field_or_warp_flare_source,False,False,True,False,False,inclusion_lane_expansion_audit_not_endpoint
NGC0055,train,K_scale_tail_spiral,ACQUISITION_REQUIRED,source_acquisition_or_review_queue,ORIENTATION_PROMOTION_BLOCKED_FOR_ACTIVE_COMPONENTS,PROJECTION_ACCEPTANCE_READY_RESIDUAL_BLIND,MEMORY_BLOCKED_INVERSE_DIAGNOSTIC_NOT_ACCEPTED,BLOCKED_ORIENTATION_NOT_READY,K_thick_flared,needs_residual_blind_memory_history_source;needs_vertical_velocity_field_or_warp_flare_source,False,False,True,False,False,inclusion_lane_expansion_audit_not_endpoint
NGC0100,train,K_exponential_disk,ACQUISITION_REQUIRED,source_acquisition_or_review_queue,ORIENTATION_PROMOTION_BLOCKED_FOR_ACTIVE_COMPONENTS,PROJECTION_BLOCKED_RESIDUAL_BLIND_CAVEAT,MEMORY_BLOCKED_INVERSE_DIAGNOSTIC_NOT_ACCEPTED,BLOCKED_ORIENTATION_NOT_READY,K_thick_flared,needs_distance_quality_or_scale_audit;needs_residual_blind_memory_history_source;needs_vertical_velocity_field_or_warp_flare_source,False,False,True,False,False,inclusion_lane_expansion_audit_not_endpoint
NGC0247,train,K_exponential_disk,ACQUISITION_REQUIRED,source_acquisition_or_review_queue,ORIENTATION_PROMOTION_BLOCKED_FOR_ACTIVE_COMPONENTS,PROJECTION_ACCEPTANCE_READY_RESIDUAL_BLIND,MEMORY_BLOCKED_INVERSE_DIAGNOSTIC_NOT_ACCEPTED,BLOCKED_ORIENTATION_NOT_READY,K_thick_flared,needs_residual_blind_memory_history_source;needs_vertical_velocity_field_or_warp_flare_source,False,False,True,False,False,inclusion_lane_expansion_audit_not_endpoint
NGC0289,train,K_thick_flared,ACQUISITION_REQUIRED,source_acquisition_or_review_queue,ORIENTATION_PROMOTION_BLOCKED_FOR_ACTIVE_COMPONENTS,PROJECTION_BLOCKED_RESIDUAL_BLIND_CAVEAT,MEMORY_BLOCKED_INVERSE_DIAGNOSTIC_NOT_ACCEPTED,BLOCKED_ORIENTATION_NOT_READY,K_thick_flared,needs_distance_quality_or_scale_audit;needs_projection_geometry_source_review;needs_residual_blind_memory_history_source;needs_vertical_velocity_field_or_warp_flare_source,False,False,True,False,False,inclusion_lane_expansion_audit_not_endpoint
NGC0801,train,K_thick_flared,ACQUISITION_REQUIRED,source_acquisition_or_review_queue,ORIENTATION_PROMOTION_BLOCKED_FOR_ACTIVE_COMPONENTS,PROJECTION_BLOCKED_RESIDUAL_BLIND_CAVEAT,MEMORY_BLOCKED_INVERSE_DIAGNOSTIC_NOT_ACCEPTED,BLOCKED_ORIENTATION_NOT_READY,K_thick_flared,needs_projection_geometry_source_review;needs_residual_blind_memory_history_source;needs_vertical_velocity_field_or_warp_flare_source,False,False,True,False,False,inclusion_lane_expansion_audit_not_endpoint
NGC0891,train,K_compact_finite,ACQUISITION_REQUIRED,source_acquisition_or_review_queue,ORIENTATION_PROMOTION_BLOCKED_FOR_ACTIVE_COMPONENTS,PROJECTION_ACCEPTANCE_READY_RESIDUAL_BLIND,MEMORY_BLOCKED_INVERSE_DIAGNOSTIC_NOT_ACCEPTED,BLOCKED_ORIENTATION_NOT_READY,K_thick_flared,needs_residual_blind_memory_history_source;needs_vertical_velocity_field_or_warp_flare_source,False,False,True,False,False,inclusion_lane_expansion_audit_not_endpoint
NGC1003,train,K_scale_tail_spiral,ACQUISITION_REQUIRED,source_acquisition_or_review_queue,ORIENTATION_PROMOTION_BLOCKED_FOR_ACTIVE_COMPONENTS,PROJECTION_BLOCKED_RESIDUAL_BLIND_CAVEAT,MEMORY_CAUTION_CURRENT_READOUT_CONSISTENT_WITH_SOURCE_FLAGS,BLOCKED_ORIENTATION_NOT_READY,K_thick_flared,needs_distance_quality_or_scale_audit;needs_source_memory_flag_resolution;needs_vertical_velocity_field_or_warp_flare_source,False,False,True,False,False,inclusion_lane_expansion_audit_not_endpoint
NGC1705,train,K_scale_tail_spiral,ACQUISITION_REQUIRED,source_acquisition_or_review_queue,ORIENTATION_PROMOTION_BLOCKED_FOR_ACTIVE_COMPONENTS,PROJECTION_ACCEPTANCE_READY_RESIDUAL_BLIND,MEMORY_CAUTION_CURRENT_READOUT_CONSISTENT_WITH_SOURCE_FLAGS,BLOCKED_ORIENTATION_NOT_READY,K_thick_flared,needs_source_memory_flag_resolution;needs_vertical_velocity_field_or_warp_flare_source,False,False,True,False,False,inclusion_lane_expansion_audit_not_endpoint
NGC2366,train,K_scale_tail_spiral,ACQUISITION_REQUIRED,source_acquisition_or_review_queue,ORIENTATION_PROMOTION_BLOCKED_FOR_ACTIVE_COMPONENTS,PROJECTION_ACCEPTANCE_READY_RESIDUAL_BLIND,MEMORY_BLOCKED_INVERSE_DIAGNOSTIC_NOT_ACCEPTED,BLOCKED_ORIENTATION_NOT_READY,K_thick_flared,needs_residual_blind_memory_history_source;needs_vertical_velocity_field_or_warp_flare_source,False,False,True,False,False,inclusion_lane_expansion_audit_not_endpoint
NGC2841,train,K_compact_finite,ACQUISITION_REQUIRED,source_acquisition_or_review_queue,ORIENTATION_PROMOTION_BLOCKED_FOR_ACTIVE_COMPONENTS,PROJECTION_ACCEPTANCE_READY_RESIDUAL_BLIND,MEMORY_CAUTION_CURRENT_READOUT_CONSISTENT_WITH_SOURCE_FLAGS,BLOCKED_ORIENTATION_NOT_READY,K_thick_flared,needs_source_memory_flag_resolution;needs_vertical_velocity_field_or_warp_flare_source,False,False,True,False,False,inclusion_lane_expansion_audit_not_endpoint
NGC2915,train,K_scale_tail_spiral,ACQUISITION_REQUIRED,source_acquisition_or_review_queue,ORIENTATION_PROMOTION_BLOCKED_FOR_ACTIVE_COMPONENTS,PROJECTION_ACCEPTANCE_READY_RESIDUAL_BLIND,MEMORY_CAUTION_CURRENT_READOUT_CONSISTENT_WITH_SOURCE_FLAGS,BLOCKED_ORIENTATION_NOT_READY,K_thick_flared,needs_source_memory_flag_resolution;needs_vertical_velocity_field_or_warp_flare_source,False,False,True,False,False,inclusion_lane_expansion_audit_not_endpoint
NGC3109,train,K_scale_tail_spiral,ACQUISITION_REQUIRED,source_acquisition_or_review_queue,ORIENTATION_PROMOTION_BLOCKED_FOR_ACTIVE_COMPONENTS,PROJECTION_ACCEPTANCE_READY_RESIDUAL_BLIND,MEMORY_CAUTION_CURRENT_READOUT_CONSISTENT_WITH_SOURCE_FLAGS,BLOCKED_ORIENTATION_NOT_READY,K_thick_flared,needs_source_memory_flag_resolution;needs_vertical_velocity_field_or_warp_flare_source,False,False,True,False,False,inclusion_lane_expansion_audit_not_endpoint
NGC3198,train,K_thick_flared,ACQUISITION_REQUIRED,source_acquisition_or_review_queue,ORIENTATION_PROMOTION_BLOCKED_FOR_ACTIVE_COMPONENTS,PROJECTION_BLOCKED_RESIDUAL_BLIND_CAVEAT,MEMORY_CAUTION_CURRENT_READOUT_CONSISTENT_WITH_SOURCE_FLAGS,BLOCKED_ORIENTATION_NOT_READY,K_thick_flared,needs_projection_geometry_source_review;needs_source_memory_flag_resolution;needs_vertical_velocity_field_or_warp_flare_source,False,False,True,False,False,inclusion_lane_expansion_audit_not_endpoint
NGC3521,train,K_thick_flared,ACQUISITION_REQUIRED,source_acquisition_or_review_queue,ORIENTATION_PROMOTION_BLOCKED_FOR_ACTIVE_COMPONENTS,PROJECTION_BLOCKED_RESIDUAL_BLIND_CAVEAT,MEMORY_BLOCKED_INVERSE_DIAGNOSTIC_NOT_ACCEPTED,BLOCKED_ORIENTATION_NOT_READY,K_thick_flared,needs_distance_quality_or_scale_audit;needs_projection_geometry_source_review;needs_residual_blind_memory_history_source;needs_vertical_velocity_field_or_warp_flare_source,False,False,True,False,False,inclusion_lane_expansion_audit_not_endpoint
NGC3741,train,K_scale_tail_spiral,ACQUISITION_REQUIRED,source_acquisition_or_review_queue,ORIENTATION_PROMOTION_BLOCKED_FOR_ACTIVE_COMPONENTS,PROJECTION_ACCEPTANCE_READY_RESIDUAL_BLIND,MEMORY_CAUTION_CURRENT_READOUT_CONSISTENT_WITH_SOURCE_FLAGS,BLOCKED_ORIENTATION_NOT_READY,K_thick_flared,needs_source_memory_flag_resolution;needs_vertical_velocity_field_or_warp_flare_source,False,False,True,False,False,inclusion_lane_expansion_audit_not_endpoint
NGC3769,train,K_thick_flared,ACQUISITION_REQUIRED,source_acquisition_or_review_queue,ORIENTATION_PROMOTION_BLOCKED_FOR_ACTIVE_COMPONENTS,PROJECTION_BLOCKED_RESIDUAL_BLIND_CAVEAT,MEMORY_BLOCKED_INVERSE_DIAGNOSTIC_NOT_ACCEPTED,BLOCKED_ORIENTATION_NOT_READY,K_thick_flared,needs_projection_geometry_source_review;needs_residual_blind_memory_history_source;needs_vertical_velocity_field_or_warp_flare_source,False,False,True,False,False,inclusion_lane_expansion_audit_not_endpoint
NGC3877,train,K_thick_flared,ACQUISITION_REQUIRED,source_acquisition_or_review_queue,ORIENTATION_PROMOTION_BLOCKED_FOR_ACTIVE_COMPONENTS,PROJECTION_BLOCKED_RESIDUAL_BLIND_CAVEAT,MEMORY_BLOCKED_INVERSE_DIAGNOSTIC_NOT_ACCEPTED,BLOCKED_ORIENTATION_NOT_READY,K_thick_flared,needs_projection_geometry_source_review;needs_residual_blind_memory_history_source;needs_vertical_velocity_field_or_warp_flare_source,False,False,True,False,False,inclusion_lane_expansion_audit_not_endpoint
NGC3917,train,K_exponential_disk,ACQUISITION_REQUIRED,source_acquisition_or_review_queue,ORIENTATION_PROMOTION_BLOCKED_FOR_ACTIVE_COMPONENTS,PROJECTION_ACCEPTANCE_READY_RESIDUAL_BLIND,MEMORY_BLOCKED_INVERSE_DIAGNOSTIC_NOT_ACCEPTED,BLOCKED_ORIENTATION_NOT_READY,K_thick_flared,needs_residual_blind_memory_history_source;needs_vertical_velocity_field_or_warp_flare_source,False,False,True,False,False,inclusion_lane_expansion_audit_not_endpoint
NGC4010,train,K_exponential_disk,ACQUISITION_REQUIRED,source_acquisition_or_review_queue,ORIENTATION_PROMOTION_BLOCKED_FOR_ACTIVE_COMPONENTS,PROJECTION_ACCEPTANCE_READY_RESIDUAL_BLIND,MEMORY_CAUTION_CURRENT_READOUT_CONSISTENT_WITH_SOURCE_FLAGS,BLOCKED_ORIENTATION_NOT_READY,K_thick_flared,needs_source_memory_flag_resolution;needs_vertical_velocity_field_or_warp_flare_source,False,False,True,False,False,inclusion_lane_expansion_audit_not_endpoint
NGC4068,train,K_scale_tail_spiral,ACQUISITION_REQUIRED,source_acquisition_or_review_queue,ORIENTATION_PROMOTION_BLOCKED_FOR_ACTIVE_COMPONENTS,PROJECTION_ACCEPTANCE_READY_RESIDUAL_BLIND,MEMORY_BLOCKED_INVERSE_DIAGNOSTIC_NOT_ACCEPTED,BLOCKED_ORIENTATION_NOT_READY,K_thick_flared,needs_residual_blind_memory_history_source;needs_vertical_velocity_field_or_warp_flare_source,False,False,True,False,False,inclusion_lane_expansion_audit_not_endpoint
NGC4085,train,K_thick_flared,ACQUISITION_REQUIRED,source_acquisition_or_review_queue,ORIENTATION_PROMOTION_BLOCKED_FOR_ACTIVE_COMPONENTS,PROJECTION_BLOCKED_RESIDUAL_BLIND_CAVEAT,MEMORY_BLOCKED_INVERSE_DIAGNOSTIC_NOT_ACCEPTED,BLOCKED_ORIENTATION_NOT_READY,K_thick_flared,needs_projection_geometry_source_review;needs_residual_blind_memory_history_source;needs_vertical_velocity_field_or_warp_flare_source,False,False,True,False,False,inclusion_lane_expansion_audit_not_endpoint
NGC4100,train,K_thick_flared,ACQUISITION_REQUIRED,source_acquisition_or_review_queue,ORIENTATION_PROMOTION_BLOCKED_FOR_ACTIVE_COMPONENTS,PROJECTION_BLOCKED_RESIDUAL_BLIND_CAVEAT,MEMORY_BLOCKED_INVERSE_DIAGNOSTIC_NOT_ACCEPTED,BLOCKED_ORIENTATION_NOT_READY,K_thick_flared,needs_projection_geometry_source_review;needs_residual_blind_memory_history_source;needs_vertical_velocity_field_or_warp_flare_source,False,False,True,False,False,inclusion_lane_expansion_audit_not_endpoint
NGC4157,train,K_thick_flared,ACQUISITION_REQUIRED,source_acquisition_or_review_queue,ORIENTATION_PROMOTION_BLOCKED_FOR_ACTIVE_COMPONENTS,PROJECTION_BLOCKED_RESIDUAL_BLIND_CAVEAT,MEMORY_BLOCKED_INVERSE_DIAGNOSTIC_NOT_ACCEPTED,BLOCKED_ORIENTATION_NOT_READY,K_thick_flared,needs_projection_geometry_source_review;needs_residual_blind_memory_history_source;needs_vertical_velocity_field_or_warp_flare_source,False,False,True,False,False,inclusion_lane_expansion_audit_not_endpoint
NGC4217,train,K_compact_finite,ACQUISITION_REQUIRED,source_acquisition_or_review_queue,ORIENTATION_PROMOTION_BLOCKED_FOR_ACTIVE_COMPONENTS,PROJECTION_ACCEPTANCE_READY_RESIDUAL_BLIND,MEMORY_BLOCKED_INVERSE_DIAGNOSTIC_NOT_ACCEPTED,BLOCKED_ORIENTATION_NOT_READY,K_thick_flared,needs_residual_blind_memory_history_source;needs_vertical_velocity_field_or_warp_flare_source,False,False,True,False,False,inclusion_lane_expansion_audit_not_endpoint
NGC6503,train,K_exponential_disk,ACQUISITION_REQUIRED,source_acquisition_or_review_queue,ORIENTATION_PROMOTION_BLOCKED_FOR_ACTIVE_COMPONENTS,PROJECTION_ACCEPTANCE_READY_RESIDUAL_BLIND,MEMORY_BLOCKED_INVERSE_DIAGNOSTIC_NOT_ACCEPTED,BLOCKED_ORIENTATION_NOT_READY,K_thick_flared,needs_residual_blind_memory_history_source;needs_vertical_velocity_field_or_warp_flare_source,False,False,True,False,False,inclusion_lane_expansion_audit_not_endpoint
NGC7814,train,K_compact_finite,ACQUISITION_REQUIRED,source_acquisition_or_review_queue,ORIENTATION_PROMOTION_BLOCKED_FOR_ACTIVE_COMPONENTS,PROJECTION_ACCEPTANCE_READY_RESIDUAL_BLIND,MEMORY_CAUTION_CURRENT_READOUT_CONSISTENT_WITH_SOURCE_FLAGS,BLOCKED_ORIENTATION_NOT_READY,K_thick_flared,needs_source_memory_flag_resolution;needs_vertical_velocity_field_or_warp_flare_source,False,False,True,False,False,inclusion_lane_expansion_audit_not_endpoint
PGC51017,train,K_scale_tail_spiral,ACQUISITION_REQUIRED,source_acquisition_or_review_queue,ORIENTATION_PROMOTION_BLOCKED_FOR_ACTIVE_COMPONENTS,PROJECTION_ACCEPTANCE_READY_RESIDUAL_BLIND,MEMORY_BLOCKED_INVERSE_DIAGNOSTIC_NOT_ACCEPTED,BLOCKED_ORIENTATION_NOT_READY,K_thick_flared,needs_residual_blind_memory_history_source;needs_vertical_velocity_field_or_warp_flare_source,False,False,True,False,False,inclusion_lane_expansion_audit_not_endpoint
UGC00128,train,K_scale_tail_spiral,ACQUISITION_REQUIRED,source_acquisition_or_review_queue,ORIENTATION_PROMOTION_BLOCKED_FOR_ACTIVE_COMPONENTS,PROJECTION_ACCEPTANCE_READY_RESIDUAL_BLIND,MEMORY_BLOCKED_INVERSE_DIAGNOSTIC_NOT_ACCEPTED,BLOCKED_ORIENTATION_NOT_READY,K_thick_flared,needs_residual_blind_memory_history_source;needs_vertical_velocity_field_or_warp_flare_source,False,False,True,False,False,inclusion_lane_expansion_audit_not_endpoint
UGC00634,train,K_scale_tail_spiral,ACQUISITION_REQUIRED,source_acquisition_or_review_queue,ORIENTATION_PROMOTION_BLOCKED_FOR_ACTIVE_COMPONENTS,PROJECTION_BLOCKED_RESIDUAL_BLIND_CAVEAT,MEMORY_CAUTION_CURRENT_READOUT_CONSISTENT_WITH_SOURCE_FLAGS,BLOCKED_ORIENTATION_NOT_READY,K_thick_flared,needs_distance_quality_or_scale_audit;needs_manifest_confidence_review;needs_projection_or_inclination_audit;needs_source_memory_flag_resolution;needs_vertical_velocity_field_or_warp_flare_source,False,False,True,False,False,inclusion_lane_expansion_audit_not_endpoint
UGC01230,train,K_scale_tail_spiral,ACQUISITION_REQUIRED,source_acquisition_or_review_queue,ORIENTATION_PROMOTION_BLOCKED_FOR_ACTIVE_COMPONENTS,PROJECTION_BLOCKED_RESIDUAL_BLIND_CAVEAT,MEMORY_CAUTION_CURRENT_READOUT_CONSISTENT_WITH_SOURCE_FLAGS,BLOCKED_ORIENTATION_NOT_READY,K_thick_flared,needs_projection_or_inclination_audit;needs_source_memory_flag_resolution;needs_vertical_velocity_field_or_warp_flare_source,False,False,True,False,False,inclusion_lane_expansion_audit_not_endpoint
UGC01281,train,K_exponential_disk,ACQUISITION_REQUIRED,source_acquisition_or_review_queue,ORIENTATION_PROMOTION_BLOCKED_FOR_ACTIVE_COMPONENTS,PROJECTION_ACCEPTANCE_READY_RESIDUAL_BLIND,MEMORY_BLOCKED_INVERSE_DIAGNOSTIC_NOT_ACCEPTED,BLOCKED_ORIENTATION_NOT_READY,K_thick_flared,needs_residual_blind_memory_history_source;needs_vertical_velocity_field_or_warp_flare_source,False,False,True,False,False,inclusion_lane_expansion_audit_not_endpoint
UGC04278,train,K_exponential_disk,ACQUISITION_REQUIRED,source_acquisition_or_review_queue,ORIENTATION_PROMOTION_BLOCKED_FOR_ACTIVE_COMPONENTS,PROJECTION_BLOCKED_RESIDUAL_BLIND_CAVEAT,MEMORY_BLOCKED_INVERSE_DIAGNOSTIC_NOT_ACCEPTED,BLOCKED_ORIENTATION_NOT_READY,K_thick_flared,needs_distance_quality_or_scale_audit;needs_residual_blind_memory_history_source;needs_vertical_velocity_field_or_warp_flare_source,False,False,True,False,False,inclusion_lane_expansion_audit_not_endpoint
UGC04483,train,K_scale_tail_spiral,ACQUISITION_REQUIRED,source_acquisition_or_review_queue,ORIENTATION_PROMOTION_BLOCKED_FOR_ACTIVE_COMPONENTS,PROJECTION_ACCEPTANCE_READY_RESIDUAL_BLIND,MEMORY_BLOCKED_INVERSE_DIAGNOSTIC_NOT_ACCEPTED,BLOCKED_ORIENTATION_NOT_READY,K_thick_flared,needs_residual_blind_memory_history_source;needs_vertical_velocity_field_or_warp_flare_source,False,False,True,False,False,inclusion_lane_expansion_audit_not_endpoint
UGC05005,train,K_scale_tail_spiral,ACQUISITION_REQUIRED,source_acquisition_or_review_queue,ORIENTATION_PROMOTION_BLOCKED_FOR_ACTIVE_COMPONENTS,PROJECTION_ACCEPTANCE_READY_RESIDUAL_BLIND,MEMORY_BLOCKED_INVERSE_DIAGNOSTIC_NOT_ACCEPTED,BLOCKED_ORIENTATION_NOT_READY,K_thick_flared,needs_residual_blind_memory_history_source;needs_vertical_velocity_field_or_warp_flare_source,False,False,True,False,False,inclusion_lane_expansion_audit_not_endpoint
UGC05721,train,K_scale_tail_spiral,ACQUISITION_REQUIRED,source_acquisition_or_review_queue,ORIENTATION_PROMOTION_BLOCKED_FOR_ACTIVE_COMPONENTS,PROJECTION_BLOCKED_RESIDUAL_BLIND_CAVEAT,MEMORY_CAUTION_CURRENT_READOUT_CONSISTENT_WITH_SOURCE_FLAGS,BLOCKED_ORIENTATION_NOT_READY,K_thick_flared,needs_distance_quality_or_scale_audit;needs_source_memory_flag_resolution;needs_vertical_velocity_field_or_warp_flare_source,False,False,True,False,False,inclusion_lane_expansion_audit_not_endpoint
UGC05750,train,K_exponential_disk,ACQUISITION_REQUIRED,source_acquisition_or_review_queue,ORIENTATION_PROMOTION_BLOCKED_FOR_ACTIVE_COMPONENTS,PROJECTION_ACCEPTANCE_READY_RESIDUAL_BLIND,MEMORY_NOT_REQUIRED_CURRENT_READOUT_CONSISTENT,BLOCKED_ORIENTATION_NOT_READY,K_thick_flared,needs_vertical_velocity_field_or_warp_flare_source,False,False,True,False,False,inclusion_lane_expansion_audit_not_endpoint
UGC05764,train,K_scale_tail_spiral,ACQUISITION_REQUIRED,source_acquisition_or_review_queue,ORIENTATION_PROMOTION_BLOCKED_FOR_ACTIVE_COMPONENTS,PROJECTION_BLOCKED_RESIDUAL_BLIND_CAVEAT,MEMORY_CAUTION_CURRENT_READOUT_CONSISTENT_WITH_SOURCE_FLAGS,BLOCKED_ORIENTATION_NOT_READY,K_thick_flared,needs_distance_quality_or_scale_audit;needs_source_memory_flag_resolution;needs_vertical_velocity_field_or_warp_flare_source,False,False,True,False,False,inclusion_lane_expansion_audit_not_endpoint
UGC05918,train,K_scale_tail_spiral,ACQUISITION_REQUIRED,source_acquisition_or_review_queue,ORIENTATION_PROMOTION_BLOCKED_FOR_ACTIVE_COMPONENTS,PROJECTION_BLOCKED_RESIDUAL_BLIND_CAVEAT,MEMORY_CAUTION_CURRENT_READOUT_CONSISTENT_WITH_SOURCE_FLAGS,BLOCKED_ORIENTATION_NOT_READY,K_thick_flared,needs_distance_quality_or_scale_audit;needs_source_memory_flag_resolution;needs_vertical_velocity_field_or_warp_flare_source,False,False,True,False,False,inclusion_lane_expansion_audit_not_endpoint
UGC05999,train,K_scale_tail_spiral,ACQUISITION_REQUIRED,source_acquisition_or_review_queue,ORIENTATION_PROMOTION_BLOCKED_FOR_ACTIVE_COMPONENTS,PROJECTION_BLOCKED_RESIDUAL_BLIND_CAVEAT,MEMORY_BLOCKED_INVERSE_DIAGNOSTIC_NOT_ACCEPTED,BLOCKED_ORIENTATION_NOT_READY,K_thick_flared,needs_projection_or_inclination_audit;needs_residual_blind_memory_history_source;needs_vertical_velocity_field_or_warp_flare_source,False,False,True,False,False,inclusion_lane_expansion_audit_not_endpoint
UGC06399,train,K_scale_tail_spiral,ACQUISITION_REQUIRED,source_acquisition_or_review_queue,ORIENTATION_PROMOTION_BLOCKED_FOR_ACTIVE_COMPONENTS,PROJECTION_ACCEPTANCE_READY_RESIDUAL_BLIND,MEMORY_CAUTION_CURRENT_READOUT_CONSISTENT_WITH_SOURCE_FLAGS,BLOCKED_ORIENTATION_NOT_READY,K_thick_flared,needs_source_memory_flag_resolution;needs_vertical_velocity_field_or_warp_flare_source,False,False,True,False,False,inclusion_lane_expansion_audit_not_endpoint
UGC06446,train,K_scale_tail_spiral,ACQUISITION_REQUIRED,source_acquisition_or_review_queue,ORIENTATION_PROMOTION_BLOCKED_FOR_ACTIVE_COMPONENTS,PROJECTION_BLOCKED_RESIDUAL_BLIND_CAVEAT,MEMORY_CAUTION_CURRENT_READOUT_CONSISTENT_WITH_SOURCE_FLAGS,BLOCKED_ORIENTATION_NOT_READY,K_thick_flared,needs_distance_quality_or_scale_audit;needs_source_memory_flag_resolution;needs_vertical_velocity_field_or_warp_flare_source,False,False,True,False,False,inclusion_lane_expansion_audit_not_endpoint
UGC06667,train,K_scale_tail_spiral,ACQUISITION_REQUIRED,source_acquisition_or_review_queue,ORIENTATION_PROMOTION_BLOCKED_FOR_ACTIVE_COMPONENTS,PROJECTION_ACCEPTANCE_READY_RESIDUAL_BLIND,MEMORY_CAUTION_CURRENT_READOUT_CONSISTENT_WITH_SOURCE_FLAGS,BLOCKED_ORIENTATION_NOT_READY,K_thick_flared,needs_source_memory_flag_resolution;needs_vertical_velocity_field_or_warp_flare_source,False,False,True,False,False,inclusion_lane_expansion_audit_not_endpoint
UGC06930,train,K_exponential_disk,ACQUISITION_REQUIRED,source_acquisition_or_review_queue,ORIENTATION_PROMOTION_BLOCKED_FOR_ACTIVE_COMPONENTS,PROJECTION_BLOCKED_RESIDUAL_BLIND_CAVEAT,MEMORY_BLOCKED_INVERSE_DIAGNOSTIC_NOT_ACCEPTED,BLOCKED_ORIENTATION_NOT_READY,K_thick_flared,needs_projection_or_inclination_audit;needs_residual_blind_memory_history_source;needs_vertical_velocity_field_or_warp_flare_source,False,False,True,False,False,inclusion_lane_expansion_audit_not_endpoint
UGC06973,train,K_compact_finite,ACQUISITION_REQUIRED,source_acquisition_or_review_queue,ORIENTATION_PROMOTION_BLOCKED_FOR_ACTIVE_COMPONENTS,PROJECTION_ACCEPTANCE_READY_RESIDUAL_BLIND,MEMORY_BLOCKED_INVERSE_DIAGNOSTIC_NOT_ACCEPTED,BLOCKED_ORIENTATION_NOT_READY,K_thick_flared,needs_residual_blind_memory_history_source;needs_vertical_velocity_field_or_warp_flare_source,False,False,True,False,False,inclusion_lane_expansion_audit_not_endpoint
UGC07089,train,K_exponential_disk,ACQUISITION_REQUIRED,source_acquisition_or_review_queue,ORIENTATION_PROMOTION_BLOCKED_FOR_ACTIVE_COMPONENTS,PROJECTION_ACCEPTANCE_READY_RESIDUAL_BLIND,MEMORY_CAUTION_CURRENT_READOUT_CONSISTENT_WITH_SOURCE_FLAGS,BLOCKED_ORIENTATION_NOT_READY,K_thick_flared,needs_source_memory_flag_resolution;needs_vertical_velocity_field_or_warp_flare_source,False,False,True,False,False,inclusion_lane_expansion_audit_not_endpoint
UGC07125,train,K_scale_tail_spiral,ACQUISITION_REQUIRED,source_acquisition_or_review_queue,ORIENTATION_PROMOTION_BLOCKED_FOR_ACTIVE_COMPONENTS,PROJECTION_BLOCKED_RESIDUAL_BLIND_CAVEAT,MEMORY_BLOCKED_INVERSE_DIAGNOSTIC_NOT_ACCEPTED,BLOCKED_ORIENTATION_NOT_READY,K_thick_flared,needs_distance_quality_or_scale_audit;needs_residual_blind_memory_history_source;needs_vertical_velocity_field_or_warp_flare_source,False,False,True,False,False,inclusion_lane_expansion_audit_not_endpoint
UGC07399,train,K_exponential_disk,ACQUISITION_REQUIRED,source_acquisition_or_review_queue,ORIENTATION_PROMOTION_BLOCKED_FOR_ACTIVE_COMPONENTS,PROJECTION_BLOCKED_RESIDUAL_BLIND_CAVEAT,MEMORY_BLOCKED_INVERSE_DIAGNOSTIC_NOT_ACCEPTED,BLOCKED_ORIENTATION_NOT_READY,K_thick_flared,needs_distance_quality_or_scale_audit;needs_residual_blind_memory_history_source;needs_vertical_velocity_field_or_warp_flare_source,False,False,True,False,False,inclusion_lane_expansion_audit_not_endpoint
UGC07524,train,K_scale_tail_spiral,ACQUISITION_REQUIRED,source_acquisition_or_review_queue,ORIENTATION_PROMOTION_BLOCKED_FOR_ACTIVE_COMPONENTS,PROJECTION_ACCEPTANCE_READY_RESIDUAL_BLIND,MEMORY_BLOCKED_INVERSE_DIAGNOSTIC_NOT_ACCEPTED,BLOCKED_ORIENTATION_NOT_READY,K_thick_flared,needs_residual_blind_memory_history_source;needs_vertical_velocity_field_or_warp_flare_source,False,False,True,False,False,inclusion_lane_expansion_audit_not_endpoint
UGC07559,train,K_scale_tail_spiral,ACQUISITION_REQUIRED,source_acquisition_or_review_queue,ORIENTATION_PROMOTION_BLOCKED_FOR_ACTIVE_COMPONENTS,PROJECTION_ACCEPTANCE_READY_RESIDUAL_BLIND,MEMORY_BLOCKED_INVERSE_DIAGNOSTIC_NOT_ACCEPTED,BLOCKED_ORIENTATION_NOT_READY,K_thick_flared,needs_residual_blind_memory_history_source;needs_vertical_velocity_field_or_warp_flare_source,False,False,True,False,False,inclusion_lane_expansion_audit_not_endpoint
UGC07608,train,K_scale_tail_spiral,ACQUISITION_REQUIRED,source_acquisition_or_review_queue,ORIENTATION_PROMOTION_BLOCKED_FOR_ACTIVE_COMPONENTS,PROJECTION_BLOCKED_RESIDUAL_BLIND_CAVEAT,MEMORY_CAUTION_CURRENT_READOUT_CONSISTENT_WITH_SOURCE_FLAGS,BLOCKED_ORIENTATION_NOT_READY,K_thick_flared,needs_distance_quality_or_scale_audit;needs_projection_or_inclination_audit;needs_source_memory_flag_resolution;needs_vertical_velocity_field_or_warp_flare_source,False,False,True,False,False,inclusion_lane_expansion_audit_not_endpoint
UGC07690,train,K_scale_tail_spiral,ACQUISITION_REQUIRED,source_acquisition_or_review_queue,ORIENTATION_PROMOTION_BLOCKED_FOR_ACTIVE_COMPONENTS,PROJECTION_BLOCKED_RESIDUAL_BLIND_CAVEAT,MEMORY_BLOCKED_INVERSE_DIAGNOSTIC_NOT_ACCEPTED,BLOCKED_ORIENTATION_NOT_READY,K_thick_flared,needs_distance_quality_or_scale_audit;needs_residual_blind_memory_history_source;needs_vertical_velocity_field_or_warp_flare_source,False,False,True,False,False,inclusion_lane_expansion_audit_not_endpoint
UGC07866,train,K_scale_tail_spiral,ACQUISITION_REQUIRED,source_acquisition_or_review_queue,ORIENTATION_PROMOTION_BLOCKED_FOR_ACTIVE_COMPONENTS,PROJECTION_ACCEPTANCE_READY_RESIDUAL_BLIND,MEMORY_BLOCKED_INVERSE_DIAGNOSTIC_NOT_ACCEPTED,BLOCKED_ORIENTATION_NOT_READY,K_thick_flared,needs_residual_blind_memory_history_source;needs_vertical_velocity_field_or_warp_flare_source,False,False,True,False,False,inclusion_lane_expansion_audit_not_endpoint
UGC08286,train,K_exponential_disk,ACQUISITION_REQUIRED,source_acquisition_or_review_queue,ORIENTATION_PROMOTION_BLOCKED_FOR_ACTIVE_COMPONENTS,PROJECTION_ACCEPTANCE_READY_RESIDUAL_BLIND,MEMORY_BLOCKED_INVERSE_DIAGNOSTIC_NOT_ACCEPTED,BLOCKED_ORIENTATION_NOT_READY,K_thick_flared,needs_residual_blind_memory_history_source;needs_vertical_velocity_field_or_warp_flare_source,False,False,True,False,False,inclusion_lane_expansion_audit_not_endpoint
UGC08490,train,K_scale_tail_spiral,ACQUISITION_REQUIRED,source_acquisition_or_review_queue,ORIENTATION_PROMOTION_BLOCKED_FOR_ACTIVE_COMPONENTS,PROJECTION_ACCEPTANCE_READY_RESIDUAL_BLIND,MEMORY_CAUTION_CURRENT_READOUT_CONSISTENT_WITH_SOURCE_FLAGS,BLOCKED_ORIENTATION_NOT_READY,K_thick_flared,needs_source_memory_flag_resolution;needs_vertical_velocity_field_or_warp_flare_source,False,False,True,False,False,inclusion_lane_expansion_audit_not_endpoint
UGC08550,train,K_scale_tail_spiral,ACQUISITION_REQUIRED,source_acquisition_or_review_queue,ORIENTATION_PROMOTION_BLOCKED_FOR_ACTIVE_COMPONENTS,PROJECTION_BLOCKED_RESIDUAL_BLIND_CAVEAT,MEMORY_CAUTION_CURRENT_READOUT_CONSISTENT_WITH_SOURCE_FLAGS,BLOCKED_ORIENTATION_NOT_READY,K_thick_flared,needs_distance_quality_or_scale_audit;needs_source_memory_flag_resolution;needs_vertical_velocity_field_or_warp_flare_source,False,False,True,False,False,inclusion_lane_expansion_audit_not_endpoint
UGC08837,train,K_scale_tail_spiral,ACQUISITION_REQUIRED,source_acquisition_or_review_queue,ORIENTATION_PROMOTION_BLOCKED_FOR_ACTIVE_COMPONENTS,PROJECTION_ACCEPTANCE_READY_RESIDUAL_BLIND,MEMORY_BLOCKED_INVERSE_DIAGNOSTIC_NOT_ACCEPTED,BLOCKED_ORIENTATION_NOT_READY,K_thick_flared,needs_residual_blind_memory_history_source;needs_vertical_velocity_field_or_warp_flare_source,False,False,True,False,False,inclusion_lane_expansion_audit_not_endpoint
UGC09992,train,K_scale_tail_spiral,ACQUISITION_REQUIRED,source_acquisition_or_review_queue,ORIENTATION_PROMOTION_BLOCKED_FOR_ACTIVE_COMPONENTS,PROJECTION_BLOCKED_RESIDUAL_BLIND_CAVEAT,MEMORY_BLOCKED_INVERSE_DIAGNOSTIC_NOT_ACCEPTED,BLOCKED_ORIENTATION_NOT_READY,K_thick_flared,needs_distance_quality_or_scale_audit;needs_manifest_confidence_review;needs_projection_or_inclination_audit;needs_residual_blind_memory_history_source;needs_vertical_velocity_field_or_warp_flare_source,False,False,True,False,False,inclusion_lane_expansion_audit_not_endpoint
UGC10310,train,K_scale_tail_spiral,ACQUISITION_REQUIRED,source_acquisition_or_review_queue,ORIENTATION_PROMOTION_BLOCKED_FOR_ACTIVE_COMPONENTS,PROJECTION_BLOCKED_RESIDUAL_BLIND_CAVEAT,MEMORY_BLOCKED_INVERSE_DIAGNOSTIC_NOT_ACCEPTED,BLOCKED_ORIENTATION_NOT_READY,K_thick_flared,needs_distance_quality_or_scale_audit;needs_manifest_confidence_review;needs_projection_or_inclination_audit;needs_residual_blind_memory_history_source;needs_vertical_velocity_field_or_warp_flare_source,False,False,True,False,False,inclusion_lane_expansion_audit_not_endpoint
UGC11455,train,K_exponential_disk,ACQUISITION_REQUIRED,source_acquisition_or_review_queue,ORIENTATION_PROMOTION_BLOCKED_FOR_ACTIVE_COMPONENTS,PROJECTION_ACCEPTANCE_READY_RESIDUAL_BLIND,MEMORY_NOT_REQUIRED_CURRENT_READOUT_CONSISTENT,BLOCKED_ORIENTATION_NOT_READY,K_thick_flared,needs_vertical_velocity_field_or_warp_flare_source,False,False,True,False,False,inclusion_lane_expansion_audit_not_endpoint
UGC11820,train,K_scale_tail_spiral,ACQUISITION_REQUIRED,source_acquisition_or_review_queue,ORIENTATION_PROMOTION_BLOCKED_FOR_ACTIVE_COMPONENTS,PROJECTION_BLOCKED_RESIDUAL_BLIND_CAVEAT,MEMORY_BLOCKED_INVERSE_DIAGNOSTIC_NOT_ACCEPTED,BLOCKED_ORIENTATION_NOT_READY,K_thick_flared,needs_distance_quality_or_scale_audit;needs_residual_blind_memory_history_source;needs_vertical_velocity_field_or_warp_flare_source,False,False,True,False,False,inclusion_lane_expansion_audit_not_endpoint
UGC12632,train,K_scale_tail_spiral,ACQUISITION_REQUIRED,source_acquisition_or_review_queue,ORIENTATION_PROMOTION_BLOCKED_FOR_ACTIVE_COMPONENTS,PROJECTION_BLOCKED_RESIDUAL_BLIND_CAVEAT,MEMORY_CAUTION_CURRENT_READOUT_CONSISTENT_WITH_SOURCE_FLAGS,BLOCKED_ORIENTATION_NOT_READY,K_thick_flared,needs_distance_quality_or_scale_audit;needs_source_memory_flag_resolution;needs_vertical_velocity_field_or_warp_flare_source,False,False,True,False,False,inclusion_lane_expansion_audit_not_endpoint
UGC12732,train,K_scale_tail_spiral,ACQUISITION_REQUIRED,source_acquisition_or_review_queue,ORIENTATION_PROMOTION_BLOCKED_FOR_ACTIVE_COMPONENTS,PROJECTION_BLOCKED_RESIDUAL_BLIND_CAVEAT,MEMORY_CAUTION_CURRENT_READOUT_CONSISTENT_WITH_SOURCE_FLAGS,BLOCKED_ORIENTATION_NOT_READY,K_thick_flared,needs_distance_quality_or_scale_audit;needs_projection_or_inclination_audit;needs_source_memory_flag_resolution;needs_vertical_velocity_field_or_warp_flare_source,False,False,True,False,False,inclusion_lane_expansion_audit_not_endpoint
UGCA281,train,K_scale_tail_spiral,ACQUISITION_REQUIRED,source_acquisition_or_review_queue,ORIENTATION_PROMOTION_BLOCKED_FOR_ACTIVE_COMPONENTS,PROJECTION_ACCEPTANCE_READY_RESIDUAL_BLIND,MEMORY_BLOCKED_INVERSE_DIAGNOSTIC_NOT_ACCEPTED,BLOCKED_ORIENTATION_NOT_READY,K_thick_flared,needs_residual_blind_memory_history_source;needs_vertical_velocity_field_or_warp_flare_source,False,False,True,False,False,inclusion_lane_expansion_audit_not_endpoint
UGCA442,train,K_scale_tail_spiral,ACQUISITION_REQUIRED,source_acquisition_or_review_queue,ORIENTATION_PROMOTION_BLOCKED_FOR_ACTIVE_COMPONENTS,PROJECTION_ACCEPTANCE_READY_RESIDUAL_BLIND,MEMORY_CAUTION_CURRENT_READOUT_CONSISTENT_WITH_SOURCE_FLAGS,BLOCKED_ORIENTATION_NOT_READY,K_thick_flared,needs_source_memory_flag_resolution;needs_vertical_velocity_field_or_warp_flare_source,False,False,True,False,False,inclusion_lane_expansion_audit_not_endpoint
DDO064,train,K_scale_tail_spiral,CAUTION_READY_PROXY_SUPPORTED,support_lane_projection_caveat,ORIENTATION_PROMOTION_READY_FOR_ACTIVE_COMPONENTS,PROJECTION_BLOCKED_RESIDUAL_BLIND_CAVEAT,MEMORY_BLOCKED_INVERSE_DIAGNOSTIC_NOT_ACCEPTED,BLOCKED_PROJECTION_ACCEPTANCE,none,needs_distance_quality_or_scale_audit;needs_residual_blind_memory_history_source,False,True,False,False,False,inclusion_lane_expansion_audit_not_endpoint
F567-2,train,K_scale_tail_spiral,CAUTION_READY_PROXY_SUPPORTED,support_lane_projection_caveat,ORIENTATION_PROMOTION_READY_FOR_ACTIVE_COMPONENTS,PROJECTION_BLOCKED_RESIDUAL_BLIND_CAVEAT,MEMORY_BLOCKED_INVERSE_DIAGNOSTIC_NOT_ACCEPTED,BLOCKED_PROJECTION_ACCEPTANCE,none,needs_projection_or_inclination_audit;needs_residual_blind_memory_history_source,False,True,False,False,False,inclusion_lane_expansion_audit_not_endpoint
F568-3,train,K_exponential_disk,CAUTION_READY_PROXY_SUPPORTED,support_lane_memory_history_proxy,ORIENTATION_PROMOTION_READY_FOR_ACTIVE_COMPONENTS,PROJECTION_ACCEPTANCE_READY_RESIDUAL_BLIND,MEMORY_BLOCKED_INVERSE_DIAGNOSTIC_NOT_ACCEPTED,BLOCKED_MEMORY_HISTORY_ACCEPTANCE,none,needs_residual_blind_memory_history_source,False,True,False,False,False,inclusion_lane_expansion_audit_not_endpoint
F568-V1,train,K_exponential_disk,CAUTION_READY_PROXY_SUPPORTED,support_lane_memory_history_proxy,ORIENTATION_PROMOTION_READY_FOR_ACTIVE_COMPONENTS,PROJECTION_ACCEPTANCE_READY_RESIDUAL_BLIND,MEMORY_BLOCKED_INVERSE_DIAGNOSTIC_NOT_ACCEPTED,BLOCKED_MEMORY_HISTORY_ACCEPTANCE,none,needs_residual_blind_memory_history_source,False,True,False,False,False,inclusion_lane_expansion_audit_not_endpoint
F574-1,train,K_exponential_disk,CAUTION_READY_PROXY_SUPPORTED,support_lane_memory_history_proxy,ORIENTATION_PROMOTION_READY_FOR_ACTIVE_COMPONENTS,PROJECTION_ACCEPTANCE_READY_RESIDUAL_BLIND,MEMORY_BLOCKED_INVERSE_DIAGNOSTIC_NOT_ACCEPTED,BLOCKED_MEMORY_HISTORY_ACCEPTANCE,none,needs_residual_blind_memory_history_source,False,True,False,False,False,inclusion_lane_expansion_audit_not_endpoint
F574-2,train,K_scale_tail_spiral,CAUTION_READY_PROXY_SUPPORTED,support_lane_projection_caveat,ORIENTATION_PROMOTION_READY_FOR_ACTIVE_COMPONENTS,PROJECTION_BLOCKED_RESIDUAL_BLIND_CAVEAT,MEMORY_BLOCKED_INVERSE_DIAGNOSTIC_NOT_ACCEPTED,BLOCKED_PROJECTION_ACCEPTANCE,none,needs_projection_or_inclination_audit;needs_residual_blind_memory_history_source,False,True,False,False,False,inclusion_lane_expansion_audit_not_endpoint
F579-V1,train,K_thick_flared,CAUTION_READY_PROXY_SUPPORTED,support_lane_projection_caveat,ORIENTATION_PROMOTION_READY_FOR_ACTIVE_COMPONENTS,PROJECTION_BLOCKED_RESIDUAL_BLIND_CAVEAT,MEMORY_BLOCKED_INVERSE_DIAGNOSTIC_NOT_ACCEPTED,BLOCKED_PROJECTION_ACCEPTANCE,none,needs_projection_geometry_source_review;needs_projection_or_inclination_audit;needs_residual_blind_memory_history_source,False,True,False,False,False,inclusion_lane_expansion_audit_not_endpoint
F583-1,train,K_scale_tail_spiral,CAUTION_READY_PROXY_SUPPORTED,support_lane_projection_caveat,ORIENTATION_PROMOTION_READY_FOR_ACTIVE_COMPONENTS,PROJECTION_BLOCKED_RESIDUAL_BLIND_CAVEAT,MEMORY_CAUTION_CURRENT_READOUT_CONSISTENT_WITH_SOURCE_FLAGS,BLOCKED_PROJECTION_ACCEPTANCE,none,needs_distance_quality_or_scale_audit;needs_source_memory_flag_resolution,False,True,False,False,False,inclusion_lane_expansion_audit_not_endpoint
F583-4,train,K_thick_flared,CAUTION_READY_PROXY_SUPPORTED,support_lane_projection_caveat,ORIENTATION_PROMOTION_READY_FOR_ACTIVE_COMPONENTS,PROJECTION_BLOCKED_RESIDUAL_BLIND_CAVEAT,MEMORY_CAUTION_CURRENT_READOUT_CONSISTENT_WITH_SOURCE_FLAGS,BLOCKED_PROJECTION_ACCEPTANCE,none,needs_distance_quality_or_scale_audit;needs_projection_geometry_source_review;needs_source_memory_flag_resolution,False,True,False,False,False,inclusion_lane_expansion_audit_not_endpoint
NGC0300,train,K_exponential_disk,CAUTION_READY_PROXY_SUPPORTED,support_lane_memory_history_proxy,ORIENTATION_PROMOTION_READY_FOR_ACTIVE_COMPONENTS,PROJECTION_ACCEPTANCE_READY_RESIDUAL_BLIND,MEMORY_BLOCKED_INVERSE_DIAGNOSTIC_NOT_ACCEPTED,BLOCKED_MEMORY_HISTORY_ACCEPTANCE,none,needs_residual_blind_memory_history_source,False,True,False,False,False,inclusion_lane_expansion_audit_not_endpoint
NGC1090,train,K_thick_flared,CAUTION_READY_PROXY_SUPPORTED,support_lane_projection_caveat,ORIENTATION_PROMOTION_READY_FOR_ACTIVE_COMPONENTS,PROJECTION_BLOCKED_RESIDUAL_BLIND_CAVEAT,MEMORY_BLOCKED_INVERSE_DIAGNOSTIC_NOT_ACCEPTED,BLOCKED_PROJECTION_ACCEPTANCE,none,needs_distance_quality_or_scale_audit;needs_projection_geometry_source_review;needs_residual_blind_memory_history_source,False,True,False,False,False,inclusion_lane_expansion_audit_not_endpoint
NGC2403,train,K_exponential_disk,CAUTION_READY_PROXY_SUPPORTED,support_lane_memory_history_proxy,ORIENTATION_PROMOTION_READY_FOR_ACTIVE_COMPONENTS,PROJECTION_ACCEPTANCE_READY_RESIDUAL_BLIND,MEMORY_BLOCKED_INVERSE_DIAGNOSTIC_NOT_ACCEPTED,BLOCKED_MEMORY_HISTORY_ACCEPTANCE,none,needs_residual_blind_memory_history_source,False,True,False,False,False,inclusion_lane_expansion_audit_not_endpoint
NGC2903,train,K_thick_flared,CAUTION_READY_PROXY_SUPPORTED,support_lane_projection_caveat,ORIENTATION_PROMOTION_READY_FOR_ACTIVE_COMPONENTS,PROJECTION_BLOCKED_RESIDUAL_BLIND_CAVEAT,MEMORY_BLOCKED_INVERSE_DIAGNOSTIC_NOT_ACCEPTED,BLOCKED_PROJECTION_ACCEPTANCE,none,needs_distance_quality_or_scale_audit;needs_projection_geometry_source_review;needs_residual_blind_memory_history_source,False,True,False,False,False,inclusion_lane_expansion_audit_not_endpoint
NGC2955,train,K_compact_finite,CAUTION_READY_PROXY_SUPPORTED,support_lane_memory_history_proxy,ORIENTATION_PROMOTION_READY_FOR_ACTIVE_COMPONENTS,PROJECTION_ACCEPTANCE_READY_RESIDUAL_BLIND,MEMORY_BLOCKED_INVERSE_DIAGNOSTIC_NOT_ACCEPTED,BLOCKED_MEMORY_HISTORY_ACCEPTANCE,none,needs_residual_blind_memory_history_source,False,True,False,False,False,inclusion_lane_expansion_audit_not_endpoint
NGC2976,train,K_thick_flared,CAUTION_READY_PROXY_SUPPORTED,support_lane_projection_caveat,ORIENTATION_PROMOTION_READY_FOR_ACTIVE_COMPONENTS,PROJECTION_BLOCKED_RESIDUAL_BLIND_CAVEAT,MEMORY_BLOCKED_INVERSE_DIAGNOSTIC_NOT_ACCEPTED,BLOCKED_PROJECTION_ACCEPTANCE,none,needs_projection_geometry_source_review;needs_residual_blind_memory_history_source,False,True,False,False,False,inclusion_lane_expansion_audit_not_endpoint
NGC2998,train,K_thick_flared,CAUTION_READY_PROXY_SUPPORTED,support_lane_projection_caveat,ORIENTATION_PROMOTION_READY_FOR_ACTIVE_COMPONENTS,PROJECTION_BLOCKED_RESIDUAL_BLIND_CAVEAT,MEMORY_CAUTION_CURRENT_READOUT_CONSISTENT_WITH_SOURCE_FLAGS,BLOCKED_PROJECTION_ACCEPTANCE,none,needs_projection_geometry_source_review;needs_source_memory_flag_resolution,False,True,False,False,False,inclusion_lane_expansion_audit_not_endpoint
NGC3893,train,K_thick_flared,CAUTION_READY_PROXY_SUPPORTED,support_lane_projection_caveat,ORIENTATION_PROMOTION_READY_FOR_ACTIVE_COMPONENTS,PROJECTION_BLOCKED_RESIDUAL_BLIND_CAVEAT,MEMORY_BLOCKED_INVERSE_DIAGNOSTIC_NOT_ACCEPTED,BLOCKED_PROJECTION_ACCEPTANCE,none,needs_projection_geometry_source_review;needs_residual_blind_memory_history_source,False,True,False,False,False,inclusion_lane_expansion_audit_not_endpoint
NGC3953,train,K_thick_flared,CAUTION_READY_PROXY_SUPPORTED,support_lane_projection_caveat,ORIENTATION_PROMOTION_READY_FOR_ACTIVE_COMPONENTS,PROJECTION_BLOCKED_RESIDUAL_BLIND_CAVEAT,MEMORY_BLOCKED_INVERSE_DIAGNOSTIC_NOT_ACCEPTED,BLOCKED_PROJECTION_ACCEPTANCE,none,needs_projection_geometry_source_review;needs_residual_blind_memory_history_source,False,True,False,False,False,inclusion_lane_expansion_audit_not_endpoint
NGC3992,train,K_thick_flared,CAUTION_READY_PROXY_SUPPORTED,support_lane_projection_caveat,ORIENTATION_PROMOTION_READY_FOR_ACTIVE_COMPONENTS,PROJECTION_BLOCKED_RESIDUAL_BLIND_CAVEAT,MEMORY_BLOCKED_INVERSE_DIAGNOSTIC_NOT_ACCEPTED,BLOCKED_PROJECTION_ACCEPTANCE,none,needs_projection_geometry_source_review;needs_residual_blind_memory_history_source,False,True,False,False,False,inclusion_lane_expansion_audit_not_endpoint
NGC4051,train,K_thick_flared,CAUTION_READY_PROXY_SUPPORTED,support_lane_projection_caveat,ORIENTATION_PROMOTION_READY_FOR_ACTIVE_COMPONENTS,PROJECTION_BLOCKED_RESIDUAL_BLIND_CAVEAT,MEMORY_BLOCKED_INVERSE_DIAGNOSTIC_NOT_ACCEPTED,BLOCKED_PROJECTION_ACCEPTANCE,none,needs_projection_geometry_source_review;needs_residual_blind_memory_history_source,False,True,False,False,False,inclusion_lane_expansion_audit_not_endpoint
NGC4138,train,K_compact_finite,CAUTION_READY_PROXY_SUPPORTED,support_lane_memory_history_proxy,ORIENTATION_PROMOTION_READY_FOR_ACTIVE_COMPONENTS,PROJECTION_ACCEPTANCE_READY_RESIDUAL_BLIND,MEMORY_BLOCKED_INVERSE_DIAGNOSTIC_NOT_ACCEPTED,BLOCKED_MEMORY_HISTORY_ACCEPTANCE,none,needs_residual_blind_memory_history_source,False,True,False,False,False,inclusion_lane_expansion_audit_not_endpoint
NGC4559,train,K_exponential_disk,CAUTION_READY_PROXY_SUPPORTED,support_lane_projection_caveat,ORIENTATION_PROMOTION_READY_FOR_ACTIVE_COMPONENTS,PROJECTION_BLOCKED_RESIDUAL_BLIND_CAVEAT,MEMORY_CAUTION_CURRENT_READOUT_CONSISTENT_WITH_SOURCE_FLAGS,BLOCKED_PROJECTION_ACCEPTANCE,none,needs_distance_quality_or_scale_audit;needs_source_memory_flag_resolution,False,True,False,False,False,inclusion_lane_expansion_audit_not_endpoint
NGC5005,train,K_compact_finite,CAUTION_READY_PROXY_SUPPORTED,support_lane_memory_history_proxy,ORIENTATION_PROMOTION_READY_FOR_ACTIVE_COMPONENTS,PROJECTION_ACCEPTANCE_READY_RESIDUAL_BLIND,MEMORY_BLOCKED_INVERSE_DIAGNOSTIC_NOT_ACCEPTED,BLOCKED_MEMORY_HISTORY_ACCEPTANCE,none,needs_residual_blind_memory_history_source,False,True,False,False,False,inclusion_lane_expansion_audit_not_endpoint
NGC5033,train,K_compact_finite,CAUTION_READY_PROXY_SUPPORTED,support_lane_projection_caveat,ORIENTATION_PROMOTION_READY_FOR_ACTIVE_COMPONENTS,PROJECTION_BLOCKED_RESIDUAL_BLIND_CAVEAT,MEMORY_CAUTION_CURRENT_READOUT_CONSISTENT_WITH_SOURCE_FLAGS,BLOCKED_PROJECTION_ACCEPTANCE,none,needs_distance_quality_or_scale_audit;needs_source_memory_flag_resolution,False,True,False,False,False,inclusion_lane_expansion_audit_not_endpoint
NGC5055,train,K_thick_flared,CAUTION_READY_PROXY_SUPPORTED,support_lane_projection_caveat,ORIENTATION_PROMOTION_READY_FOR_ACTIVE_COMPONENTS,PROJECTION_BLOCKED_RESIDUAL_BLIND_CAVEAT,MEMORY_BLOCKED_INVERSE_DIAGNOSTIC_NOT_ACCEPTED,BLOCKED_PROJECTION_ACCEPTANCE,none,needs_projection_geometry_source_review;needs_residual_blind_memory_history_source,False,True,False,False,False,inclusion_lane_expansion_audit_not_endpoint
NGC5371,train,K_thick_flared,CAUTION_READY_PROXY_SUPPORTED,support_lane_projection_caveat,ORIENTATION_PROMOTION_READY_FOR_ACTIVE_COMPONENTS,PROJECTION_BLOCKED_RESIDUAL_BLIND_CAVEAT,MEMORY_BLOCKED_INVERSE_DIAGNOSTIC_NOT_ACCEPTED,BLOCKED_PROJECTION_ACCEPTANCE,none,needs_distance_quality_or_scale_audit;needs_projection_geometry_source_review;needs_residual_blind_memory_history_source,False,True,False,False,False,inclusion_lane_expansion_audit_not_endpoint
NGC5585,train,K_exponential_disk,CAUTION_READY_PROXY_SUPPORTED,support_lane_projection_caveat,ORIENTATION_PROMOTION_READY_FOR_ACTIVE_COMPONENTS,PROJECTION_BLOCKED_RESIDUAL_BLIND_CAVEAT,MEMORY_CAUTION_CURRENT_READOUT_CONSISTENT_WITH_SOURCE_FLAGS,BLOCKED_PROJECTION_ACCEPTANCE,none,needs_distance_quality_or_scale_audit;needs_source_memory_flag_resolution,False,True,False,False,False,inclusion_lane_expansion_audit_not_endpoint
NGC6015,train,K_exponential_disk,CAUTION_READY_PROXY_SUPPORTED,support_lane_projection_caveat,ORIENTATION_PROMOTION_READY_FOR_ACTIVE_COMPONENTS,PROJECTION_BLOCKED_RESIDUAL_BLIND_CAVEAT,MEMORY_BLOCKED_INVERSE_DIAGNOSTIC_NOT_ACCEPTED,BLOCKED_PROJECTION_ACCEPTANCE,none,needs_distance_quality_or_scale_audit;needs_residual_blind_memory_history_source,False,True,False,False,False,inclusion_lane_expansion_audit_not_endpoint
NGC6195,train,K_compact_finite,CAUTION_READY_PROXY_SUPPORTED,support_lane_memory_history_proxy,ORIENTATION_PROMOTION_READY_FOR_ACTIVE_COMPONENTS,PROJECTION_ACCEPTANCE_READY_RESIDUAL_BLIND,MEMORY_BLOCKED_INVERSE_DIAGNOSTIC_NOT_ACCEPTED,BLOCKED_MEMORY_HISTORY_ACCEPTANCE,none,needs_residual_blind_memory_history_source,False,True,False,False,False,inclusion_lane_expansion_audit_not_endpoint
NGC6674,train,K_compact_finite,CAUTION_READY_PROXY_SUPPORTED,support_lane_memory_history_proxy,ORIENTATION_PROMOTION_READY_FOR_ACTIVE_COMPONENTS,PROJECTION_ACCEPTANCE_READY_RESIDUAL_BLIND,MEMORY_CAUTION_CURRENT_READOUT_CONSISTENT_WITH_SOURCE_FLAGS,BLOCKED_MEMORY_HISTORY_ACCEPTANCE,none,needs_source_memory_flag_resolution,False,True,False,False,False,inclusion_lane_expansion_audit_not_endpoint
NGC7793,train,K_exponential_disk,CAUTION_READY_PROXY_SUPPORTED,support_lane_memory_history_proxy,ORIENTATION_PROMOTION_READY_FOR_ACTIVE_COMPONENTS,PROJECTION_ACCEPTANCE_READY_RESIDUAL_BLIND,MEMORY_BLOCKED_INVERSE_DIAGNOSTIC_NOT_ACCEPTED,BLOCKED_MEMORY_HISTORY_ACCEPTANCE,none,needs_residual_blind_memory_history_source,False,True,False,False,False,inclusion_lane_expansion_audit_not_endpoint
UGC00191,train,K_scale_tail_spiral,CAUTION_READY_PROXY_SUPPORTED,support_lane_projection_caveat,ORIENTATION_PROMOTION_READY_FOR_ACTIVE_COMPONENTS,PROJECTION_BLOCKED_RESIDUAL_BLIND_CAVEAT,MEMORY_CAUTION_CURRENT_READOUT_CONSISTENT_WITH_SOURCE_FLAGS,BLOCKED_PROJECTION_ACCEPTANCE,none,needs_distance_quality_or_scale_audit;needs_source_memory_flag_resolution,False,True,False,False,False,inclusion_lane_expansion_audit_not_endpoint
UGC02455,train,K_scale_tail_spiral,CAUTION_READY_PROXY_SUPPORTED,support_lane_projection_caveat,ORIENTATION_PROMOTION_READY_FOR_ACTIVE_COMPONENTS,PROJECTION_BLOCKED_RESIDUAL_BLIND_CAVEAT,MEMORY_BLOCKED_INVERSE_DIAGNOSTIC_NOT_ACCEPTED,BLOCKED_PROJECTION_ACCEPTANCE,none,needs_distance_quality_or_scale_audit;needs_residual_blind_memory_history_source,False,True,False,False,False,inclusion_lane_expansion_audit_not_endpoint
UGC02487,train,K_compact_finite,CAUTION_READY_PROXY_SUPPORTED,support_lane_projection_caveat,ORIENTATION_PROMOTION_READY_FOR_ACTIVE_COMPONENTS,PROJECTION_BLOCKED_RESIDUAL_BLIND_CAVEAT,MEMORY_CAUTION_CURRENT_READOUT_CONSISTENT_WITH_SOURCE_FLAGS,BLOCKED_PROJECTION_ACCEPTANCE,none,needs_projection_or_inclination_audit;needs_source_memory_flag_resolution,False,True,False,False,False,inclusion_lane_expansion_audit_not_endpoint
UGC02885,train,K_compact_finite,CAUTION_READY_PROXY_SUPPORTED,support_lane_memory_history_proxy,ORIENTATION_PROMOTION_READY_FOR_ACTIVE_COMPONENTS,PROJECTION_ACCEPTANCE_READY_RESIDUAL_BLIND,MEMORY_CAUTION_CURRENT_READOUT_CONSISTENT_WITH_SOURCE_FLAGS,BLOCKED_MEMORY_HISTORY_ACCEPTANCE,none,needs_source_memory_flag_resolution,False,True,False,False,False,inclusion_lane_expansion_audit_not_endpoint
UGC02916,train,K_compact_finite,CAUTION_READY_PROXY_SUPPORTED,support_lane_memory_history_proxy,ORIENTATION_PROMOTION_READY_FOR_ACTIVE_COMPONENTS,PROJECTION_ACCEPTANCE_READY_RESIDUAL_BLIND,MEMORY_BLOCKED_INVERSE_DIAGNOSTIC_NOT_ACCEPTED,BLOCKED_MEMORY_HISTORY_ACCEPTANCE,none,needs_residual_blind_memory_history_source,False,True,False,False,False,inclusion_lane_expansion_audit_not_endpoint
UGC02953,train,K_compact_finite,CAUTION_READY_PROXY_SUPPORTED,support_lane_projection_caveat,ORIENTATION_PROMOTION_READY_FOR_ACTIVE_COMPONENTS,PROJECTION_BLOCKED_RESIDUAL_BLIND_CAVEAT,MEMORY_CAUTION_CURRENT_READOUT_CONSISTENT_WITH_SOURCE_FLAGS,BLOCKED_PROJECTION_ACCEPTANCE,none,needs_distance_quality_or_scale_audit;needs_source_memory_flag_resolution,False,True,False,False,False,inclusion_lane_expansion_audit_not_endpoint
UGC03205,train,K_compact_finite,CAUTION_READY_PROXY_SUPPORTED,support_lane_memory_history_proxy,ORIENTATION_PROMOTION_READY_FOR_ACTIVE_COMPONENTS,PROJECTION_ACCEPTANCE_READY_RESIDUAL_BLIND,MEMORY_CAUTION_CURRENT_READOUT_CONSISTENT_WITH_SOURCE_FLAGS,BLOCKED_MEMORY_HISTORY_ACCEPTANCE,none,needs_source_memory_flag_resolution,False,True,False,False,False,inclusion_lane_expansion_audit_not_endpoint
UGC03546,train,K_compact_finite,CAUTION_READY_PROXY_SUPPORTED,support_lane_projection_caveat,ORIENTATION_PROMOTION_READY_FOR_ACTIVE_COMPONENTS,PROJECTION_BLOCKED_RESIDUAL_BLIND_CAVEAT,MEMORY_BLOCKED_INVERSE_DIAGNOSTIC_NOT_ACCEPTED,BLOCKED_PROJECTION_ACCEPTANCE,none,needs_distance_quality_or_scale_audit;needs_residual_blind_memory_history_source,False,True,False,False,False,inclusion_lane_expansion_audit_not_endpoint
UGC04325,train,K_scale_tail_spiral,CAUTION_READY_PROXY_SUPPORTED,support_lane_projection_caveat,ORIENTATION_PROMOTION_READY_FOR_ACTIVE_COMPONENTS,PROJECTION_BLOCKED_RESIDUAL_BLIND_CAVEAT,MEMORY_CAUTION_CURRENT_READOUT_CONSISTENT_WITH_SOURCE_FLAGS,BLOCKED_PROJECTION_ACCEPTANCE,none,needs_distance_quality_or_scale_audit;needs_source_memory_flag_resolution,False,True,False,False,False,inclusion_lane_expansion_audit_not_endpoint
UGC05253,train,K_compact_finite,CAUTION_READY_PROXY_SUPPORTED,support_lane_projection_caveat,ORIENTATION_PROMOTION_READY_FOR_ACTIVE_COMPONENTS,PROJECTION_BLOCKED_RESIDUAL_BLIND_CAVEAT,MEMORY_BLOCKED_INVERSE_DIAGNOSTIC_NOT_ACCEPTED,BLOCKED_PROJECTION_ACCEPTANCE,none,needs_distance_quality_or_scale_audit;needs_projection_or_inclination_audit;needs_residual_blind_memory_history_source,False,True,False,False,False,inclusion_lane_expansion_audit_not_endpoint
UGC06614,train,K_compact_finite,CAUTION_READY_PROXY_SUPPORTED,support_lane_projection_caveat,ORIENTATION_PROMOTION_READY_FOR_ACTIVE_COMPONENTS,PROJECTION_BLOCKED_RESIDUAL_BLIND_CAVEAT,MEMORY_BLOCKED_INVERSE_DIAGNOSTIC_NOT_ACCEPTED,BLOCKED_PROJECTION_ACCEPTANCE,none,needs_projection_or_inclination_audit;needs_residual_blind_memory_history_source,False,True,False,False,False,inclusion_lane_expansion_audit_not_endpoint
UGC06628,train,K_scale_tail_spiral,CAUTION_READY_PROXY_SUPPORTED,support_lane_projection_caveat,ORIENTATION_PROMOTION_READY_FOR_ACTIVE_COMPONENTS,PROJECTION_BLOCKED_RESIDUAL_BLIND_CAVEAT,MEMORY_BLOCKED_INVERSE_DIAGNOSTIC_NOT_ACCEPTED,BLOCKED_PROJECTION_ACCEPTANCE,none,needs_distance_quality_or_scale_audit;needs_manifest_confidence_review;needs_projection_or_inclination_audit;needs_residual_blind_memory_history_source,False,True,False,False,False,inclusion_lane_expansion_audit_not_endpoint
UGC06786,train,K_compact_finite,CAUTION_READY_PROXY_SUPPORTED,support_lane_projection_caveat,ORIENTATION_PROMOTION_READY_FOR_ACTIVE_COMPONENTS,PROJECTION_BLOCKED_RESIDUAL_BLIND_CAVEAT,MEMORY_CAUTION_CURRENT_READOUT_CONSISTENT_WITH_SOURCE_FLAGS,BLOCKED_PROJECTION_ACCEPTANCE,none,needs_distance_quality_or_scale_audit;needs_source_memory_flag_resolution,False,True,False,False,False,inclusion_lane_expansion_audit_not_endpoint
UGC06787,train,K_compact_finite,CAUTION_READY_PROXY_SUPPORTED,support_lane_projection_caveat,ORIENTATION_PROMOTION_READY_FOR_ACTIVE_COMPONENTS,PROJECTION_BLOCKED_RESIDUAL_BLIND_CAVEAT,MEMORY_CAUTION_CURRENT_READOUT_CONSISTENT_WITH_SOURCE_FLAGS,BLOCKED_PROJECTION_ACCEPTANCE,none,needs_distance_quality_or_scale_audit;needs_source_memory_flag_resolution,False,True,False,False,False,inclusion_lane_expansion_audit_not_endpoint
UGC06923,train,K_scale_tail_spiral,CAUTION_READY_PROXY_SUPPORTED,support_lane_memory_history_proxy,ORIENTATION_PROMOTION_READY_FOR_ACTIVE_COMPONENTS,PROJECTION_ACCEPTANCE_READY_RESIDUAL_BLIND,MEMORY_BLOCKED_INVERSE_DIAGNOSTIC_NOT_ACCEPTED,BLOCKED_MEMORY_HISTORY_ACCEPTANCE,none,needs_residual_blind_memory_history_source,False,True,False,False,False,inclusion_lane_expansion_audit_not_endpoint
UGC07232,train,K_scale_tail_spiral,CAUTION_READY_PROXY_SUPPORTED,support_lane_memory_history_proxy,ORIENTATION_PROMOTION_READY_FOR_ACTIVE_COMPONENTS,PROJECTION_ACCEPTANCE_READY_RESIDUAL_BLIND,MEMORY_BLOCKED_INVERSE_DIAGNOSTIC_NOT_ACCEPTED,BLOCKED_MEMORY_HISTORY_ACCEPTANCE,none,needs_residual_blind_memory_history_source,False,True,False,False,False,inclusion_lane_expansion_audit_not_endpoint
UGC07323,train,K_exponential_disk,CAUTION_READY_PROXY_SUPPORTED,support_lane_projection_caveat,ORIENTATION_PROMOTION_READY_FOR_ACTIVE_COMPONENTS,PROJECTION_BLOCKED_RESIDUAL_BLIND_CAVEAT,MEMORY_CAUTION_CURRENT_READOUT_CONSISTENT_WITH_SOURCE_FLAGS,BLOCKED_PROJECTION_ACCEPTANCE,none,needs_distance_quality_or_scale_audit;needs_source_memory_flag_resolution,False,True,False,False,False,inclusion_lane_expansion_audit_not_endpoint
UGC09133,train,K_compact_finite,CAUTION_READY_PROXY_SUPPORTED,support_lane_memory_history_proxy,ORIENTATION_PROMOTION_READY_FOR_ACTIVE_COMPONENTS,PROJECTION_ACCEPTANCE_READY_RESIDUAL_BLIND,MEMORY_BLOCKED_INVERSE_DIAGNOSTIC_NOT_ACCEPTED,BLOCKED_MEMORY_HISTORY_ACCEPTANCE,none,needs_residual_blind_memory_history_source,False,True,False,False,False,inclusion_lane_expansion_audit_not_endpoint
UGC11557,train,K_exponential_disk,CAUTION_READY_PROXY_SUPPORTED,support_lane_projection_caveat,ORIENTATION_PROMOTION_READY_FOR_ACTIVE_COMPONENTS,PROJECTION_BLOCKED_RESIDUAL_BLIND_CAVEAT,MEMORY_CAUTION_CURRENT_READOUT_CONSISTENT_WITH_SOURCE_FLAGS,BLOCKED_PROJECTION_ACCEPTANCE,none,needs_distance_quality_or_scale_audit;needs_projection_or_inclination_audit;needs_source_memory_flag_resolution,False,True,False,False,False,inclusion_lane_expansion_audit_not_endpoint
UGC09037,train,K_exponential_disk,STRICT_READY_CANDIDATE,strict_preendpoint_freeze_candidate,ORIENTATION_PROMOTION_READY_FOR_ACTIVE_COMPONENTS,PROJECTION_ACCEPTANCE_READY_RESIDUAL_BLIND,MEMORY_NOT_REQUIRED_CURRENT_READOUT_CONSISTENT,MEMORY_PROJECTION_READY_CANDIDATE,none,needs_accepted_q_i_assignment_and_normalization_law,True,False,False,False,False,inclusion_lane_expansion_audit_not_endpoint
