galaxy,split,role,formula_family,manifest_confidence,manifest_caveat,hub_type,type_bin,inc_bin,distance_quality,distance_frac_error,inclination_deg,inclination_error_deg,n_points,r_min,r_median,r_max,mean_gas,mean_bulge,max_bulge,mean_log_sbdisk,peak_log_sb,scale_radius_proxy_kpc,tail_inner_radius_proxy_kpc,tail_cutoff_radius_proxy_kpc,compact_support_radius_proxy_kpc,thickness_h_over_rs_proxy,ring_radius_proxy_kpc,ring_width_proxy_kpc,bar_m2_proxy,lopsided_m1_proxy,amplitude_policy,parameter_source,forbidden_inputs
CamB,holdout,middle,K_scale_tail_spiral,1.0,none,10.0,irregular_T_ge_9,inc_high_60_80,2.0,0.077380952381,65.0,5.0,9,0.16,0.9,1.79,0.3364692796822091,0.0,0.0,0.8936597629670757,1.481729196960016,0.5363528009535161,0.315,2.091140005315577,0.9,0.2314111758569941,,,,,train_only_family_amplitude_preflight,available_data_proxy:r_median+r_max+type_bin+bulge_frac+gas_fraction+surface_brightness,vobs_endpoint_residual_gain;required_S_tau;posthoc_family_choice
ESO116-G012,holdout,middle,K_exponential_disk,0.85,large_distance_error,7.0,late_T_6_8,inc_high_60_80,1.0,0.3,74.0,3.0,15,0.25,4.13,9.86,0.2211596507706781,0.0,0.0,1.221188713730845,2.442385687867871,2.461263408820024,1.4454999999999998,10.950317078299442,4.13,0.17952184284680514,,,,,train_only_family_amplitude_preflight,available_data_proxy:r_median+r_max+type_bin+bulge_frac+gas_fraction+surface_brightness,vobs_endpoint_residual_gain;required_S_tau;posthoc_family_choice
F561-1,holdout,candidate,K_scale_tail_spiral,0.6000000000000001,few_rotation_points;low_inclination,9.0,irregular_T_ge_9,inc_low_lt_40,1.0,0.150602409639,24.0,10.0,6,1.61,5.645,9.66,0.2551235244938438,0.0,0.0,1.092640501154487,1.6422666189026736,3.364123957091776,1.9757499999999997,10.892246623305265,5.645,0.1948055860222297,,,,,train_only_family_amplitude_preflight,available_data_proxy:r_median+r_max+type_bin+bulge_frac+gas_fraction+surface_brightness,vobs_endpoint_residual_gain;required_S_tau;posthoc_family_choice
F563-1,holdout,candidate,K_scale_tail_spiral,0.65,low_inclination;large_distance_error,9.0,irregular_T_ge_9,inc_low_lt_40,1.0,0.200408997955,25.0,5.0,17,1.07,9.26,20.1,0.4762978477885164,0.0,0.0,0.3289916760152911,1.5240064455573723,5.5184743742550655,3.2409999999999997,24.886793370274592,9.26,0.2943340315048324,,,,,train_only_family_amplitude_preflight,available_data_proxy:r_median+r_max+type_bin+bulge_frac+gas_fraction+surface_brightness,vobs_endpoint_residual_gain;required_S_tau;posthoc_family_choice
F568-1,holdout,candidate,K_thick_flared,0.7000000000000001,low_inclination;vertical_geometry_proxy_only,5.0,mid_T_3_5,inc_low_lt_40,1.0,0.106945975744,26.0,5.0,12,0.44,5.1850000000000005,13.23,0.2188489548893078,0.0,0.0,1.2025295066464603,1.9917132757130895,3.089988081048868,1.81475,14.677685836592772,5.1850000000000005,0.1784820297001885,,,,,train_only_family_amplitude_preflight,available_data_proxy:r_median+r_max+type_bin+bulge_frac+gas_fraction+surface_brightness,vobs_endpoint_residual_gain;required_S_tau;posthoc_family_choice
IC2574,holdout,control,K_scale_tail_spiral,1.0,none,9.0,irregular_T_ge_9,inc_high_60_80,2.0,0.051150895141,75.0,7.0,34,0.85,5.545,10.23,0.3765714028427711,0.0,0.0,0.5485328390367614,1.224014811372864,3.3045292014302743,1.9407499999999998,12.156162725540774,5.545,0.249457131279247,,,,,train_only_family_amplitude_preflight,available_data_proxy:r_median+r_max+type_bin+bulge_frac+gas_fraction+surface_brightness,vobs_endpoint_residual_gain;required_S_tau;posthoc_family_choice
IC4202,holdout,candidate,K_compact_finite,1.0,none,4.0,mid_T_3_5,inc_edge_ge_80,1.0,0.099601593625,90.0,1.0,32,0.77,12.905000000000001,25.9,0.0480021177055607,0.4202354154490455,0.9823511937853552,1.8322708789160742,2.5252651393808985,7.6907032181168065,4.51675,26.52162742428701,18.328138036369936,0.10160095296750232,,,,,train_only_family_amplitude_preflight,available_data_proxy:r_median+r_max+type_bin+bulge_frac+gas_fraction+surface_brightness,vobs_endpoint_residual_gain;required_S_tau;posthoc_family_choice
NGC0024,holdout,middle,K_thick_flared,0.9,vertical_geometry_proxy_only,5.0,mid_T_3_5,inc_high_60_80,2.0,0.049315068493,64.0,3.0,29,0.21,1.7,11.27,0.1003561854937087,0.0,0.0,1.8354156459886561,2.6135775721070993,1.0131108462455305,0.595,11.835507105257047,1.7,0.12516028347216893,,,,,train_only_family_amplitude_preflight,available_data_proxy:r_median+r_max+type_bin+bulge_frac+gas_fraction+surface_brightness,vobs_endpoint_residual_gain;required_S_tau;posthoc_family_choice
NGC2683,holdout,middle,K_thick_flared,0.9,vertical_geometry_proxy_only,3.0,mid_T_3_5,inc_edge_ge_80,2.0,0.0499490316,80.0,5.0,11,2.89,17.31,34.62,0.0371166982515088,0.09496838710118838,0.2121899390471468,0.831441692373184,2.8781712312545915,10.315852205005958,6.0584999999999996,35.26249004673362,18.95390278072157,0.09670251421317896,,,,,train_only_family_amplitude_preflight,available_data_proxy:r_median+r_max+type_bin+bulge_frac+gas_fraction+surface_brightness,vobs_endpoint_residual_gain;required_S_tau;posthoc_family_choice
NGC3726,holdout,candidate,K_thick_flared,0.9,vertical_geometry_proxy_only,5.0,mid_T_3_5,inc_mid_40_60,4.0,0.138888888889,53.0,2.0,12,3.5,13.065,32.52,0.1226403651218742,0.0,0.0,1.1557074911807586,2.565788807262067,7.786054827175208,4.572749999999999,34.51413233688168,13.065,0.1351881643048434,,,,,train_only_family_amplitude_preflight,available_data_proxy:r_median+r_max+type_bin+bulge_frac+gas_fraction+surface_brightness,vobs_endpoint_residual_gain;required_S_tau;posthoc_family_choice
NGC3949,holdout,middle,K_thick_flared,0.7000000000000001,few_rotation_points;vertical_geometry_proxy_only,4.0,mid_T_3_5,inc_mid_40_60,4.0,0.138888888889,55.0,2.0,7,1.74,4.37,7.07,0.0631191470985132,0.0,0.0,2.0782692709916564,2.8761196512188567,2.6042908224076284,1.5294999999999999,7.293126184993245,4.37,0.10840361619433095,,,,,train_only_family_amplitude_preflight,available_data_proxy:r_median+r_max+type_bin+bulge_frac+gas_fraction+surface_brightness,vobs_endpoint_residual_gain;required_S_tau;posthoc_family_choice
NGC3972,holdout,middle,K_thick_flared,0.9,vertical_geometry_proxy_only,4.0,mid_T_3_5,inc_high_60_80,4.0,0.138888888889,77.0,1.0,10,0.87,4.805,8.72,0.0805146224534249,0.0,0.0,1.7273889153799096,2.4062164678532603,2.8635280095351607,1.6817499999999999,9.071043753896932,4.805,0.11623158010404121,,,,,train_only_family_amplitude_preflight,available_data_proxy:r_median+r_max+type_bin+bulge_frac+gas_fraction+surface_brightness,vobs_endpoint_residual_gain;required_S_tau;posthoc_family_choice
NGC4013,holdout,middle,K_compact_finite,1.0,none,3.0,mid_T_3_5,inc_edge_ge_80,4.0,0.138888888889,89.0,1.0,36,5.49,18.229999999999997,31.01,0.0690537022061544,0.22092004244758756,0.319161575792811,1.0181113042614893,2.412830002562326,10.864123957091774,6.380499999999999,32.08067765270643,22.257372373819518,0.11107416599276948,,,,,train_only_family_amplitude_preflight,available_data_proxy:r_median+r_max+type_bin+bulge_frac+gas_fraction+surface_brightness,vobs_endpoint_residual_gain;required_S_tau;posthoc_family_choice
NGC4088,holdout,candidate,K_thick_flared,0.9,vertical_geometry_proxy_only,4.0,mid_T_3_5,inc_high_60_80,4.0,0.138888888889,69.0,2.0,12,1.74,11.33,21.48,0.0897143210371243,0.0,0.0,1.5593413672138234,2.897649080327782,6.752085816448153,3.9654999999999996,22.443531807938715,11.33,0.12037144446670595,,,,,train_only_family_amplitude_preflight,available_data_proxy:r_median+r_max+type_bin+bulge_frac+gas_fraction+surface_brightness,vobs_endpoint_residual_gain;required_S_tau;posthoc_family_choice
NGC4183,holdout,control,K_exponential_disk,1.0,none,6.0,late_T_6_8,inc_edge_ge_80,4.0,0.138888888889,82.0,2.0,23,0.87,10.47,21.02,0.3105049950741936,0.0,0.0,0.7379536594352742,2.2046896204203605,6.239570917759238,3.6645,24.283407498229774,10.47,0.21972724778338715,,,,,train_only_family_amplitude_preflight,available_data_proxy:r_median+r_max+type_bin+bulge_frac+gas_fraction+surface_brightness,vobs_endpoint_residual_gain;required_S_tau;posthoc_family_choice
NGC4214,holdout,middle,K_scale_tail_spiral,0.8,low_inclination,10.0,irregular_T_ge_9,inc_low_lt_40,2.0,0.048780487805,15.0,10.0,14,0.21,2.925,5.63,0.1817104739123197,0.0,0.0,0.5123592877122507,2.7334380270910614,1.7431466030989273,1.02375,6.14151498406318,2.925,0.16176971326054387,,,,,train_only_family_amplitude_preflight,available_data_proxy:r_median+r_max+type_bin+bulge_frac+gas_fraction+surface_brightness,vobs_endpoint_residual_gain;required_S_tau;posthoc_family_choice
NGC4389,holdout,candidate,K_thick_flared,0.7000000000000001,few_rotation_points;vertical_geometry_proxy_only,4.0,mid_T_3_5,inc_mid_40_60,4.0,0.138888888889,50.0,4.0,6,0.87,3.145,5.32,0.0231227672033833,0.0,0.0,2.2501261736983182,2.89999549768761,1.8742550655542314,1.10075,5.381506560761,3.145,0.09040524524152249,,,,,train_only_family_amplitude_preflight,available_data_proxy:r_median+r_max+type_bin+bulge_frac+gas_fraction+surface_brightness,vobs_endpoint_residual_gain;required_S_tau;posthoc_family_choice
NGC5907,holdout,middle,K_thick_flared,0.9,vertical_geometry_proxy_only,5.0,mid_T_3_5,inc_edge_ge_80,2.0,0.052023121387,88.0,2.0,19,5.03,27.68,50.33,0.1572305088081207,0.0,0.0,0.8223570578314573,2.57362573693412,16.495828367103694,9.687999999999999,54.28670575415636,27.68,0.1507537289636543,,,,,train_only_family_amplitude_preflight,available_data_proxy:r_median+r_max+type_bin+bulge_frac+gas_fraction+surface_brightness,vobs_endpoint_residual_gain;required_S_tau;posthoc_family_choice
NGC5985,holdout,candidate,K_compact_finite,0.85,large_distance_error,3.0,mid_T_3_5,inc_high_60_80,1.0,0.249370277078,60.0,2.0,33,3.54,15.64,34.72,0.0295422230951346,0.13824751923841294,0.5574581155350338,1.8191020419726533,2.530289366272282,9.32061978545888,5.474,35.232852992931534,17.802191200888778,0.09329400039281058,,,,,train_only_family_amplitude_preflight,available_data_proxy:r_median+r_max+type_bin+bulge_frac+gas_fraction+surface_brightness,vobs_endpoint_residual_gain;required_S_tau;posthoc_family_choice
NGC6789,holdout,middle,K_scale_tail_spiral,0.8,few_rotation_points,11.0,irregular_T_ge_9,inc_mid_40_60,2.0,0.051136363636,43.0,7.0,4,0.1,0.405,0.71,0.3124876117263441,0.0,0.0,1.6495337685489222,2.1013689632492514,0.24135876042908228,0.14175,0.8209331021628522,0.405,0.22061942527685485,,,,,train_only_family_amplitude_preflight,available_data_proxy:r_median+r_max+type_bin+bulge_frac+gas_fraction+surface_brightness,vobs_endpoint_residual_gain;required_S_tau;posthoc_family_choice
NGC6946,holdout,middle,K_compact_finite,0.65,low_inclination;large_distance_error,6.0,late_T_6_8,inc_low_lt_40,2.0,0.300724637681,38.0,2.0,58,0.19,10.29,20.4,0.0727529263390916,0.1522384939532083,0.992215072630338,1.4486733791800546,3.206809690842736,6.132300357568534,3.6014999999999993,21.14207984865873,11.856534102778511,0.11273881685259121,,,,,train_only_family_amplitude_preflight,available_data_proxy:r_median+r_max+type_bin+bulge_frac+gas_fraction+surface_brightness,vobs_endpoint_residual_gain;required_S_tau;posthoc_family_choice
NGC7331,holdout,candidate,K_thick_flared,0.9,vertical_geometry_proxy_only,3.0,mid_T_3_5,inc_high_60_80,3.0,0.102040816327,75.0,2.0,36,2.67,17.61,36.31,0.0717586900579991,0.06960288293076379,0.2064409735332409,1.4992933896487588,3.3073697960474604,10.494636471990464,6.163499999999999,37.612779018002975,18.83570676841075,0.1122914105260996,,,,,train_only_family_amplitude_preflight,available_data_proxy:r_median+r_max+type_bin+bulge_frac+gas_fraction+surface_brightness,vobs_endpoint_residual_gain;required_S_tau;posthoc_family_choice
UGC00731,holdout,middle,K_scale_tail_spiral,0.85,large_distance_error,10.0,irregular_T_ge_9,inc_mid_40_60,1.0,0.3,57.0,3.0,12,0.91,5.905,10.91,0.6981765286092368,0.0,0.0,-0.025815124639409128,0.9370161074648142,3.519070321811681,2.06675,14.718552963563388,5.905,0.3941794378741566,,,,,train_only_family_amplitude_preflight,available_data_proxy:r_median+r_max+type_bin+bulge_frac+gas_fraction+surface_brightness,vobs_endpoint_residual_gain;required_S_tau;posthoc_family_choice
UGC00891,holdout,control,K_scale_tail_spiral,0.65,few_rotation_points;large_distance_error,9.0,irregular_T_ge_9,inc_high_60_80,1.0,0.303921568627,60.0,5.0,5,1.48,4.45,7.39,0.6490832991042254,0.0,0.0,0.34356872624170465,1.0681858617461617,2.65196662693683,1.5574999999999999,9.788362790190112,4.45,0.37208748459690144,,,,,train_only_family_amplitude_preflight,available_data_proxy:r_median+r_max+type_bin+bulge_frac+gas_fraction+surface_brightness,vobs_endpoint_residual_gain;required_S_tau;posthoc_family_choice
UGC02023,holdout,middle,K_scale_tail_spiral,0.45000000000000007,few_rotation_points;low_inclination;large_distance_error,10.0,irregular_T_ge_9,inc_low_lt_40,1.0,0.298076923077,19.0,10.0,5,0.76,2.27,3.78,0.2065996906946769,0.0,0.0,1.3052473883073465,1.750970984437319,1.3528009535160908,0.7945,4.170473415412939,2.27,0.17296986081260463,,,,,train_only_family_amplitude_preflight,available_data_proxy:r_median+r_max+type_bin+bulge_frac+gas_fraction+surface_brightness,vobs_endpoint_residual_gain;required_S_tau;posthoc_family_choice
UGC02259,holdout,middle,K_exponential_disk,0.85,large_distance_error,8.0,late_T_6_8,inc_mid_40_60,1.0,0.295238095238,41.0,3.0,8,1.02,4.58,8.14,0.3172235144329202,0.0,0.0,0.93637921076369,1.73559889969818,2.729439809296782,1.603,9.431099703741985,4.58,0.22275058149481408,,,,,train_only_family_amplitude_preflight,available_data_proxy:r_median+r_max+type_bin+bulge_frac+gas_fraction+surface_brightness,vobs_endpoint_residual_gain;required_S_tau;posthoc_family_choice
UGC03580,holdout,candidate,K_compact_finite,0.85,large_distance_error,1.0,early_T_le_2,inc_high_60_80,1.0,0.251207729469,63.0,4.0,47,0.11,2.75,27.06,0.1211569446494558,0.4791248393342344,0.9635093511456176,1.4587470405365592,2.8163871454023504,1.6388557806912993,0.9624999999999999,28.699253461107133,4.067593308169145,0.1345206250922551,,,,,train_only_family_amplitude_preflight,available_data_proxy:r_median+r_max+type_bin+bulge_frac+gas_fraction+surface_brightness,vobs_endpoint_residual_gain;required_S_tau;posthoc_family_choice
UGC04305,holdout,candidate,K_scale_tail_spiral,1.0,none,10.0,irregular_T_ge_9,inc_mid_40_60,2.0,0.049275362319,40.0,10.0,22,0.25,2.885,5.52,0.3264755733989134,0.0,0.0,0.9717774827553185,1.8678797834583796,1.7193087008343264,1.00975,6.421072582581001,2.885,0.22691400802951106,,,,,train_only_family_amplitude_preflight,available_data_proxy:r_median+r_max+type_bin+bulge_frac+gas_fraction+surface_brightness,vobs_endpoint_residual_gain;required_S_tau;posthoc_family_choice
UGC04499,holdout,control,K_scale_tail_spiral,0.85,large_distance_error,8.0,late_T_6_8,inc_mid_40_60,1.0,0.3,50.0,3.0,9,0.91,4.55,8.18,0.4014144819607657,0.0,0.0,0.8990085544282319,1.783117137490467,2.7115613825983313,1.5924999999999998,9.82178523121953,4.55,0.26063651688234457,,,,,train_only_family_amplitude_preflight,available_data_proxy:r_median+r_max+type_bin+bulge_frac+gas_fraction+surface_brightness,vobs_endpoint_residual_gain;required_S_tau;posthoc_family_choice
UGC05414,holdout,control,K_scale_tail_spiral,0.65,few_rotation_points;large_distance_error,10.0,irregular_T_ge_9,inc_mid_40_60,1.0,0.3,55.0,3.0,6,0.68,2.395,4.11,0.324183597346988,0.0,0.0,1.2388119296351854,1.8004421213362567,1.427294398092968,0.8382499999999999,4.77619729254806,2.395,0.22588261880614457,,,,,train_only_family_amplitude_preflight,available_data_proxy:r_median+r_max+type_bin+bulge_frac+gas_fraction+surface_brightness,vobs_endpoint_residual_gain;required_S_tau;posthoc_family_choice
UGC05716,holdout,control,K_scale_tail_spiral,0.85,large_distance_error,9.0,irregular_T_ge_9,inc_mid_40_60,1.0,0.24882629108,54.0,10.0,12,1.03,6.715,12.37,0.5919140777136948,0.0,0.0,-0.3065499209028079,1.4868553552769432,4.001787842669845,2.35025,16.0309885706592,6.715,0.34636133497116267,,,,,train_only_family_amplitude_preflight,available_data_proxy:r_median+r_max+type_bin+bulge_frac+gas_fraction+surface_brightness,vobs_endpoint_residual_gain;required_S_tau;posthoc_family_choice
UGC05829,holdout,control,K_scale_tail_spiral,0.65,low_inclination;large_distance_error,10.0,irregular_T_ge_9,inc_low_lt_40,1.0,0.299768518519,34.0,10.0,11,0.63,3.77,6.91,0.4095202439337575,0.0,0.0,0.564761179691312,1.2187979981117376,2.2467222884386175,1.3195,8.324892442791132,3.77,0.2642841097701909,,,,,train_only_family_amplitude_preflight,available_data_proxy:r_median+r_max+type_bin+bulge_frac+gas_fraction+surface_brightness,vobs_endpoint_residual_gain;required_S_tau;posthoc_family_choice
UGC05986,holdout,middle,K_scale_tail_spiral,0.85,large_distance_error,9.0,irregular_T_ge_9,inc_edge_ge_80,1.0,0.300115874855,90.0,3.0,15,0.63,5.02,9.41,0.1622868556235787,0.0,0.0,1.525243100141133,2.2808286776397315,2.9916567342073894,1.7569999999999997,10.173559655708937,5.02,0.1530290850306104,,,,,train_only_family_amplitude_preflight,available_data_proxy:r_median+r_max+type_bin+bulge_frac+gas_fraction+surface_brightness,vobs_endpoint_residual_gain;required_S_tau;posthoc_family_choice
UGC06818,holdout,middle,K_scale_tail_spiral,1.0,none,9.0,irregular_T_ge_9,inc_high_60_80,4.0,0.138888888889,75.0,3.0,8,0.87,3.935,6.98,0.1822137317919296,0.0,0.0,0.8897410130522616,1.8845688149183333,2.3450536352800957,1.3772499999999999,7.615925923953835,3.935,0.16199617930636834,,,,,train_only_family_amplitude_preflight,available_data_proxy:r_median+r_max+type_bin+bulge_frac+gas_fraction+surface_brightness,vobs_endpoint_residual_gain;required_S_tau;posthoc_family_choice
UGC06917,holdout,control,K_scale_tail_spiral,1.0,none,9.0,irregular_T_ge_9,inc_mid_40_60,4.0,0.138888888889,56.0,2.0,11,1.74,6.11,10.47,0.1850275089777395,0.0,0.0,1.2021139934622245,1.92453771777549,3.6412395709177594,2.1385,11.438619009498467,6.11,0.16326237903998278,,,,,train_only_family_amplitude_preflight,available_data_proxy:r_median+r_max+type_bin+bulge_frac+gas_fraction+surface_brightness,vobs_endpoint_residual_gain;required_S_tau;posthoc_family_choice
UGC06983,holdout,middle,K_scale_tail_spiral,1.0,none,6.0,late_T_6_8,inc_mid_40_60,4.0,0.138888888889,49.0,1.0,17,1.74,8.72,15.68,0.3526909491487769,0.0,0.0,0.8555732325327188,1.9951962915971797,5.196662693682956,3.052,18.44509704132641,8.72,0.23871092711694963,,,,,train_only_family_amplitude_preflight,available_data_proxy:r_median+r_max+type_bin+bulge_frac+gas_fraction+surface_brightness,vobs_endpoint_residual_gain;required_S_tau;posthoc_family_choice
UGC07151,holdout,control,K_exponential_disk,1.0,none,6.0,late_T_6_8,inc_edge_ge_80,2.0,0.049490538574,90.0,3.0,11,0.5,3.0,5.5,0.1977479474520546,0.0,0.0,1.3717665100620258,2.2242221860846487,1.7878426698450538,1.0499999999999998,6.04380685549315,3.0,0.16898657635342457,,,,,train_only_family_amplitude_preflight,available_data_proxy:r_median+r_max+type_bin+bulge_frac+gas_fraction+surface_brightness,vobs_endpoint_residual_gain;required_S_tau;posthoc_family_choice
UGC07261,holdout,control,K_exponential_disk,0.45000000000000007,few_rotation_points;low_inclination;large_distance_error,8.0,late_T_6_8,inc_low_lt_40,1.0,0.3,30.0,10.0,7,0.95,3.81,6.67,0.2064259010278633,0.0,0.0,1.1989104906357924,1.9871745010875417,2.2705601907032182,1.3335,7.358430379927924,3.81,0.17289165546253848,,,,,train_only_family_amplitude_preflight,available_data_proxy:r_median+r_max+type_bin+bulge_frac+gas_fraction+surface_brightness,vobs_endpoint_residual_gain;required_S_tau;posthoc_family_choice
UGC07577,holdout,middle,K_scale_tail_spiral,1.0,none,10.0,irregular_T_ge_9,inc_high_60_80,2.0,0.050193050193,63.0,3.0,9,0.19,0.94,1.69,0.1092797408700384,0.0,0.0,0.7744462575574903,1.1574567681342256,0.5601907032181168,0.32899999999999996,1.7823413810351825,0.94,0.12917588339151728,,,,,train_only_family_amplitude_preflight,available_data_proxy:r_median+r_max+type_bin+bulge_frac+gas_fraction+surface_brightness,vobs_endpoint_residual_gain;required_S_tau;posthoc_family_choice
UGC07603,holdout,middle,K_exponential_disk,0.85,large_distance_error,7.0,late_T_6_8,inc_high_60_80,1.0,0.3,78.0,3.0,12,0.34,2.2199999999999998,4.11,0.3367115321762238,0.0,0.0,0.6439810306985554,2.0285712526925375,1.3230035756853396,0.7769999999999999,4.8019421986221404,2.2199999999999998,0.2315201894793007,,,,,train_only_family_amplitude_preflight,available_data_proxy:r_median+r_max+type_bin+bulge_frac+gas_fraction+surface_brightness,vobs_endpoint_residual_gain;required_S_tau;posthoc_family_choice
UGC08699,holdout,middle,K_compact_finite,0.85,large_distance_error,2.0,early_T_le_2,inc_high_60_80,1.0,0.249872773537,73.0,9.0,41,0.22,7.16,25.7,0.0491906047533491,0.5016099888270507,0.980448697417964,1.7372115100390335,3.1087036781837147,4.266984505363529,2.506,26.332099271080533,10.751527520001684,0.1021357721390071,,,,,train_only_family_amplitude_preflight,available_data_proxy:r_median+r_max+type_bin+bulge_frac+gas_fraction+surface_brightness,vobs_endpoint_residual_gain;required_S_tau;posthoc_family_choice
UGC11914,holdout,candidate,K_compact_finite,0.65,low_inclination;large_distance_error,2.0,early_T_le_2,inc_low_lt_40,1.0,0.301775147929,31.0,5.0,65,0.28,3.83,9.83,0.0032428364674103,0.5692553771698209,0.9724360634892316,2.7729184940052973,3.390221289211499,2.282479141835519,1.3405,9.845938541237322,6.0102480945604135,0.08145927641033464,,,,,train_only_family_amplitude_preflight,available_data_proxy:r_median+r_max+type_bin+bulge_frac+gas_fraction+surface_brightness,vobs_endpoint_residual_gain;required_S_tau;posthoc_family_choice
UGC12506,holdout,candidate,K_exponential_disk,1.0,none,6.0,late_T_6_8,inc_edge_ge_80,1.0,0.100397614314,86.0,4.0,31,0.82,25.41,49.99,0.2228774584139502,0.0,0.0,1.3363116482200457,2.616212862243485,15.143027413587605,8.8935,55.56082207305669,25.41,0.18029485628627762,,,,,train_only_family_amplitude_preflight,available_data_proxy:r_median+r_max+type_bin+bulge_frac+gas_fraction+surface_brightness,vobs_endpoint_residual_gain;required_S_tau;posthoc_family_choice
UGCA444,holdout,control,K_scale_tail_spiral,1.0,none,10.0,irregular_T_ge_9,inc_high_60_80,2.0,0.051020408163,78.0,4.0,36,0.12,1.365,2.62,0.8579461284441405,0.0,0.0,-0.13885788374076485,0.5289167002776547,0.8134684147794994,0.47774999999999995,3.7439094282618246,1.365,0.46607575779986327,,,,,train_only_family_amplitude_preflight,available_data_proxy:r_median+r_max+type_bin+bulge_frac+gas_fraction+surface_brightness,vobs_endpoint_residual_gain;required_S_tau;posthoc_family_choice
D512-2,train,control,K_scale_tail_spiral,0.65,few_rotation_points;large_distance_error,10.0,irregular_T_ge_9,inc_mid_40_60,1.0,0.3,56.0,10.0,4,0.96,2.4,3.83,0.1829782152588811,0.0,0.0,0.6932048892577652,1.216165902285993,1.430274135876043,0.84,4.180403282220758,2.4,0.1623401968664965,,,,,train_only_family_amplitude_preflight,available_data_proxy:r_median+r_max+type_bin+bulge_frac+gas_fraction+surface_brightness,vobs_endpoint_residual_gain;required_S_tau;posthoc_family_choice
D564-8,train,control,K_scale_tail_spiral,0.8,few_rotation_points,10.0,irregular_T_ge_9,inc_high_60_80,2.0,0.031854379977,63.0,7.0,6,0.51,1.7850000000000001,3.07,0.5126399479257571,0.0,0.0,0.07767230530084954,0.8041394323353505,1.063766388557807,0.62475,3.856902320066037,1.7850000000000001,0.3106879765665907,,,,,train_only_family_amplitude_preflight,available_data_proxy:r_median+r_max+type_bin+bulge_frac+gas_fraction+surface_brightness,vobs_endpoint_residual_gain;required_S_tau;posthoc_family_choice
D631-7,train,middle,K_scale_tail_spiral,1.0,none,10.0,irregular_T_ge_9,inc_mid_40_60,2.0,0.023316062176,59.0,3.0,16,0.45,3.815,7.19,0.7290748086624049,0.0,0.0,-0.31750885906434323,1.4159744113765658,2.273539928486293,1.3352499999999998,9.811023937141346,3.815,0.40808366389808226,,,,,train_only_family_amplitude_preflight,available_data_proxy:r_median+r_max+type_bin+bulge_frac+gas_fraction+surface_brightness,vobs_endpoint_residual_gain;required_S_tau;posthoc_family_choice
DDO064,train,control,K_scale_tail_spiral,0.85,large_distance_error,10.0,irregular_T_ge_9,inc_high_60_80,1.0,0.3,60.0,5.0,14,0.1,1.385,2.98,0.1992968075345361,0.0,0.0,0.9397901170390284,1.4548448600085102,0.8253873659117998,0.48474999999999996,3.2769522432264586,1.385,0.16968356339054125,,,,,train_only_family_amplitude_preflight,available_data_proxy:r_median+r_max+type_bin+bulge_frac+gas_fraction+surface_brightness,vobs_endpoint_residual_gain;required_S_tau;posthoc_family_choice
DDO154,train,control,K_scale_tail_spiral,1.0,none,10.0,irregular_T_ge_9,inc_high_60_80,2.0,0.049504950495,64.0,3.0,12,0.49,3.21,5.92,0.7491305343093885,0.0,0.0,-0.4698509458281751,1.2022157758011316,1.9129916567342073,1.1235,8.13742638155579,3.21,0.41710874043922486,,,,,train_only_family_amplitude_preflight,available_data_proxy:r_median+r_max+type_bin+bulge_frac+gas_fraction+surface_brightness,vobs_endpoint_residual_gain;required_S_tau;posthoc_family_choice
DDO161,train,middle,K_scale_tail_spiral,0.85,large_distance_error,10.0,irregular_T_ge_9,inc_high_60_80,1.0,0.3,70.0,10.0,31,0.6,6.28,13.37,0.7263244683789362,0.0,0.0,-0.09364204099653604,1.481729196960016,3.7425506555423125,2.198,18.225479071113185,6.28,0.4068460107705213,,,,,train_only_family_amplitude_preflight,available_data_proxy:r_median+r_max+type_bin+bulge_frac+gas_fraction+surface_brightness,vobs_endpoint_residual_gain;required_S_tau;posthoc_family_choice
DDO168,train,control,K_scale_tail_spiral,1.0,none,10.0,irregular_T_ge_9,inc_high_60_80,2.0,0.049411764706,63.0,6.0,10,0.41,2.265,4.12,0.7790746755026204,0.0,0.0,0.6317616096480424,1.3102683666324475,1.3498212157330156,0.79275,5.7248938315353985,2.265,0.43058360397617923,,,,,train_only_family_amplitude_preflight,available_data_proxy:r_median+r_max+type_bin+bulge_frac+gas_fraction+surface_brightness,vobs_endpoint_residual_gain;required_S_tau;posthoc_family_choice
DDO170,train,control,K_scale_tail_spiral,0.85,large_distance_error,10.0,irregular_T_ge_9,inc_high_60_80,1.0,0.3,66.0,7.0,8,1.87,7.1,12.33,0.7040687456367871,0.0,0.0,-0.046844071532999375,0.9722028383790644,4.231227651966627,2.485,16.670583816850794,7.1,0.39683093553655424,,,,,train_only_family_amplitude_preflight,available_data_proxy:r_median+r_max+type_bin+bulge_frac+gas_fraction+surface_brightness,vobs_endpoint_residual_gain;required_S_tau;posthoc_family_choice
ESO079-G014,train,middle,K_thick_flared,0.75,large_distance_error;vertical_geometry_proxy_only,4.0,mid_T_3_5,inc_high_60_80,1.0,0.249825783972,79.0,5.0,15,0.41,6.34,16.67,0.0574609622564911,0.0,0.0,1.9018495982954926,2.6582785726002687,3.7783075089392133,2.219,17.148937120407854,6.34,0.105857433015421,,,,,train_only_family_amplitude_preflight,available_data_proxy:r_median+r_max+type_bin+bulge_frac+gas_fraction+surface_brightness,vobs_endpoint_residual_gain;required_S_tau;posthoc_family_choice
ESO444-G084,train,middle,K_scale_tail_spiral,0.6000000000000001,few_rotation_points;low_inclination,10.0,irregular_T_ge_9,inc_low_lt_40,2.0,0.099378881988,32.0,6.0,7,0.26,1.81,4.44,0.7136783009762161,0.0,0.0,0.17545655937158341,1.495405563146193,1.0786650774731825,0.6335,6.0243658281672,1.81,0.40115523543929726,,,,,train_only_family_amplitude_preflight,available_data_proxy:r_median+r_max+type_bin+bulge_frac+gas_fraction+surface_brightness,vobs_endpoint_residual_gain;required_S_tau;posthoc_family_choice
ESO563-G021,train,candidate,K_thick_flared,0.9,vertical_geometry_proxy_only,4.0,mid_T_3_5,inc_edge_ge_80,1.0,0.149671052632,83.0,3.0,30,0.45,17.695,42.41,0.0478026547176993,0.0,0.0,1.6619562058884083,3.3214617211308166,10.545292014302742,6.19325,43.42365529328882,17.695,0.10151119462296469,,,,,train_only_family_amplitude_preflight,available_data_proxy:r_median+r_max+type_bin+bulge_frac+gas_fraction+surface_brightness,vobs_endpoint_residual_gain;required_S_tau;posthoc_family_choice
F563-V1,train,candidate,K_scale_tail_spiral,0.8,few_rotation_points,10.0,irregular_T_ge_9,inc_high_60_80,1.0,0.2,60.0,10.0,6,1.31,4.585,7.87,0.45010223296008417,0.0,0.0,0.7119954163859674,1.100370545117563,2.732419547079857,1.60475,9.641152286697931,4.585,0.2825460048320379,,,,,train_only_family_amplitude_preflight,available_data_proxy:r_median+r_max+type_bin+bulge_frac+gas_fraction+surface_brightness,vobs_endpoint_residual_gain;required_S_tau;posthoc_family_choice
F563-V2,train,candidate,K_scale_tail_spiral,0.8,low_inclination,10.0,irregular_T_ge_9,inc_low_lt_40,1.0,0.19932998325,29.0,10.0,10,0.28,3.5549999999999997,10.47,0.3150312191741706,0.0,0.0,1.0515141830142574,1.8325089127062364,2.1185935637663884,1.2442499999999999,12.119188432376784,3.5549999999999997,0.2217640486283768,,,,,train_only_family_amplitude_preflight,available_data_proxy:r_median+r_max+type_bin+bulge_frac+gas_fraction+surface_brightness,vobs_endpoint_residual_gain;required_S_tau;posthoc_family_choice
F565-V2,train,middle,K_scale_tail_spiral,0.65,few_rotation_points;large_distance_error,10.0,irregular_T_ge_9,inc_high_60_80,1.0,0.200772200772,60.0,10.0,7,1.26,5.03,8.8,0.601619606663297,0.0,0.0,0.2801549849789163,1.09968064110925,2.99761620977354,1.7605,11.447126269318508,5.03,0.3507288229984836,,,,,train_only_family_amplitude_preflight,available_data_proxy:r_median+r_max+type_bin+bulge_frac+gas_fraction+surface_brightness,vobs_endpoint_residual_gain;required_S_tau;posthoc_family_choice
F567-2,train,middle,K_scale_tail_spiral,0.6000000000000001,few_rotation_points;low_inclination,9.0,irregular_T_ge_9,inc_low_lt_40,1.0,0.149367088608,20.0,10.0,5,1.92,5.75,9.59,0.041325550863959,0.0,0.0,0.7763947941760252,1.345765693114488,3.426698450536353,2.0124999999999997,9.788156016392684,5.75,0.09859649788878155,,,,,train_only_family_amplitude_preflight,available_data_proxy:r_median+r_max+type_bin+bulge_frac+gas_fraction+surface_brightness,vobs_endpoint_residual_gain;required_S_tau;posthoc_family_choice
F568-3,train,middle,K_exponential_disk,1.0,none,7.0,late_T_6_8,inc_mid_40_60,1.0,0.1,40.0,10.0,18,0.64,4.869999999999999,17.98,0.1802245674121936,0.0,0.0,1.1915866520345506,1.8295610562993927,2.902264600715137,1.7044999999999997,19.60021886103562,4.869999999999999,0.16110105533548713,,,,,train_only_family_amplitude_preflight,available_data_proxy:r_median+r_max+type_bin+bulge_frac+gas_fraction+surface_brightness,vobs_endpoint_residual_gain;required_S_tau;posthoc_family_choice
F568-V1,train,candidate,K_exponential_disk,1.0,none,7.0,late_T_6_8,inc_mid_40_60,1.0,0.1,40.0,10.0,15,0.39,5.87,17.63,0.1955578745133887,0.0,0.0,1.0454141177062042,1.9992610711131005,3.4982121573301552,2.0545,19.353842663835522,5.87,0.1680010435310249,,,,,train_only_family_amplitude_preflight,available_data_proxy:r_median+r_max+type_bin+bulge_frac+gas_fraction+surface_brightness,vobs_endpoint_residual_gain;required_S_tau;posthoc_family_choice
F571-8,train,candidate,K_thick_flared,0.75,large_distance_error;vertical_geometry_proxy_only,5.0,mid_T_3_5,inc_edge_ge_80,1.0,0.200750469043,85.0,5.0,13,0.22,4.77,15.55,0.0246076022689681,0.0,0.0,1.4773599874145207,3.2663657755870577,2.842669845053635,1.6694999999999998,15.741324107641228,4.77,0.09107342102103565,,,,,train_only_family_amplitude_preflight,available_data_proxy:r_median+r_max+type_bin+bulge_frac+gas_fraction+surface_brightness,vobs_endpoint_residual_gain;required_S_tau;posthoc_family_choice
F571-V1,train,control,K_scale_tail_spiral,0.6000000000000001,few_rotation_points;low_inclination,7.0,late_T_6_8,inc_low_lt_40,1.0,0.099875156055,30.0,10.0,7,1.95,7.78,13.59,0.4944615826677371,0.0,0.0,0.5156793117504672,1.369957607346053,4.636471990464839,2.723,16.949866454227273,7.78,0.3025077122004817,,,,,train_only_family_amplitude_preflight,available_data_proxy:r_median+r_max+type_bin+bulge_frac+gas_fraction+surface_brightness,vobs_endpoint_residual_gain;required_S_tau;posthoc_family_choice
F574-1,train,middle,K_exponential_disk,1.0,none,7.0,late_T_6_8,inc_high_60_80,1.0,0.1,65.0,10.0,14,0.47,6.58,12.6,0.1509646831563863,0.0,0.0,1.139464245847707,2.0194901629975077,3.921334922526818,2.303,13.551077503885233,6.58,0.14793410742037383,,,,,train_only_family_amplitude_preflight,available_data_proxy:r_median+r_max+type_bin+bulge_frac+gas_fraction+surface_brightness,vobs_endpoint_residual_gain;required_S_tau;posthoc_family_choice
F574-2,train,candidate,K_scale_tail_spiral,0.6000000000000001,few_rotation_points;low_inclination,9.0,irregular_T_ge_9,inc_low_lt_40,1.0,0.1,30.0,10.0,5,2.17,6.49,10.83,0.1330475659417185,0.0,0.0,0.8321018279674817,1.2826221128780626,3.8676996424314662,2.2715,11.550452569574405,6.49,0.13987140467377332,,,,,train_only_family_amplitude_preflight,available_data_proxy:r_median+r_max+type_bin+bulge_frac+gas_fraction+surface_brightness,vobs_endpoint_residual_gain;required_S_tau;posthoc_family_choice
F579-V1,train,middle,K_thick_flared,0.7000000000000001,low_inclination;vertical_geometry_proxy_only,5.0,mid_T_3_5,inc_low_lt_40,1.0,0.1,26.0,10.0,14,0.42,6.005000000000001,15.16,0.0989417908584865,0.0,0.0,1.3966085480435169,2.2225604091652236,3.578665077473183,2.10175,15.909978774707328,6.005000000000001,0.12452380588631892,,,,,train_only_family_amplitude_preflight,available_data_proxy:r_median+r_max+type_bin+bulge_frac+gas_fraction+surface_brightness,vobs_endpoint_residual_gain;required_S_tau;posthoc_family_choice
F583-1,train,middle,K_scale_tail_spiral,0.85,large_distance_error,9.0,irregular_T_ge_9,inc_high_60_80,1.0,0.25,63.0,5.0,25,0.26,3.86,16.26,0.1919541705876132,0.0,0.0,0.7648490504112828,1.5350408132511606,2.300357568533969,1.351,17.820587406877298,3.86,0.16637937676442593,,,,,train_only_family_amplitude_preflight,available_data_proxy:r_median+r_max+type_bin+bulge_frac+gas_fraction+surface_brightness,vobs_endpoint_residual_gain;required_S_tau;posthoc_family_choice
F583-4,train,control,K_thick_flared,0.75,large_distance_error;vertical_geometry_proxy_only,5.0,mid_T_3_5,inc_mid_40_60,1.0,0.200750469043,55.0,10.0,12,0.22,4.675,7.29,0.11316579514847798,0.0,0.0,1.0754630461670265,1.8399805576783428,2.786054827175209,1.6362499999999998,7.702489323316203,4.675,0.1309246078168151,,,,,train_only_family_amplitude_preflight,available_data_proxy:r_median+r_max+type_bin+bulge_frac+gas_fraction+surface_brightness,vobs_endpoint_residual_gain;required_S_tau;posthoc_family_choice
KK98-251,train,middle,K_scale_tail_spiral,0.85,large_distance_error,10.0,irregular_T_ge_9,inc_mid_40_60,1.0,0.3,59.0,5.0,15,0.25,1.4,3.13,0.7299731114553866,0.0,0.0,0.5944204822522641,0.9390197764486664,0.834326579261025,0.48999999999999994,4.27240791942768,1.4,0.408487900154924,,,,,train_only_family_amplitude_preflight,available_data_proxy:r_median+r_max+type_bin+bulge_frac+gas_fraction+surface_brightness,vobs_endpoint_residual_gain;required_S_tau;posthoc_family_choice
NGC0055,train,middle,K_scale_tail_spiral,1.0,none,9.0,irregular_T_ge_9,inc_high_60_80,2.0,0.052132701422,77.0,3.0,21,1.23,7.37,13.5,0.5636871759105618,0.0,0.0,0.9481123405254441,1.7634279935629371,4.392133492252682,2.5795,17.304888437396293,7.37,0.3336592291597528,,,,,train_only_family_amplitude_preflight,available_data_proxy:r_median+r_max+type_bin+bulge_frac+gas_fraction+surface_brightness,vobs_endpoint_residual_gain;required_S_tau;posthoc_family_choice
NGC0100,train,control,K_exponential_disk,0.85,large_distance_error,6.0,late_T_6_8,inc_edge_ge_80,1.0,0.3,89.0,1.0,21,0.23,4.79,9.62,0.1353722904856278,0.0,0.0,0.9832195240295576,2.1542413301672982,2.854588796185936,1.6764999999999999,10.27114071723587,4.79,0.14091753071853252,,,,,train_only_family_amplitude_preflight,available_data_proxy:r_median+r_max+type_bin+bulge_frac+gas_fraction+surface_brightness,vobs_endpoint_residual_gain;required_S_tau;posthoc_family_choice
NGC0247,train,control,K_exponential_disk,1.0,none,7.0,late_T_6_8,inc_high_60_80,2.0,0.051351351351,74.0,3.0,26,1.08,7.800000000000001,14.54,0.2780788625868493,0.0,0.0,1.0216021887480098,1.819675519994293,4.64839094159714,2.73,16.561633331006394,7.800000000000001,0.20513548816408217,,,,,train_only_family_amplitude_preflight,available_data_proxy:r_median+r_max+type_bin+bulge_frac+gas_fraction+surface_brightness,vobs_endpoint_residual_gain;required_S_tau;posthoc_family_choice
NGC0289,train,middle,K_thick_flared,0.75,large_distance_error;vertical_geometry_proxy_only,4.0,mid_T_3_5,inc_mid_40_60,1.0,0.25,46.0,5.0,28,1.5,30.255,71.12,0.3264680293358429,0.0,0.0,0.28284513819261864,3.1437608955657024,18.030393325387365,10.58925,82.72920312318257,30.255,0.22691061320112932,,,,,train_only_family_amplitude_preflight,available_data_proxy:r_median+r_max+type_bin+bulge_frac+gas_fraction+surface_brightness,vobs_endpoint_residual_gain;required_S_tau;posthoc_family_choice
NGC0300,train,middle,K_exponential_disk,1.0,none,7.0,late_T_6_8,inc_mid_40_60,2.0,0.048076923077,42.0,10.0,25,0.91,6.36,11.8,0.2524806244199543,0.0,0.0,0.6574265386880047,1.9566485792052033,3.790226460071514,2.226,13.28963568407773,6.36,0.19361628098897943,,,,,train_only_family_amplitude_preflight,available_data_proxy:r_median+r_max+type_bin+bulge_frac+gas_fraction+surface_brightness,vobs_endpoint_residual_gain;required_S_tau;posthoc_family_choice
NGC0801,train,candidate,K_thick_flared,0.9,vertical_geometry_proxy_only,5.0,mid_T_3_5,inc_edge_ge_80,1.0,0.1,80.0,1.0,13,1.17,17.65,59.82,0.081133378243954,0.0,0.0,1.9951723710897176,3.4632761813503317,10.518474374255065,6.177499999999999,62.24669934327666,17.65,0.1165100202097793,,,,,train_only_family_amplitude_preflight,available_data_proxy:r_median+r_max+type_bin+bulge_frac+gas_fraction+surface_brightness,vobs_endpoint_residual_gain;required_S_tau;posthoc_family_choice
NGC0891,train,candidate,K_compact_finite,1.0,none,3.0,mid_T_3_5,inc_edge_ge_80,2.0,0.050454086781,90.0,1.0,18,0.92,9.265,17.11,0.0332828051711864,0.2235566106692832,0.8610048919716082,1.858026248534805,3.4548555267595273,5.521454112038141,3.24275,17.3947343982395,11.33625199785091,0.09497726232703388,,,,,train_only_family_amplitude_preflight,available_data_proxy:r_median+r_max+type_bin+bulge_frac+gas_fraction+surface_brightness,vobs_endpoint_residual_gain;required_S_tau;posthoc_family_choice
NGC1003,train,middle,K_scale_tail_spiral,0.85,large_distance_error,6.0,late_T_6_8,inc_high_60_80,1.0,0.3,67.0,5.0,36,1.25,15.745,30.24,0.4134634055397422,0.0,0.0,0.05021327702122619,2.2447964787476224,9.383194278903456,5.51075,36.4915666917609,15.745,0.26605853249288397,,,,,train_only_family_amplitude_preflight,available_data_proxy:r_median+r_max+type_bin+bulge_frac+gas_fraction+surface_brightness,vobs_endpoint_residual_gain;required_S_tau;posthoc_family_choice
NGC1090,train,middle,K_thick_flared,0.75,large_distance_error;vertical_geometry_proxy_only,4.0,mid_T_3_5,inc_high_60_80,1.0,0.25,64.0,3.0,24,0.35,15.705,30.09,0.1157557203351142,0.0,0.0,1.1905175547260551,3.187641967953542,9.359356376638857,5.49675,31.831544812441795,15.705,0.1320900741508014,,,,,train_only_family_amplitude_preflight,available_data_proxy:r_median+r_max+type_bin+bulge_frac+gas_fraction+surface_brightness,vobs_endpoint_residual_gain;required_S_tau;posthoc_family_choice
NGC1705,train,middle,K_scale_tail_spiral,1.0,none,11.0,irregular_T_ge_9,inc_edge_ge_80,2.0,0.050610820244,80.0,10.0,14,0.22,3.115,6.0,0.3380916901906999,0.0,0.0,0.22435242117842633,2.709990359852276,1.856376638855781,1.09025,7.014275070572101,3.115,0.23214126058581497,,,,,train_only_family_amplitude_preflight,available_data_proxy:r_median+r_max+type_bin+bulge_frac+gas_fraction+surface_brightness,vobs_endpoint_residual_gain;required_S_tau;posthoc_family_choice
NGC2366,train,middle,K_scale_tail_spiral,1.0,none,10.0,irregular_T_ge_9,inc_high_60_80,2.0,0.048929663609,68.0,5.0,26,0.12,3.09,6.06,0.5932214289876663,0.0,0.0,-0.043928554504358105,1.7134905430939424,1.8414779499404053,1.0815,7.857460929832629,3.09,0.34694964304444986,,,,,train_only_family_amplitude_preflight,available_data_proxy:r_median+r_max+type_bin+bulge_frac+gas_fraction+surface_brightness,vobs_endpoint_residual_gain;required_S_tau;posthoc_family_choice
NGC2403,train,middle,K_exponential_disk,1.0,none,6.0,late_T_6_8,inc_high_60_80,2.0,0.050632911392,63.0,3.0,73,0.16,3.79,20.87,0.2240697473760753,0.0,0.0,1.254477272840949,3.043672658161538,2.2586412395709177,1.3265,23.20816781386935,3.79,0.1808313863192339,,,,,train_only_family_amplitude_preflight,available_data_proxy:r_median+r_max+type_bin+bulge_frac+gas_fraction+surface_brightness,vobs_endpoint_residual_gain;required_S_tau;posthoc_family_choice
NGC2841,train,candidate,K_compact_finite,1.0,none,3.0,mid_T_3_5,inc_high_60_80,3.0,0.099290780142,76.0,10.0,50,3.44,13.33,63.64,0.1292219698933915,0.3327677068343596,0.7504850772761782,1.3326522610343003,2.748513625783343,7.9439809296781885,4.6655,67.75184308200772,17.765793532102013,0.13814988645202617,,,,,train_only_family_amplitude_preflight,available_data_proxy:r_median+r_max+type_bin+bulge_frac+gas_fraction+surface_brightness,vobs_endpoint_residual_gain;required_S_tau;posthoc_family_choice
NGC2903,train,candidate,K_thick_flared,0.75,large_distance_error;vertical_geometry_proxy_only,4.0,mid_T_3_5,inc_high_60_80,1.0,0.3,66.0,3.0,34,0.32,9.120000000000001,24.96,0.0496469477804444,0.0,0.0,1.3307327366895614,3.868854188993705,5.435041716328964,3.192,25.579593908299948,9.120000000000001,0.10234112650119997,,,,,train_only_family_amplitude_preflight,available_data_proxy:r_median+r_max+type_bin+bulge_frac+gas_fraction+surface_brightness,vobs_endpoint_residual_gain;required_S_tau;posthoc_family_choice
NGC2915,train,candidate,K_scale_tail_spiral,1.0,none,11.0,irregular_T_ge_9,inc_mid_40_60,2.0,0.049261083744,56.0,4.0,30,0.34,5.185,10.04,0.424129996197886,0.0,0.0,-0.03810962553270595,2.5184481326981416,3.0899880810488676,1.8147499999999996,12.169132580913388,5.185,0.2708584982890487,,,,,train_only_family_amplitude_preflight,available_data_proxy:r_median+r_max+type_bin+bulge_frac+gas_fraction+surface_brightness,vobs_endpoint_residual_gain;required_S_tau;posthoc_family_choice
NGC2955,train,middle,K_compact_finite,1.0,none,3.0,mid_T_3_5,inc_mid_40_60,1.0,0.100102145046,56.0,7.0,24,0.75,9.035,35.43,0.0550017614935728,0.4673226415945107,0.9280103392460785,2.134365859482458,3.1435799525277397,5.3843861740166865,3.16225,36.404356204858644,13.257260066806404,0.10475079267210777,,,,,train_only_family_amplitude_preflight,available_data_proxy:r_median+r_max+type_bin+bulge_frac+gas_fraction+surface_brightness,vobs_endpoint_residual_gain;required_S_tau;posthoc_family_choice
NGC2976,train,control,K_thick_flared,0.9,vertical_geometry_proxy_only,5.0,mid_T_3_5,inc_high_60_80,2.0,0.050279329609,61.0,10.0,27,0.11,1.01,2.27,0.1027653613566688,0.0,0.0,2.30167128980786,2.603404221739564,0.601907032181168,0.3535,2.386638685139819,1.01,0.12624441261050096,,,,,train_only_family_amplitude_preflight,available_data_proxy:r_median+r_max+type_bin+bulge_frac+gas_fraction+surface_brightness,vobs_endpoint_residual_gain;required_S_tau;posthoc_family_choice
NGC2998,train,candidate,K_thick_flared,0.9,vertical_geometry_proxy_only,5.0,mid_T_3_5,inc_mid_40_60,1.0,0.149779735683,58.0,2.0,13,0.33,12.5,42.28,0.1083132521731512,0.0,0.0,1.6922306830143974,3.316031184383639,7.449344457687724,4.375,44.569742150940414,12.5,0.12874096347791805,,,,,train_only_family_amplitude_preflight,available_data_proxy:r_median+r_max+type_bin+bulge_frac+gas_fraction+surface_brightness,vobs_endpoint_residual_gain;required_S_tau;posthoc_family_choice
NGC3109,train,middle,K_scale_tail_spiral,1.0,none,9.0,irregular_T_ge_9,inc_high_60_80,2.0,0.052631578947,70.0,5.0,25,0.26,3.35,6.45,0.6611396570013207,0.0,0.0,0.30839211635486125,1.0232524596337116,1.99642431466031,1.1724999999999999,8.58217539382926,3.35,0.37751284565059434,,,,,train_only_family_amplitude_preflight,available_data_proxy:r_median+r_max+type_bin+bulge_frac+gas_fraction+surface_brightness,vobs_endpoint_residual_gain;required_S_tau;posthoc_family_choice
NGC3198,train,control,K_thick_flared,0.9,vertical_geometry_proxy_only,5.0,mid_T_3_5,inc_high_60_80,3.0,0.101449275362,73.0,3.0,43,0.32,7.06,44.08,0.1492655314504896,0.0,0.0,1.2650109711054893,3.035397715291015,4.207389749702026,2.4709999999999996,47.36981231316879,7.06,0.14716948915272032,,,,,train_only_family_amplitude_preflight,available_data_proxy:r_median+r_max+type_bin+bulge_frac+gas_fraction+surface_brightness,vobs_endpoint_residual_gain;required_S_tau;posthoc_family_choice
NGC3521,train,control,K_thick_flared,0.75,large_distance_error;vertical_geometry_proxy_only,4.0,mid_T_3_5,inc_high_60_80,1.0,0.298701298701,75.0,5.0,41,0.51,3.95,17.74,0.0168386498903978,0.0,0.0,2.5195889276611987,3.74763239520684,2.353992848629321,1.3825,17.88935882452783,3.95,0.08757739245067901,,,,,train_only_family_amplitude_preflight,available_data_proxy:r_median+r_max+type_bin+bulge_frac+gas_fraction+surface_brightness,vobs_endpoint_residual_gain;required_S_tau;posthoc_family_choice
NGC3741,train,middle,K_scale_tail_spiral,1.0,none,10.0,irregular_T_ge_9,inc_high_60_80,2.0,0.052959501558,70.0,4.0,21,0.23,2.57,7.0,0.7272761755685594,0.0,0.0,-0.24253971986880193,1.5554572172046497,1.531585220500596,0.8994999999999999,9.545466614489959,2.57,0.4072742790058517,,,,,train_only_family_amplitude_preflight,available_data_proxy:r_median+r_max+type_bin+bulge_frac+gas_fraction+surface_brightness,vobs_endpoint_residual_gain;required_S_tau;posthoc_family_choice
NGC3769,train,middle,K_thick_flared,0.9,vertical_geometry_proxy_only,3.0,mid_T_3_5,inc_high_60_80,4.0,0.138888888889,70.0,2.0,12,1.74,11.39,37.16,0.2583620174278137,0.0,0.0,0.859274475859463,2.560086048497414,6.7878426698450545,3.9865,41.960366283808774,11.39,0.19626290784251615,,,,,train_only_family_amplitude_preflight,available_data_proxy:r_median+r_max+type_bin+bulge_frac+gas_fraction+surface_brightness,vobs_endpoint_residual_gain;required_S_tau;posthoc_family_choice
NGC3877,train,middle,K_thick_flared,0.9,vertical_geometry_proxy_only,5.0,mid_T_3_5,inc_high_60_80,4.0,0.138888888889,76.0,1.0,13,0.87,6.11,11.35,0.024960031778022997,0.0,0.0,2.2468720154381567,2.8772158014269795,3.6412395709177594,2.1385,11.49164818034028,6.11,0.09123201430011035,,,,,train_only_family_amplitude_preflight,available_data_proxy:r_median+r_max+type_bin+bulge_frac+gas_fraction+surface_brightness,vobs_endpoint_residual_gain;required_S_tau;posthoc_family_choice
NGC3893,train,control,K_thick_flared,0.9,vertical_geometry_proxy_only,5.0,mid_T_3_5,inc_mid_40_60,4.0,0.138888888889,49.0,2.0,10,1.74,9.855,19.05,0.11509842379060728,0.0,0.0,1.450096450609115,3.01651939857895,5.873063170441002,3.44925,20.146312486605535,9.855,0.13179429070577328,,,,,train_only_family_amplitude_preflight,available_data_proxy:r_median+r_max+type_bin+bulge_frac+gas_fraction+surface_brightness,vobs_endpoint_residual_gain;required_S_tau;posthoc_family_choice
NGC3917,train,control,K_exponential_disk,1.0,none,6.0,late_T_6_8,inc_high_60_80,4.0,0.138888888889,79.0,2.0,17,0.87,7.85,14.86,0.0873836513534947,0.0,0.0,1.410959420870229,2.2756568095370144,4.67818831942789,2.7474999999999996,15.509260529556466,7.85,0.11932264310907262,,,,,train_only_family_amplitude_preflight,available_data_proxy:r_median+r_max+type_bin+bulge_frac+gas_fraction+surface_brightness,vobs_endpoint_residual_gain;required_S_tau;posthoc_family_choice
NGC3953,train,middle,K_thick_flared,0.9,vertical_geometry_proxy_only,4.0,mid_T_3_5,inc_high_60_80,4.0,0.138888888889,62.0,1.0,8,3.5,9.595,15.68,0.0177415452346258,0.0,0.0,2.065113145238178,2.697525747861548,5.718116805721097,3.35825,15.819093714639466,9.595,0.0879836953555816,,,,,train_only_family_amplitude_preflight,available_data_proxy:r_median+r_max+type_bin+bulge_frac+gas_fraction+surface_brightness,vobs_endpoint_residual_gain;required_S_tau;posthoc_family_choice
NGC3992,train,middle,K_thick_flared,0.9,vertical_geometry_proxy_only,4.0,mid_T_3_5,inc_mid_40_60,5.0,0.097046413502,56.0,2.0,9,9.19,27.52,46.02,0.0840148172865388,0.0,0.0,1.0276702834637474,2.326683976381879,16.400476758045293,9.632,47.95318094576326,27.52,0.11780666777894247,,,,,train_only_family_amplitude_preflight,available_data_proxy:r_median+r_max+type_bin+bulge_frac+gas_fraction+surface_brightness,vobs_endpoint_residual_gain;required_S_tau;posthoc_family_choice
NGC4010,train,middle,K_exponential_disk,1.0,none,7.0,late_T_6_8,inc_edge_ge_80,4.0,0.138888888889,89.0,1.0,12,0.87,5.675000000000001,10.47,0.12129304681024829,0.0,0.0,1.6578795401868776,2.4078326232636313,3.382002383790227,1.98625,11.10496910005165,5.675000000000001,0.13458187106461172,,,,,train_only_family_amplitude_preflight,available_data_proxy:r_median+r_max+type_bin+bulge_frac+gas_fraction+surface_brightness,vobs_endpoint_residual_gain;required_S_tau;posthoc_family_choice
NGC4051,train,candidate,K_thick_flared,0.7000000000000001,few_rotation_points;vertical_geometry_proxy_only,4.0,mid_T_3_5,inc_mid_40_60,4.0,0.138888888889,49.0,3.0,7,1.74,6.98,12.19,0.0334116549580295,0.0,0.0,2.119310762320387,2.5967729767595324,4.159713945172825,2.443,12.39364403696919,6.98,0.09503524473111327,,,,,train_only_family_amplitude_preflight,available_data_proxy:r_median+r_max+type_bin+bulge_frac+gas_fraction+surface_brightness,vobs_endpoint_residual_gain;required_S_tau;posthoc_family_choice
NGC4068,train,middle,K_scale_tail_spiral,0.8,few_rotation_points,10.0,irregular_T_ge_9,inc_mid_40_60,2.0,0.050343249428,44.0,6.0,6,0.21,1.27,2.33,0.3037921835610156,0.0,0.0,1.1018631630164675,1.6375897858387,0.7568533969010728,0.44449999999999995,2.6839178938485833,1.27,0.216706482602457,,,,,train_only_family_amplitude_preflight,available_data_proxy:r_median+r_max+type_bin+bulge_frac+gas_fraction+surface_brightness,vobs_endpoint_residual_gain;required_S_tau;posthoc_family_choice
NGC4085,train,middle,K_thick_flared,0.7000000000000001,few_rotation_points;vertical_geometry_proxy_only,5.0,mid_T_3_5,inc_edge_ge_80,4.0,0.138888888889,82.0,2.0,7,0.87,3.58,6.2,0.0310189699612426,0.0,0.0,2.1452884804595134,2.9485107688376573,2.1334922526817643,1.253,6.296158806879852,3.58,0.09395853648255917,,,,,train_only_family_amplitude_preflight,available_data_proxy:r_median+r_max+type_bin+bulge_frac+gas_fraction+surface_brightness,vobs_endpoint_residual_gain;required_S_tau;posthoc_family_choice
NGC4100,train,middle,K_thick_flared,0.9,vertical_geometry_proxy_only,4.0,mid_T_3_5,inc_high_60_80,4.0,0.138888888889,73.0,2.0,24,2.61,12.655,22.76,0.0818813008653056,0.0,0.0,0.9593450077717341,2.5456410607205737,7.5417163289630516,4.42925,23.69180920384718,12.655,0.11684658538938753,,,,,train_only_family_amplitude_preflight,available_data_proxy:r_median+r_max+type_bin+bulge_frac+gas_fraction+surface_brightness,vobs_endpoint_residual_gain;required_S_tau;posthoc_family_choice
NGC4138,train,middle,K_compact_finite,0.8,few_rotation_points,0.0,early_T_le_2,inc_mid_40_60,4.0,0.138888888889,53.0,3.0,7,2.61,10.65,18.58,0.0439935766307571,0.23972984785708581,0.3331901700525024,0.6926189013281929,2.6583739527605146,6.3468414779499405,3.7275,18.988700326899735,13.203122879677963,0.0997971094838407,,,,,train_only_family_amplitude_preflight,available_data_proxy:r_median+r_max+type_bin+bulge_frac+gas_fraction+surface_brightness,vobs_endpoint_residual_gain;required_S_tau;posthoc_family_choice
NGC4157,train,middle,K_thick_flared,0.9,vertical_geometry_proxy_only,3.0,mid_T_3_5,inc_edge_ge_80,4.0,0.138888888889,82.0,3.0,17,1.74,15.68,29.61,0.1146371143590203,0.04062638353243858,0.2918294965393529,0.7485886640063604,3.0507160785392387,9.34445768772348,5.4879999999999995,31.307202478085294,16.317021693788636,0.13158670146155915,,,,,train_only_family_amplitude_preflight,available_data_proxy:r_median+r_max+type_bin+bulge_frac+gas_fraction+surface_brightness,vobs_endpoint_residual_gain;required_S_tau;posthoc_family_choice
NGC4217,train,candidate,K_compact_finite,1.0,none,3.0,mid_T_3_5,inc_edge_ge_80,4.0,0.138888888889,86.0,2.0,19,0.87,8.72,16.72,0.029597365409038002,0.8443493764507262,0.9843602996273886,1.0314022242396845,2.173681489728459,5.196662693682956,3.052,16.967433974819556,16.082726562650333,0.0933188144340671,,,,,train_only_family_amplitude_preflight,available_data_proxy:r_median+r_max+type_bin+bulge_frac+gas_fraction+surface_brightness,vobs_endpoint_residual_gain;required_S_tau;posthoc_family_choice
NGC4559,train,middle,K_exponential_disk,0.85,large_distance_error,6.0,late_T_6_8,inc_high_60_80,1.0,0.3,67.0,1.0,32,0.67,10.805,20.97,0.2468108590410989,0.0,0.0,0.6756005247589165,2.719314710542117,6.439213349225268,3.7817499999999997,23.55781185704592,10.805,0.19106488656849452,,,,,train_only_family_amplitude_preflight,available_data_proxy:r_median+r_max+type_bin+bulge_frac+gas_fraction+surface_brightness,vobs_endpoint_residual_gain;required_S_tau;posthoc_family_choice
NGC5005,train,middle,K_compact_finite,1.0,none,4.0,mid_T_3_5,inc_high_60_80,5.0,0.08875739645,68.0,2.0,18,0.49,4.67,11.47,0.0748525960352255,0.32930392944612125,0.848673966640449,2.6603883165060256,3.5452724705098606,2.7830750893921334,1.6344999999999998,11.89927963826202,6.207849350513387,0.11368366821585148,,,,,train_only_family_amplitude_preflight,available_data_proxy:r_median+r_max+type_bin+bulge_frac+gas_fraction+surface_brightness,vobs_endpoint_residual_gain;required_S_tau;posthoc_family_choice
NGC5033,train,middle,K_compact_finite,0.85,large_distance_error,5.0,mid_T_3_5,inc_high_60_80,1.0,0.299363057325,66.0,1.0,22,0.76,20.515,44.59,0.1346835011651077,0.3038915079333484,0.921939696358538,0.8263437543116122,3.335698551498222,12.225864123957093,7.18025,47.592768658476075,26.749334285252644,0.14060757552429848,,,,,train_only_family_amplitude_preflight,available_data_proxy:r_median+r_max+type_bin+bulge_frac+gas_fraction+surface_brightness,vobs_endpoint_residual_gain;required_S_tau;posthoc_family_choice
NGC5055,train,candidate,K_thick_flared,0.9,vertical_geometry_proxy_only,4.0,mid_T_3_5,inc_mid_40_60,2.0,0.030303030303,55.0,6.0,28,0.72,15.745000000000001,54.59,0.0856031183632459,0.0,0.0,1.312204963610679,3.6106527118951433,9.383194278903458,5.51075,56.9265371157248,15.745000000000001,0.11852140326346065,,,,,train_only_family_amplitude_preflight,available_data_proxy:r_median+r_max+type_bin+bulge_frac+gas_fraction+surface_brightness,vobs_endpoint_residual_gain;required_S_tau;posthoc_family_choice
NGC5371,train,candidate,K_thick_flared,0.75,large_distance_error;vertical_geometry_proxy_only,4.0,mid_T_3_5,inc_mid_40_60,1.0,0.249874055416,53.0,2.0,19,1.45,20.2,46.24,0.0481273593454864,0.0,0.0,1.9478022273343039,3.198505882176718,12.038140643623361,7.069999999999999,47.35270454806764,20.2,0.10165731170546888,,,,,train_only_family_amplitude_preflight,available_data_proxy:r_median+r_max+type_bin+bulge_frac+gas_fraction+surface_brightness,vobs_endpoint_residual_gain;required_S_tau;posthoc_family_choice
NGC5585,train,middle,K_exponential_disk,0.85,large_distance_error,7.0,late_T_6_8,inc_mid_40_60,1.0,0.300283286119,51.0,2.0,24,0.09,3.08,10.96,0.20892023292151976,0.0,0.0,1.7350991678311907,2.8187733666631947,1.8355184743742552,1.0779999999999998,12.10488287640993,3.08,0.17401410481468388,,,,,train_only_family_amplitude_preflight,available_data_proxy:r_median+r_max+type_bin+bulge_frac+gas_fraction+surface_brightness,vobs_endpoint_residual_gain;required_S_tau;posthoc_family_choice
NGC6015,train,middle,K_exponential_disk,0.85,large_distance_error,6.0,late_T_6_8,inc_high_60_80,1.0,0.3,60.0,2.0,44,0.34,11.54,29.23,0.1854140497066611,0.0,0.0,0.8049295527339634,2.9706397170107355,6.877234803337306,4.039,31.939826336462854,11.54,0.1634363223679975,,,,,train_only_family_amplitude_preflight,available_data_proxy:r_median+r_max+type_bin+bulge_frac+gas_fraction+surface_brightness,vobs_endpoint_residual_gain;required_S_tau;posthoc_family_choice
NGC6195,train,candidate,K_compact_finite,1.0,none,3.0,mid_T_3_5,inc_high_60_80,1.0,0.100156494523,62.0,5.0,23,1.33,12.34,36.43,0.0474303933661792,0.5471611332496125,0.9652275768822268,2.0510870336753273,2.7646393320674476,7.3539928486293205,4.319,37.29394461516495,19.091968384300216,0.10134367701478064,,,,,train_only_family_amplitude_preflight,available_data_proxy:r_median+r_max+type_bin+bulge_frac+gas_fraction+surface_brightness,vobs_endpoint_residual_gain;required_S_tau;posthoc_family_choice
NGC6503,train,control,K_exponential_disk,1.0,none,6.0,late_T_6_8,inc_high_60_80,2.0,0.049520766773,74.0,2.0,31,0.76,12.12,23.5,0.2049645647197884,0.0,0.0,-0.034790635205404215,2.9215460222233314,7.222884386174017,4.241999999999999,25.908333635457517,12.12,0.1722340541239048,,,,,train_only_family_amplitude_preflight,available_data_proxy:r_median+r_max+type_bin+bulge_frac+gas_fraction+surface_brightness,vobs_endpoint_residual_gain;required_S_tau;posthoc_family_choice
NGC6674,train,candidate,K_compact_finite,1.0,none,3.0,mid_T_3_5,inc_mid_40_60,1.0,0.19921875,54.0,6.0,15,2.5,37.51,72.41,0.1201566434788357,0.14127099740146237,0.7322717546349606,0.39821126194759715,2.825886783798647,22.35399284862932,13.128499999999999,76.76027127715125,42.80907511252885,0.13407048956547607,,,,,train_only_family_amplitude_preflight,available_data_proxy:r_median+r_max+type_bin+bulge_frac+gas_fraction+surface_brightness,vobs_endpoint_residual_gain;required_S_tau;posthoc_family_choice
NGC7793,train,control,K_exponential_disk,1.0,none,7.0,late_T_6_8,inc_mid_40_60,2.0,0.049861495845,47.0,9.0,46,0.11,1.6600000000000001,7.87,0.0827505793622192,0.0,0.0,2.1094456224038796,3.082419116442672,0.9892729439809298,0.581,8.195623529790334,1.6600000000000001,0.11723776071299864,,,,,train_only_family_amplitude_preflight,available_data_proxy:r_median+r_max+type_bin+bulge_frac+gas_fraction+surface_brightness,vobs_endpoint_residual_gain;required_S_tau;posthoc_family_choice
NGC7814,train,middle,K_compact_finite,1.0,none,2.0,early_T_le_2,inc_edge_ge_80,2.0,0.045833333333,90.0,1.0,18,0.63,10.075,19.53,0.015600888183379001,0.7613642631753184,0.9906523818811306,1.158884227472834,2.683893177775245,6.004171632896305,3.5262499999999997,19.682342673110696,17.745744951491332,0.08702039968252055,,,,,train_only_family_amplitude_preflight,available_data_proxy:r_median+r_max+type_bin+bulge_frac+gas_fraction+surface_brightness,vobs_endpoint_residual_gain;required_S_tau;posthoc_family_choice
PGC51017,train,middle,K_scale_tail_spiral,0.8,few_rotation_points,11.0,irregular_T_ge_9,inc_high_60_80,2.0,0.102941176471,66.0,3.0,6,0.33,1.98,3.63,0.47103021984053256,0.0,0.0,0.6008202302782796,1.6478717653062325,1.1799761620977354,0.693,4.484919849010566,1.98,0.29196359892823964,,,,,train_only_family_amplitude_preflight,available_data_proxy:r_median+r_max+type_bin+bulge_frac+gas_fraction+surface_brightness,vobs_endpoint_residual_gain;required_S_tau;posthoc_family_choice
UGC00128,train,middle,K_scale_tail_spiral,1.0,none,8.0,late_T_6_8,inc_mid_40_60,1.0,0.150387596899,57.0,10.0,22,1.25,27.525,53.75,0.4684369560335652,0.0,0.0,-0.21184172412693114,1.9095025414054152,16.403456495828365,9.63375,66.33924319340207,27.525,0.2907966302151044,,,,,train_only_family_amplitude_preflight,available_data_proxy:r_median+r_max+type_bin+bulge_frac+gas_fraction+surface_brightness,vobs_endpoint_residual_gain;required_S_tau;posthoc_family_choice
UGC00191,train,control,K_scale_tail_spiral,0.85,large_distance_error,9.0,irregular_T_ge_9,inc_mid_40_60,1.0,0.298245614035,45.0,5.0,9,0.62,1.62,9.98,0.2220592575480998,0.0,0.0,1.4028454459616997,1.9698350930757975,0.9654350417163291,0.567,11.088075695165019,1.62,0.1799266658966449,,,,,train_only_family_amplitude_preflight,available_data_proxy:r_median+r_max+type_bin+bulge_frac+gas_fraction+surface_brightness,vobs_endpoint_residual_gain;required_S_tau;posthoc_family_choice
UGC00634,train,middle,K_scale_tail_spiral,0.45000000000000007,few_rotation_points;low_inclination;large_distance_error,9.0,irregular_T_ge_9,inc_low_lt_40,1.0,0.249190938511,37.0,8.0,4,4.51,11.26,18.01,0.5927174237172269,0.0,0.0,0.27526558841697696,1.0174507295105362,6.710369487485101,3.941,23.347420400573633,11.26,0.3467228406727521,,,,,train_only_family_amplitude_preflight,available_data_proxy:r_median+r_max+type_bin+bulge_frac+gas_fraction+surface_brightness,vobs_endpoint_residual_gain;required_S_tau;posthoc_family_choice
UGC01230,train,middle,K_scale_tail_spiral,0.8,low_inclination,9.0,irregular_T_ge_9,inc_low_lt_40,1.0,0.199255121043,22.0,10.0,11,0.78,8.6,36.54,0.3859051809127289,0.0,0.0,0.6837714953228486,1.9746037920870327,5.125148986889154,3.01,43.59048765527556,8.6,0.253657331410728,,,,,train_only_family_amplitude_preflight,available_data_proxy:r_median+r_max+type_bin+bulge_frac+gas_fraction+surface_brightness,vobs_endpoint_residual_gain;required_S_tau;posthoc_family_choice
UGC01281,train,control,K_exponential_disk,1.0,none,8.0,late_T_6_8,inc_edge_ge_80,2.0,0.045540796964,90.0,1.0,23,0.38,2.07,4.99,0.2592500195435606,0.0,0.0,0.7710381677720035,1.3581252852766486,1.233611442193087,0.7244999999999999,5.636828798761185,2.07,0.1966625087946023,,,,,train_only_family_amplitude_preflight,available_data_proxy:r_median+r_max+type_bin+bulge_frac+gas_fraction+surface_brightness,vobs_endpoint_residual_gain;required_S_tau;posthoc_family_choice
UGC02455,train,candidate,K_scale_tail_spiral,0.85,large_distance_error,10.0,irregular_T_ge_9,inc_mid_40_60,1.0,0.300578034682,51.0,5.0,8,0.5,2.2649999999999997,4.03,0.1197814066464496,0.0,0.0,1.7291084695169048,2.5706946829462054,1.3498212157330154,0.7927499999999998,4.271359534392596,2.2649999999999997,0.13390163299090233,,,,,train_only_family_amplitude_preflight,available_data_proxy:r_median+r_max+type_bin+bulge_frac+gas_fraction+surface_brightness,vobs_endpoint_residual_gain;required_S_tau;posthoc_family_choice
UGC02487,train,candidate,K_compact_finite,0.8,low_inclination,0.0,early_T_le_2,inc_low_lt_40,1.0,0.150506512301,36.0,5.0,17,9.93,40.19,80.38,0.0469220826874005,0.2923449692729375,0.4814419836235509,0.8804551903770131,2.47158505418519,23.951132300357568,14.066499999999998,82.26579850320661,51.93934431507935,0.10111493720933024,,,,,train_only_family_amplitude_preflight,available_data_proxy:r_median+r_max+type_bin+bulge_frac+gas_fraction+surface_brightness,vobs_endpoint_residual_gain;required_S_tau;posthoc_family_choice
UGC02885,train,middle,K_compact_finite,1.0,none,5.0,mid_T_3_5,inc_high_60_80,1.0,0.1,64.0,4.0,19,1.7,38.97,74.07,0.1419975068378878,0.22876226521338835,0.9207044102983484,1.2121110806738777,2.9444481246241314,23.224076281287246,13.639499999999998,79.32887766574117,47.88486547536574,0.1438988780770495,,,,,train_only_family_amplitude_preflight,available_data_proxy:r_median+r_max+type_bin+bulge_frac+gas_fraction+surface_brightness,vobs_endpoint_residual_gain;required_S_tau;posthoc_family_choice
UGC02916,train,candidate,K_compact_finite,1.0,none,2.0,early_T_le_2,inc_mid_40_60,1.0,0.149847094801,50.0,5.0,43,0.37,7.39,38.0,0.0650339484862737,0.787891103922754,0.9948031620592326,1.6871637994349673,2.328522305877336,4.404052443384982,2.5864999999999996,39.2356450212392,13.212515257989152,0.10926527681882317,,,,,train_only_family_amplitude_preflight,available_data_proxy:r_median+r_max+type_bin+bulge_frac+gas_fraction+surface_brightness,vobs_endpoint_residual_gain;required_S_tau;posthoc_family_choice
UGC02953,train,candidate,K_compact_finite,0.85,large_distance_error,2.0,early_T_le_2,inc_mid_40_60,1.0,0.3,50.0,4.0,115,0.09,6.53,62.39,0.0194886856647377,0.375521929986323,0.984040322108526,2.083668403038652,3.456853202194338,3.891537544696067,2.2855,62.9979495493115,8.98215820281069,0.08876990854913197,,,,,train_only_family_amplitude_preflight,available_data_proxy:r_median+r_max+type_bin+bulge_frac+gas_fraction+surface_brightness,vobs_endpoint_residual_gain;required_S_tau;posthoc_family_choice
UGC03205,train,candidate,K_compact_finite,1.0,none,2.0,early_T_le_2,inc_high_60_80,1.0,0.2,67.0,4.0,48,0.28,8.155,40.04,0.0486620668982724,0.3384131866162858,0.9846722417189182,1.7174956086420394,2.7913326821705913,4.85995232419547,2.8542499999999995,41.01421457930341,10.91475953685581,0.10189793010422257,,,,,train_only_family_amplitude_preflight,available_data_proxy:r_median+r_max+type_bin+bulge_frac+gas_fraction+surface_brightness,vobs_endpoint_residual_gain;required_S_tau;posthoc_family_choice
UGC03546,train,candidate,K_compact_finite,0.85,large_distance_error,1.0,early_T_le_2,inc_mid_40_60,1.0,0.250871080139,55.0,5.0,30,0.63,4.865,29.23,0.0223565563768014,0.53196324794791,0.9686840234838648,2.260730068183936,3.297066398268137,2.899284862932062,1.70275,29.55674107144695,7.4530012012665825,0.09006045036956063,,,,,train_only_family_amplitude_preflight,available_data_proxy:r_median+r_max+type_bin+bulge_frac+gas_fraction+surface_brightness,vobs_endpoint_residual_gain;required_S_tau;posthoc_family_choice
UGC04278,train,middle,K_exponential_disk,0.85,large_distance_error,7.0,late_T_6_8,inc_edge_ge_80,1.0,0.299684542587,90.0,3.0,25,0.14,3.46,6.69,0.081501927705775,0.0,0.0,1.006522396399684,1.899546931090867,2.061978545887962,1.2109999999999999,6.9626239481758185,3.46,0.11667586746759875,,,,,train_only_family_amplitude_preflight,available_data_proxy:r_median+r_max+type_bin+bulge_frac+gas_fraction+surface_brightness,vobs_endpoint_residual_gain;required_S_tau;posthoc_family_choice
UGC04325,train,middle,K_scale_tail_spiral,0.85,large_distance_error,9.0,irregular_T_ge_9,inc_mid_40_60,1.0,0.3,41.0,3.0,8,0.7,3.14,5.59,0.2658082396769833,0.0,0.0,1.2463964324159083,1.9416108021536336,1.8712753277711562,1.099,6.332934029897168,3.14,0.1996137078546425,,,,,train_only_family_amplitude_preflight,available_data_proxy:r_median+r_max+type_bin+bulge_frac+gas_fraction+surface_brightness,vobs_endpoint_residual_gain;required_S_tau;posthoc_family_choice
UGC04483,train,control,K_scale_tail_spiral,1.0,none,10.0,irregular_T_ge_9,inc_mid_40_60,2.0,0.092814371257,58.0,3.0,8,0.08,0.6499999999999999,1.21,0.6143796114939095,0.0,0.0,0.44754807093528176,1.6201360549737576,0.3873659117997616,0.22749999999999995,1.581699664953815,0.6499999999999999,0.3564708251722593,,,,,train_only_family_amplitude_preflight,available_data_proxy:r_median+r_max+type_bin+bulge_frac+gas_fraction+surface_brightness,vobs_endpoint_residual_gain;required_S_tau;posthoc_family_choice
UGC05005,train,middle,K_scale_tail_spiral,1.0,none,10.0,irregular_T_ge_9,inc_mid_40_60,1.0,0.199255121043,41.0,10.0,11,0.78,8.6,28.61,0.4038641511795717,0.0,0.0,0.45425792182733193,1.728272597895017,5.125148986889154,3.01,34.38727668262377,8.6,0.26173886803080726,,,,,train_only_family_amplitude_preflight,available_data_proxy:r_median+r_max+type_bin+bulge_frac+gas_fraction+surface_brightness,vobs_endpoint_residual_gain;required_S_tau;posthoc_family_choice
UGC05253,train,middle,K_compact_finite,0.65,low_inclination;large_distance_error,2.0,early_T_le_2,inc_low_lt_40,1.0,0.249781659389,37.0,4.0,73,0.13,4.69,53.29,0.0255523053950325,0.7295551272670454,0.9982399760067936,2.119760107080481,2.8970880118020093,2.794994040524434,1.6415,53.97084117725064,8.111613546882444,0.09149853742776462,,,,,train_only_family_amplitude_preflight,available_data_proxy:r_median+r_max+type_bin+bulge_frac+gas_fraction+surface_brightness,vobs_endpoint_residual_gain;required_S_tau;posthoc_family_choice
UGC05721,train,middle,K_scale_tail_spiral,0.85,large_distance_error,7.0,late_T_6_8,inc_high_60_80,1.0,0.299352750809,61.0,5.0,23,0.09,2.07,6.74,0.39219026548039126,0.0,0.0,0.8235814604913746,2.818173088643144,1.233611442193087,0.7244999999999999,8.06168119466892,2.07,0.2564856194661761,,,,,train_only_family_amplitude_preflight,available_data_proxy:r_median+r_max+type_bin+bulge_frac+gas_fraction+surface_brightness,vobs_endpoint_residual_gain;required_S_tau;posthoc_family_choice
UGC05750,train,middle,K_exponential_disk,1.0,none,8.0,late_T_6_8,inc_high_60_80,1.0,0.199318568995,64.0,10.0,11,0.31,4.82,22.85,0.3142915344055706,0.0,0.0,0.9530233307792468,1.466274321789292,2.8724672228843864,1.687,26.440780780583648,4.82,0.22143119048250676,,,,,train_only_family_amplitude_preflight,available_data_proxy:r_median+r_max+type_bin+bulge_frac+gas_fraction+surface_brightness,vobs_endpoint_residual_gain;required_S_tau;posthoc_family_choice
UGC05764,train,middle,K_scale_tail_spiral,0.85,large_distance_error,10.0,irregular_T_ge_9,inc_high_60_80,1.0,0.299866131191,60.0,10.0,10,0.36,1.99,3.62,0.714941119286533,0.0,0.0,0.30493596549909296,1.1702617153949575,1.1859356376638857,0.6965,4.914043425908625,1.99,0.4017235036789399,,,,,train_only_family_amplitude_preflight,available_data_proxy:r_median+r_max+type_bin+bulge_frac+gas_fraction+surface_brightness,vobs_endpoint_residual_gain;required_S_tau;posthoc_family_choice
UGC05918,train,control,K_scale_tail_spiral,0.85,large_distance_error,10.0,irregular_T_ge_9,inc_mid_40_60,1.0,0.300261096606,46.0,5.0,8,0.56,2.51,4.46,0.4059976350608525,0.0,0.0,0.6642599750759242,1.1264561134318043,1.4958283671036947,0.8784999999999998,5.365374726185701,2.51,0.2626989357773836,,,,,train_only_family_amplitude_preflight,available_data_proxy:r_median+r_max+type_bin+bulge_frac+gas_fraction+surface_brightness,vobs_endpoint_residual_gain;required_S_tau;posthoc_family_choice
UGC05999,train,middle,K_scale_tail_spiral,0.6000000000000001,few_rotation_points;low_inclination,10.0,irregular_T_ge_9,inc_low_lt_40,1.0,0.199161425577,22.0,10.0,5,3.48,10.42,16.22,0.5221872403177525,0.0,0.0,0.5439319594868731,1.2678754193188977,6.209773539928486,3.647,20.45493851897697,10.42,0.31498425814298864,,,,,train_only_family_amplitude_preflight,available_data_proxy:r_median+r_max+type_bin+bulge_frac+gas_fraction+surface_brightness,vobs_endpoint_residual_gain;required_S_tau;posthoc_family_choice
UGC06399,train,control,K_scale_tail_spiral,1.0,none,9.0,irregular_T_ge_9,inc_high_60_80,4.0,0.138888888889,75.0,2.0,9,0.87,4.37,7.85,0.23191946705238178,0.0,0.0,1.1541315069120708,1.7810369386211318,2.6042908224076284,1.5294999999999999,8.760283908180597,4.37,0.1843637601735718,,,,,train_only_family_amplitude_preflight,available_data_proxy:r_median+r_max+type_bin+bulge_frac+gas_fraction+surface_brightness,vobs_endpoint_residual_gain;required_S_tau;posthoc_family_choice
UGC06446,train,middle,K_scale_tail_spiral,0.85,large_distance_error,7.0,late_T_6_8,inc_mid_40_60,1.0,0.3,51.0,3.0,17,0.58,5.23,10.22,0.4804016766686586,0.0,0.0,0.3672145688515871,1.873843533223436,3.116805721096544,1.8305,12.674852567776846,5.23,0.29618075450089637,,,,,train_only_family_amplitude_preflight,available_data_proxy:r_median+r_max+type_bin+bulge_frac+gas_fraction+surface_brightness,vobs_endpoint_residual_gain;required_S_tau;posthoc_family_choice
UGC06614,train,candidate,K_compact_finite,0.8,low_inclination,1.0,early_T_le_2,inc_low_lt_40,1.0,0.1,36.0,10.0,13,3.23,15.76,64.59,0.0721533354231176,0.6451046539919792,0.9857127516483272,1.4338045762528178,1.8952014747788932,9.392133492252682,5.516,66.92019196748959,25.926849346913592,0.11246900094040292,,,,,train_only_family_amplitude_preflight,available_data_proxy:r_median+r_max+type_bin+bulge_frac+gas_fraction+surface_brightness,vobs_endpoint_residual_gain;required_S_tau;posthoc_family_choice
UGC06628,train,candidate,K_scale_tail_spiral,0.45000000000000007,few_rotation_points;low_inclination;large_distance_error,9.0,irregular_T_ge_9,inc_low_lt_40,1.0,0.3,20.0,10.0,7,1.1,4.39,7.69,0.21225120694955488,0.0,0.0,1.2227900942391288,1.7956019798941798,2.6162097735399286,1.5364999999999998,8.50610589072104,4.39,0.1755130431272997,,,,,train_only_family_amplitude_preflight,available_data_proxy:r_median+r_max+type_bin+bulge_frac+gas_fraction+surface_brightness,vobs_endpoint_residual_gain;required_S_tau;posthoc_family_choice
UGC06667,train,middle,K_scale_tail_spiral,1.0,none,6.0,late_T_6_8,inc_edge_ge_80,4.0,0.138888888889,89.0,1.0,9,0.87,4.37,7.85,0.5052786242817371,0.0,0.0,0.7111963667393879,1.033021444682911,2.6042908224076284,1.5294999999999999,9.833218600305818,4.37,0.3073753809267817,,,,,train_only_family_amplitude_preflight,available_data_proxy:r_median+r_max+type_bin+bulge_frac+gas_fraction+surface_brightness,vobs_endpoint_residual_gain;required_S_tau;posthoc_family_choice
UGC06786,train,candidate,K_compact_finite,0.85,large_distance_error,0.0,early_T_le_2,inc_high_60_80,1.0,0.249829351536,64.0,3.0,45,0.16,6.0,34.05,0.0353529335417678,0.47677567685076794,0.996900522261458,1.7237797289619095,2.7131291807517837,3.5756853396901076,2.0999999999999996,34.6518836935486,8.860654061104608,0.0959088200937955,,,,,train_only_family_amplitude_preflight,available_data_proxy:r_median+r_max+type_bin+bulge_frac+gas_fraction+surface_brightness,vobs_endpoint_residual_gain;required_S_tau;posthoc_family_choice
UGC06787,train,candidate,K_compact_finite,0.85,large_distance_error,2.0,early_T_le_2,inc_high_60_80,1.0,0.249765258216,66.0,3.0,71,0.12,6.5,37.19,0.0258866078824616,0.7153139482935266,0.9987114007619136,1.7148958531034726,2.7948225267336477,3.8736591179976165,2.275,37.67136147357437,11.149540663907922,0.09164897354710771,,,,,train_only_family_amplitude_preflight,available_data_proxy:r_median+r_max+type_bin+bulge_frac+gas_fraction+surface_brightness,vobs_endpoint_residual_gain;required_S_tau;posthoc_family_choice
UGC06923,train,middle,K_scale_tail_spiral,0.8,few_rotation_points,10.0,irregular_T_ge_9,inc_high_60_80,4.0,0.138888888889,65.0,2.0,6,0.93,3.295,5.16,0.2507682436295511,0.0,0.0,1.363173818400152,2.144200460183879,1.9636471990464839,1.1532499999999999,5.806982068564242,3.295,0.192845709633298,,,,,train_only_family_amplitude_preflight,available_data_proxy:r_median+r_max+type_bin+bulge_frac+gas_fraction+surface_brightness,vobs_endpoint_residual_gain;required_S_tau;posthoc_family_choice
UGC06930,train,control,K_exponential_disk,0.8,low_inclination,7.0,late_T_6_8,inc_low_lt_40,4.0,0.138888888889,32.0,5.0,10,1.74,9.595,16.61,0.3051251394573602,0.0,0.0,1.0473510659748864,1.9465996250151327,5.718116805721097,3.35825,19.144064283193376,9.595,0.21730631275581208,,,,,train_only_family_amplitude_preflight,available_data_proxy:r_median+r_max+type_bin+bulge_frac+gas_fraction+surface_brightness,vobs_endpoint_residual_gain;required_S_tau;posthoc_family_choice
UGC06973,train,candidate,K_compact_finite,1.0,none,2.0,early_T_le_2,inc_high_60_80,4.0,0.138888888889,71.0,3.0,9,1.74,5.32,7.85,0.031100621588988003,0.16632204247015753,0.1879850807208081,1.523648002401475,3.3526050258200035,3.1704410011918953,1.8619999999999999,7.9720699397367785,6.204833265941238,0.09399527971504461,,,,,train_only_family_amplitude_preflight,available_data_proxy:r_median+r_max+type_bin+bulge_frac+gas_fraction+surface_brightness,vobs_endpoint_residual_gain;required_S_tau;posthoc_family_choice
UGC07089,train,middle,K_exponential_disk,1.0,none,8.0,late_T_6_8,inc_edge_ge_80,4.0,0.138888888889,80.0,3.0,12,0.87,5.675000000000001,9.16,0.2391226670372042,0.0,0.0,1.0471246514878445,1.8326366275967032,3.382002383790227,1.98625,10.255181815030395,5.675000000000001,0.1876052001667419,,,,,train_only_family_amplitude_preflight,available_data_proxy:r_median+r_max+type_bin+bulge_frac+gas_fraction+surface_brightness,vobs_endpoint_residual_gain;required_S_tau;posthoc_family_choice
UGC07125,train,candidate,K_scale_tail_spiral,0.85,large_distance_error,9.0,irregular_T_ge_9,inc_edge_ge_80,1.0,0.29797979798,90.0,3.0,13,1.44,10.08,18.68,0.5080285011253733,0.0,0.0,0.6350165516579116,1.7179200258369935,6.007151370679381,3.5279999999999996,23.42498620051099,10.08,0.308612825506418,,,,,train_only_family_amplitude_preflight,available_data_proxy:r_median+r_max+type_bin+bulge_frac+gas_fraction+surface_brightness,vobs_endpoint_residual_gain;required_S_tau;posthoc_family_choice
UGC07232,train,control,K_scale_tail_spiral,0.8,few_rotation_points,10.0,irregular_T_ge_9,inc_mid_40_60,2.0,0.060070671378,59.0,5.0,4,0.21,0.515,0.82,0.2042506889764986,0.0,0.0,1.5562534505851269,2.121395680707223,0.30691299165673425,0.18025,0.9037427824803643,0.515,0.17191281003942438,,,,,train_only_family_amplitude_preflight,available_data_proxy:r_median+r_max+type_bin+bulge_frac+gas_fraction+surface_brightness,vobs_endpoint_residual_gain;required_S_tau;posthoc_family_choice
UGC07323,train,middle,K_exponential_disk,0.85,large_distance_error,8.0,late_T_6_8,inc_mid_40_60,1.0,0.3,47.0,3.0,10,0.58,3.205,5.82,0.1190454371697683,0.0,0.0,1.5776940864593925,2.1330276728998774,1.9100119189511324,1.12175,6.166422222164026,3.205,0.13357044672639573,,,,,train_only_family_amplitude_preflight,available_data_proxy:r_median+r_max+type_bin+bulge_frac+gas_fraction+surface_brightness,vobs_endpoint_residual_gain;required_S_tau;posthoc_family_choice
UGC07399,train,candidate,K_exponential_disk,0.85,large_distance_error,8.0,late_T_6_8,inc_mid_40_60,1.0,0.300118623962,55.0,3.0,10,0.61,3.375,6.13,0.356599007960146,0.0,0.0,0.9088704411157069,2.118727550427005,2.0113230035756855,1.18125,7.222975959397847,3.375,0.24046955358206568,,,,,train_only_family_amplitude_preflight,available_data_proxy:r_median+r_max+type_bin+bulge_frac+gas_fraction+surface_brightness,vobs_endpoint_residual_gain;required_S_tau;posthoc_family_choice
UGC07524,train,control,K_scale_tail_spiral,1.0,none,9.0,irregular_T_ge_9,inc_mid_40_60,2.0,0.050632911392,46.0,3.0,31,0.35,5.51,10.69,0.3460297017187979,0.0,0.0,0.9270544778487194,1.7345598215794762,3.2836710369487485,1.9284999999999999,12.539528755686973,5.51,0.23571336577345903,,,,,train_only_family_amplitude_preflight,available_data_proxy:r_median+r_max+type_bin+bulge_frac+gas_fraction+surface_brightness,vobs_endpoint_residual_gain;required_S_tau;posthoc_family_choice
UGC07559,train,middle,K_scale_tail_spiral,0.8,few_rotation_points,10.0,irregular_T_ge_9,inc_high_60_80,2.0,0.050301810865,61.0,3.0,7,0.36,1.45,2.53,0.4116719704674914,0.0,0.0,0.8025130993252912,1.4898179083014509,0.8641239570917759,0.5075,3.0507650426413764,1.45,0.2652523867103711,,,,,train_only_family_amplitude_preflight,available_data_proxy:r_median+r_max+type_bin+bulge_frac+gas_fraction+surface_brightness,vobs_endpoint_residual_gain;required_S_tau;posthoc_family_choice
UGC07608,train,middle,K_scale_tail_spiral,0.65,low_inclination;large_distance_error,10.0,irregular_T_ge_9,inc_low_lt_40,1.0,0.299634591961,25.0,10.0,8,0.6,2.685,4.78,0.5683608186035206,0.0,0.0,0.5374973258255301,1.251638220448212,1.6001191895113231,0.93975,6.138382356462415,2.685,0.3357623683715843,,,,,train_only_family_amplitude_preflight,available_data_proxy:r_median+r_max+type_bin+bulge_frac+gas_fraction+surface_brightness,vobs_endpoint_residual_gain;required_S_tau;posthoc_family_choice
UGC07690,train,control,K_scale_tail_spiral,0.65,few_rotation_points;large_distance_error,10.0,irregular_T_ge_9,inc_mid_40_60,1.0,0.299630086313,41.0,5.0,7,0.59,2.36,4.13,0.2776380882254749,0.0,0.0,0.9741885876412363,2.256717745977487,1.4064362336114422,0.826,4.703322652185606,2.36,0.2049371397014637,,,,,train_only_family_amplitude_preflight,available_data_proxy:r_median+r_max+type_bin+bulge_frac+gas_fraction+surface_brightness,vobs_endpoint_residual_gain;required_S_tau;posthoc_family_choice
UGC07866,train,control,K_scale_tail_spiral,0.8,few_rotation_points,10.0,irregular_T_ge_9,inc_mid_40_60,2.0,0.050328227571,44.0,5.0,7,0.33,1.33,2.32,0.3554897921704338,0.0,0.0,0.8097897592283523,1.5319895514125503,0.7926102502979738,0.46549999999999997,2.7323681589177027,1.33,0.2399704064766952,,,,,train_only_family_amplitude_preflight,available_data_proxy:r_median+r_max+type_bin+bulge_frac+gas_fraction+surface_brightness,vobs_endpoint_residual_gain;required_S_tau;posthoc_family_choice
UGC08286,train,middle,K_exponential_disk,1.0,none,6.0,late_T_6_8,inc_edge_ge_80,2.0,0.032307692308,90.0,3.0,17,0.47,4.25,8.04,0.3098810026498474,0.0,0.0,0.5435678089576533,1.9164013036038756,2.532777115613826,1.4874999999999998,9.285721630652386,4.25,0.21944645119243134,,,,,train_only_family_amplitude_preflight,available_data_proxy:r_median+r_max+type_bin+bulge_frac+gas_fraction+surface_brightness,vobs_endpoint_residual_gain;required_S_tau;posthoc_family_choice
UGC08490,train,middle,K_scale_tail_spiral,1.0,none,9.0,irregular_T_ge_9,inc_mid_40_60,2.0,0.113978494624,50.0,3.0,30,0.34,5.245,10.15,0.4686619818834262,0.0,0.0,0.06352581300589723,2.3922395603981106,3.125744934445769,1.83575,12.528459558058389,5.245,0.29089789184754183,,,,,train_only_family_amplitude_preflight,available_data_proxy:r_median+r_max+type_bin+bulge_frac+gas_fraction+surface_brightness,vobs_endpoint_residual_gain;required_S_tau;posthoc_family_choice
UGC08550,train,control,K_scale_tail_spiral,0.85,large_distance_error,7.0,late_T_6_8,inc_edge_ge_80,1.0,0.298507462687,90.0,3.0,11,0.49,2.92,5.36,0.4211324933703986,0.0,0.0,-0.13083097044885372,1.7697464671794534,1.7401668653158522,1.022,6.488635082232669,2.92,0.2695096220166794,,,,,train_only_family_amplitude_preflight,available_data_proxy:r_median+r_max+type_bin+bulge_frac+gas_fraction+surface_brightness,vobs_endpoint_residual_gain;required_S_tau;posthoc_family_choice
UGC08837,train,middle,K_scale_tail_spiral,1.0,none,10.0,irregular_T_ge_9,inc_edge_ge_80,2.0,0.049930651872,80.0,5.0,8,0.52,2.36,4.2,0.2441964274175022,0.0,0.0,0.9175082261817713,1.5086643630529426,1.4064362336114422,0.826,4.712812497576755,2.36,0.189888392337876,,,,,train_only_family_amplitude_preflight,available_data_proxy:r_median+r_max+type_bin+bulge_frac+gas_fraction+surface_brightness,vobs_endpoint_residual_gain;required_S_tau;posthoc_family_choice
UGC09037,train,candidate,K_exponential_disk,1.0,none,6.0,late_T_6_8,inc_high_60_80,1.0,0.1004784689,65.0,5.0,22,2.43,15.165,27.96,0.2328556219288511,0.0,0.0,1.1859006439335869,2.604614799476445,9.037544696066746,5.3077499999999995,31.215321594565335,15.165,0.184785029867983,,,,,train_only_family_amplitude_preflight,available_data_proxy:r_median+r_max+type_bin+bulge_frac+gas_fraction+surface_brightness,vobs_endpoint_residual_gain;required_S_tau;posthoc_family_choice
UGC09133,train,middle,K_compact_finite,1.0,none,2.0,early_T_le_2,inc_mid_40_60,1.0,0.199649737303,53.0,6.0,68,0.32,12.620000000000001,108.31,0.0828655514484081,0.47979108690766487,0.9863851951140944,1.4142671823231345,3.1469307381986535,7.520858164481527,4.417,112.79758393868855,18.67496351677473,0.11728949815178365,,,,,train_only_family_amplitude_preflight,available_data_proxy:r_median+r_max+type_bin+bulge_frac+gas_fraction+surface_brightness,vobs_endpoint_residual_gain;required_S_tau;posthoc_family_choice
UGC09992,train,middle,K_scale_tail_spiral,0.45000000000000007,few_rotation_points;low_inclination;large_distance_error,10.0,irregular_T_ge_9,inc_low_lt_40,1.0,0.3,30.0,10.0,5,0.78,2.34,3.89,0.399287771987601,0.0,0.0,0.7467309700487111,1.5608626947274649,1.3945172824791419,0.819,4.666614716515884,2.34,0.2596794973944205,,,,,train_only_family_amplitude_preflight,available_data_proxy:r_median+r_max+type_bin+bulge_frac+gas_fraction+surface_brightness,vobs_endpoint_residual_gain;required_S_tau;posthoc_family_choice
UGC10310,train,control,K_scale_tail_spiral,0.45000000000000007,few_rotation_points;low_inclination;large_distance_error,9.0,irregular_T_ge_9,inc_low_lt_40,1.0,0.302631578947,34.0,6.0,7,1.1,4.42,7.74,0.3197709885641517,0.0,0.0,1.039273846628675,1.6896639650157703,2.634088200238379,1.547,8.977513725743266,4.42,0.2238969448538683,,,,,train_only_family_amplitude_preflight,available_data_proxy:r_median+r_max+type_bin+bulge_frac+gas_fraction+surface_brightness,vobs_endpoint_residual_gain;required_S_tau;posthoc_family_choice
UGC11455,train,middle,K_exponential_disk,1.0,none,6.0,late_T_6_8,inc_edge_ge_80,1.0,0.150127226463,90.0,1.0,36,0.62,11.36,41.93,0.0255037996608254,0.0,0.0,2.0655881195345627,3.272672241767572,6.769964243146603,3.9759999999999995,42.46468715988921,11.36,0.09147670984737143,,,,,train_only_family_amplitude_preflight,available_data_proxy:r_median+r_max+type_bin+bulge_frac+gas_fraction+surface_brightness,vobs_endpoint_residual_gain;required_S_tau;posthoc_family_choice
UGC11557,train,candidate,K_exponential_disk,0.65,low_inclination;large_distance_error,8.0,late_T_6_8,inc_low_lt_40,1.0,0.25,30.0,10.0,12,0.33,4.235,10.56,0.0632064779951347,0.0,0.0,1.6945584678938832,2.5175389738505816,2.523837902264601,1.48225,10.893730203814311,4.235,0.10844291509781062,,,,,train_only_family_amplitude_preflight,available_data_proxy:r_median+r_max+type_bin+bulge_frac+gas_fraction+surface_brightness,vobs_endpoint_residual_gain;required_S_tau;posthoc_family_choice
UGC11820,train,control,K_scale_tail_spiral,0.85,large_distance_error,9.0,irregular_T_ge_9,inc_mid_40_60,1.0,0.3,45.0,10.0,10,0.26,3.135,15.82,0.3899094415275945,0.0,0.0,0.772579976117225,1.885304667588968,1.868295589988081,1.0972499999999998,18.90418368248327,3.135,0.25545924868741754,,,,,train_only_family_amplitude_preflight,available_data_proxy:r_median+r_max+type_bin+bulge_frac+gas_fraction+surface_brightness,vobs_endpoint_residual_gain;required_S_tau;posthoc_family_choice
UGC12632,train,control,K_scale_tail_spiral,0.85,large_distance_error,9.0,irregular_T_ge_9,inc_mid_40_60,1.0,0.299897645855,46.0,3.0,15,0.71,5.69,10.66,0.4073338728061941,0.0,0.0,0.6123136029272741,1.5233562066547928,3.390941597139452,1.9915,12.831089542057013,5.69,0.26330024276278735,,,,,train_only_family_amplitude_preflight,available_data_proxy:r_median+r_max+type_bin+bulge_frac+gas_fraction+surface_brightness,vobs_endpoint_residual_gain;required_S_tau;posthoc_family_choice
UGC12732,train,middle,K_scale_tail_spiral,0.65,low_inclination;large_distance_error,9.0,irregular_T_ge_9,inc_low_lt_40,1.0,0.30303030303,39.0,6.0,16,0.96,8.16,15.4,0.4420675816051241,0.0,0.0,0.14983128754947625,1.649334858712142,4.8629320619785465,2.856,18.803920378359457,8.16,0.27893041172230587,,,,,train_only_family_amplitude_preflight,available_data_proxy:r_median+r_max+type_bin+bulge_frac+gas_fraction+surface_brightness,vobs_endpoint_residual_gain;required_S_tau;posthoc_family_choice
UGCA281,train,control,K_scale_tail_spiral,0.8,few_rotation_points,11.0,irregular_T_ge_9,inc_high_60_80,2.0,0.049295774648,67.0,3.0,7,0.09,0.58,1.08,0.3180971139499774,0.0,0.0,1.3546867181915319,1.9335379019717047,0.3456495828367104,0.20299999999999999,1.2517724415329878,0.58,0.22314370127748984,,,,,train_only_family_amplitude_preflight,available_data_proxy:r_median+r_max+type_bin+bulge_frac+gas_fraction+surface_brightness,vobs_endpoint_residual_gain;required_S_tau;posthoc_family_choice
UGCA442,train,control,K_scale_tail_spiral,1.0,none,9.0,irregular_T_ge_9,inc_high_60_80,2.0,0.050574712644,64.0,7.0,8,0.42,3.375,6.33,0.8085396665760752,0.0,0.0,0.14184922305084055,1.0433622780211296,2.0113230035756855,1.18125,8.889028044713278,3.375,0.4438428499592339,,,,,train_only_family_amplitude_preflight,available_data_proxy:r_median+r_max+type_bin+bulge_frac+gas_fraction+surface_brightness,vobs_endpoint_residual_gain;required_S_tau;posthoc_family_choice
