galaxy,split,component_family,component_weight,component_evidence_status,component_evidence_reason,endpoint_freeze_allowed,claim_boundary
CamB,holdout,K_scale_tail_spiral,0.3909107151934274,SOURCE_CANDIDATE_HI_TAIL_READY,SPARC/DustPedia HI-tail source candidate,False,l2_weight_freeze_readiness_audit_not_endpoint
CamB,holdout,K_thick_flared,0.6090892848065725,PROXY_OR_PARTIAL_SOURCE_ONLY,projection/memory proxy without accepted vertical source,False,l2_weight_freeze_readiness_audit_not_endpoint
ESO116-G012,holdout,K_scale_tail_spiral,0.5898652816210909,SOURCE_CANDIDATE_HI_TAIL_READY,SPARC/DustPedia HI-tail source candidate,False,l2_weight_freeze_readiness_audit_not_endpoint
ESO116-G012,holdout,K_thick_flared,0.4101347183789091,PROXY_OR_PARTIAL_SOURCE_ONLY,projection/memory proxy without accepted vertical source,False,l2_weight_freeze_readiness_audit_not_endpoint
F561-1,holdout,K_scale_tail_spiral,1.0,SOURCE_CANDIDATE_HI_TAIL_READY,SPARC/DustPedia HI-tail source candidate,False,l2_weight_freeze_readiness_audit_not_endpoint
F563-1,holdout,K_scale_tail_spiral,0.5809821058002538,SOURCE_CANDIDATE_HI_TAIL_READY,SPARC/DustPedia HI-tail source candidate,False,l2_weight_freeze_readiness_audit_not_endpoint
F563-1,holdout,K_thick_flared,0.4190178941997462,PROXY_OR_PARTIAL_SOURCE_ONLY,projection/memory proxy without accepted vertical source,False,l2_weight_freeze_readiness_audit_not_endpoint
F568-1,holdout,K_scale_tail_spiral,1.0,SOURCE_CANDIDATE_HI_TAIL_READY,SPARC/DustPedia HI-tail source candidate,False,l2_weight_freeze_readiness_audit_not_endpoint
IC2574,holdout,K_compact_finite,0.2115966775065736,SOURCE_CANDIDATE_COMPACT_READY,S4G/DustPedia compact source candidate,False,l2_weight_freeze_readiness_audit_not_endpoint
IC2574,holdout,K_exponential_disk,0.3533469089981158,SOURCE_CANDIDATE_S4G_SCALE_READY,S4G scale-radius source candidate,False,l2_weight_freeze_readiness_audit_not_endpoint
IC2574,holdout,K_scale_tail_spiral,0.2370494292183879,SOURCE_CANDIDATE_HI_TAIL_READY,SPARC/DustPedia HI-tail source candidate,False,l2_weight_freeze_readiness_audit_not_endpoint
IC2574,holdout,K_thick_flared,0.1980069842769226,PROXY_OR_PARTIAL_SOURCE_ONLY,projection/memory proxy without accepted vertical source,False,l2_weight_freeze_readiness_audit_not_endpoint
IC4202,holdout,K_scale_tail_spiral,0.7288571532752304,SOURCE_CANDIDATE_HI_TAIL_READY,SPARC/DustPedia HI-tail source candidate,False,l2_weight_freeze_readiness_audit_not_endpoint
IC4202,holdout,K_thick_flared,0.2711428467247697,PROXY_OR_PARTIAL_SOURCE_ONLY,projection/memory proxy without accepted vertical source,False,l2_weight_freeze_readiness_audit_not_endpoint
NGC0024,holdout,K_exponential_disk,0.6052709812119381,SOURCE_CANDIDATE_S4G_SCALE_READY,S4G scale-radius source candidate,False,l2_weight_freeze_readiness_audit_not_endpoint
NGC0024,holdout,K_scale_tail_spiral,0.3947290187880619,SOURCE_CANDIDATE_HI_TAIL_READY,SPARC/DustPedia HI-tail source candidate,False,l2_weight_freeze_readiness_audit_not_endpoint
NGC2683,holdout,K_compact_finite,0.3309645787929463,SOURCE_CANDIDATE_COMPACT_READY,S4G/DustPedia compact source candidate,False,l2_weight_freeze_readiness_audit_not_endpoint
NGC2683,holdout,K_exponential_disk,0.2940275973955246,SOURCE_CANDIDATE_S4G_SCALE_READY,S4G scale-radius source candidate,False,l2_weight_freeze_readiness_audit_not_endpoint
NGC2683,holdout,K_scale_tail_spiral,0.2374095748842707,SOURCE_CANDIDATE_HI_TAIL_READY,SPARC/DustPedia HI-tail source candidate,False,l2_weight_freeze_readiness_audit_not_endpoint
NGC2683,holdout,K_thick_flared,0.1375982489272584,PROXY_OR_PARTIAL_SOURCE_ONLY,projection/memory proxy without accepted vertical source,False,l2_weight_freeze_readiness_audit_not_endpoint
NGC3726,holdout,K_compact_finite,0.3261144729454155,SOURCE_CANDIDATE_COMPACT_READY,S4G/DustPedia compact source candidate,False,l2_weight_freeze_readiness_audit_not_endpoint
NGC3726,holdout,K_exponential_disk,0.342505506159387,SOURCE_CANDIDATE_S4G_SCALE_READY,S4G scale-radius source candidate,False,l2_weight_freeze_readiness_audit_not_endpoint
NGC3726,holdout,K_scale_tail_spiral,0.3313800208951975,SOURCE_CANDIDATE_HI_TAIL_READY,SPARC/DustPedia HI-tail source candidate,False,l2_weight_freeze_readiness_audit_not_endpoint
NGC3949,holdout,K_compact_finite,0.3727331316943935,SOURCE_CANDIDATE_COMPACT_READY,S4G/DustPedia compact source candidate,False,l2_weight_freeze_readiness_audit_not_endpoint
NGC3949,holdout,K_exponential_disk,0.3180771691734078,SOURCE_CANDIDATE_S4G_SCALE_READY,S4G scale-radius source candidate,False,l2_weight_freeze_readiness_audit_not_endpoint
NGC3949,holdout,K_scale_tail_spiral,0.3091896991321987,SOURCE_CANDIDATE_HI_TAIL_READY,SPARC/DustPedia HI-tail source candidate,False,l2_weight_freeze_readiness_audit_not_endpoint
NGC3972,holdout,K_compact_finite,0.33330345098848,SOURCE_CANDIDATE_COMPACT_READY,S4G/DustPedia compact source candidate,False,l2_weight_freeze_readiness_audit_not_endpoint
NGC3972,holdout,K_exponential_disk,0.3176195000629279,SOURCE_CANDIDATE_S4G_SCALE_READY,S4G scale-radius source candidate,False,l2_weight_freeze_readiness_audit_not_endpoint
NGC3972,holdout,K_scale_tail_spiral,0.227218718754533,SOURCE_CANDIDATE_HI_TAIL_READY,SPARC/DustPedia HI-tail source candidate,False,l2_weight_freeze_readiness_audit_not_endpoint
NGC3972,holdout,K_thick_flared,0.121858330194059,PROXY_OR_PARTIAL_SOURCE_ONLY,projection/memory proxy without accepted vertical source,False,l2_weight_freeze_readiness_audit_not_endpoint
NGC4013,holdout,K_compact_finite,0.3183692660409564,SOURCE_CANDIDATE_COMPACT_READY,S4G/DustPedia compact source candidate,False,l2_weight_freeze_readiness_audit_not_endpoint
NGC4013,holdout,K_exponential_disk,0.287092282790896,SOURCE_CANDIDATE_S4G_SCALE_READY,S4G scale-radius source candidate,False,l2_weight_freeze_readiness_audit_not_endpoint
NGC4013,holdout,K_scale_tail_spiral,0.2864132608303025,SOURCE_CANDIDATE_HI_TAIL_READY,SPARC/DustPedia HI-tail source candidate,False,l2_weight_freeze_readiness_audit_not_endpoint
NGC4013,holdout,K_thick_flared,0.1081251903378448,PROXY_OR_PARTIAL_SOURCE_ONLY,projection/memory proxy without accepted vertical source,False,l2_weight_freeze_readiness_audit_not_endpoint
NGC4088,holdout,K_compact_finite,0.329002204088653,SOURCE_CANDIDATE_COMPACT_READY,S4G/DustPedia compact source candidate,False,l2_weight_freeze_readiness_audit_not_endpoint
NGC4088,holdout,K_exponential_disk,0.3264483927824635,SOURCE_CANDIDATE_S4G_SCALE_READY,S4G scale-radius source candidate,False,l2_weight_freeze_readiness_audit_not_endpoint
NGC4088,holdout,K_scale_tail_spiral,0.3445494031288835,SOURCE_CANDIDATE_HI_TAIL_READY,SPARC/DustPedia HI-tail source candidate,False,l2_weight_freeze_readiness_audit_not_endpoint
NGC4183,holdout,K_compact_finite,0.2080653071807955,SOURCE_CANDIDATE_COMPACT_READY,S4G/DustPedia compact source candidate,False,l2_weight_freeze_readiness_audit_not_endpoint
NGC4183,holdout,K_exponential_disk,0.3259460381869133,SOURCE_CANDIDATE_S4G_SCALE_READY,S4G scale-radius source candidate,False,l2_weight_freeze_readiness_audit_not_endpoint
NGC4183,holdout,K_scale_tail_spiral,0.2869569881582913,SOURCE_CANDIDATE_HI_TAIL_READY,SPARC/DustPedia HI-tail source candidate,False,l2_weight_freeze_readiness_audit_not_endpoint
NGC4183,holdout,K_thick_flared,0.1790316664739998,PROXY_OR_PARTIAL_SOURCE_ONLY,projection/memory proxy without accepted vertical source,False,l2_weight_freeze_readiness_audit_not_endpoint
NGC4214,holdout,K_compact_finite,0.3067899409704425,SOURCE_CANDIDATE_COMPACT_READY,S4G/DustPedia compact source candidate,False,l2_weight_freeze_readiness_audit_not_endpoint
NGC4214,holdout,K_exponential_disk,0.4183499195051487,SOURCE_CANDIDATE_S4G_SCALE_READY,S4G scale-radius source candidate,False,l2_weight_freeze_readiness_audit_not_endpoint
NGC4214,holdout,K_scale_tail_spiral,0.2748601395244087,SOURCE_CANDIDATE_HI_TAIL_READY,SPARC/DustPedia HI-tail source candidate,False,l2_weight_freeze_readiness_audit_not_endpoint
NGC4389,holdout,K_exponential_disk,0.6326659071614523,SOURCE_CANDIDATE_S4G_SCALE_READY,S4G scale-radius source candidate,False,l2_weight_freeze_readiness_audit_not_endpoint
NGC4389,holdout,K_scale_tail_spiral,0.3673340928385478,SOURCE_CANDIDATE_HI_TAIL_READY,SPARC/DustPedia HI-tail source candidate,False,l2_weight_freeze_readiness_audit_not_endpoint
NGC5907,holdout,K_compact_finite,0.2187210918963451,SOURCE_CANDIDATE_COMPACT_READY,S4G/DustPedia compact source candidate,False,l2_weight_freeze_readiness_audit_not_endpoint
NGC5907,holdout,K_exponential_disk,0.3728079833226833,SOURCE_CANDIDATE_S4G_SCALE_READY,S4G scale-radius source candidate,False,l2_weight_freeze_readiness_audit_not_endpoint
NGC5907,holdout,K_scale_tail_spiral,0.258488563150226,SOURCE_CANDIDATE_HI_TAIL_READY,SPARC/DustPedia HI-tail source candidate,False,l2_weight_freeze_readiness_audit_not_endpoint
NGC5907,holdout,K_thick_flared,0.1499823616307455,PROXY_OR_PARTIAL_SOURCE_ONLY,projection/memory proxy without accepted vertical source,False,l2_weight_freeze_readiness_audit_not_endpoint
NGC5985,holdout,K_compact_finite,0.3155837368589197,SOURCE_CANDIDATE_COMPACT_READY,S4G/DustPedia compact source candidate,False,l2_weight_freeze_readiness_audit_not_endpoint
NGC5985,holdout,K_exponential_disk,0.3339138869025597,SOURCE_CANDIDATE_S4G_SCALE_READY,S4G scale-radius source candidate,False,l2_weight_freeze_readiness_audit_not_endpoint
NGC5985,holdout,K_scale_tail_spiral,0.3505023762385207,SOURCE_CANDIDATE_HI_TAIL_READY,SPARC/DustPedia HI-tail source candidate,False,l2_weight_freeze_readiness_audit_not_endpoint
NGC6789,holdout,K_scale_tail_spiral,0.4003230995544382,SOURCE_CANDIDATE_HI_TAIL_READY,SPARC/DustPedia HI-tail source candidate,False,l2_weight_freeze_readiness_audit_not_endpoint
NGC6789,holdout,K_thick_flared,0.5996769004455618,PROXY_OR_PARTIAL_SOURCE_ONLY,projection/memory proxy without accepted vertical source,False,l2_weight_freeze_readiness_audit_not_endpoint
NGC6946,holdout,K_compact_finite,0.4314391726256514,SOURCE_CANDIDATE_COMPACT_READY,S4G/DustPedia compact source candidate,False,l2_weight_freeze_readiness_audit_not_endpoint
NGC6946,holdout,K_scale_tail_spiral,0.5685608273743487,SOURCE_CANDIDATE_HI_TAIL_READY,SPARC/DustPedia HI-tail source candidate,False,l2_weight_freeze_readiness_audit_not_endpoint
NGC7331,holdout,K_compact_finite,0.3116598671481627,SOURCE_CANDIDATE_COMPACT_READY,S4G/DustPedia compact source candidate,False,l2_weight_freeze_readiness_audit_not_endpoint
NGC7331,holdout,K_scale_tail_spiral,0.5122912776343747,SOURCE_CANDIDATE_HI_TAIL_READY,SPARC/DustPedia HI-tail source candidate,False,l2_weight_freeze_readiness_audit_not_endpoint
NGC7331,holdout,K_thick_flared,0.1760488552174627,PROXY_OR_PARTIAL_SOURCE_ONLY,projection/memory proxy without accepted vertical source,False,l2_weight_freeze_readiness_audit_not_endpoint
UGC00731,holdout,K_scale_tail_spiral,0.4807558297471647,SOURCE_CANDIDATE_HI_TAIL_READY,SPARC/DustPedia HI-tail source candidate,False,l2_weight_freeze_readiness_audit_not_endpoint
UGC00731,holdout,K_thick_flared,0.5192441702528352,PROXY_OR_PARTIAL_SOURCE_ONLY,projection/memory proxy without accepted vertical source,False,l2_weight_freeze_readiness_audit_not_endpoint
UGC00891,holdout,K_exponential_disk,0.3900372525598775,SOURCE_CANDIDATE_S4G_SCALE_READY,S4G scale-radius source candidate,False,l2_weight_freeze_readiness_audit_not_endpoint
UGC00891,holdout,K_scale_tail_spiral,0.2363738336564403,SOURCE_CANDIDATE_HI_TAIL_READY,SPARC/DustPedia HI-tail source candidate,False,l2_weight_freeze_readiness_audit_not_endpoint
UGC00891,holdout,K_thick_flared,0.373588913783682,PROXY_OR_PARTIAL_SOURCE_ONLY,projection/memory proxy without accepted vertical source,False,l2_weight_freeze_readiness_audit_not_endpoint
UGC02023,holdout,K_scale_tail_spiral,1.0,SOURCE_CANDIDATE_HI_TAIL_READY,SPARC/DustPedia HI-tail source candidate,False,l2_weight_freeze_readiness_audit_not_endpoint
UGC02259,holdout,K_scale_tail_spiral,0.4985459135498804,SOURCE_CANDIDATE_HI_TAIL_READY,SPARC/DustPedia HI-tail source candidate,False,l2_weight_freeze_readiness_audit_not_endpoint
UGC02259,holdout,K_thick_flared,0.5014540864501196,PROXY_OR_PARTIAL_SOURCE_ONLY,projection/memory proxy without accepted vertical source,False,l2_weight_freeze_readiness_audit_not_endpoint
UGC03580,holdout,K_scale_tail_spiral,1.0,SOURCE_CANDIDATE_HI_TAIL_READY,SPARC/DustPedia HI-tail source candidate,False,l2_weight_freeze_readiness_audit_not_endpoint
UGC04305,holdout,K_compact_finite,0.2449431114906956,SOURCE_CANDIDATE_COMPACT_READY,S4G/DustPedia compact source candidate,False,l2_weight_freeze_readiness_audit_not_endpoint
UGC04305,holdout,K_exponential_disk,0.3436963015890361,SOURCE_CANDIDATE_S4G_SCALE_READY,S4G scale-radius source candidate,False,l2_weight_freeze_readiness_audit_not_endpoint
UGC04305,holdout,K_scale_tail_spiral,0.2406725998488224,SOURCE_CANDIDATE_HI_TAIL_READY,SPARC/DustPedia HI-tail source candidate,False,l2_weight_freeze_readiness_audit_not_endpoint
UGC04305,holdout,K_thick_flared,0.1706879870714458,PROXY_OR_PARTIAL_SOURCE_ONLY,projection/memory proxy without accepted vertical source,False,l2_weight_freeze_readiness_audit_not_endpoint
UGC04499,holdout,K_exponential_disk,0.3956181262080293,SOURCE_CANDIDATE_S4G_SCALE_READY,S4G scale-radius source candidate,False,l2_weight_freeze_readiness_audit_not_endpoint
UGC04499,holdout,K_scale_tail_spiral,0.3041431716627006,SOURCE_CANDIDATE_HI_TAIL_READY,SPARC/DustPedia HI-tail source candidate,False,l2_weight_freeze_readiness_audit_not_endpoint
UGC04499,holdout,K_thick_flared,0.3002387021292699,PROXY_OR_PARTIAL_SOURCE_ONLY,projection/memory proxy without accepted vertical source,False,l2_weight_freeze_readiness_audit_not_endpoint
UGC05414,holdout,K_scale_tail_spiral,0.4903256878978924,SOURCE_CANDIDATE_HI_TAIL_READY,SPARC/DustPedia HI-tail source candidate,False,l2_weight_freeze_readiness_audit_not_endpoint
UGC05414,holdout,K_thick_flared,0.5096743121021077,PROXY_OR_PARTIAL_SOURCE_ONLY,projection/memory proxy without accepted vertical source,False,l2_weight_freeze_readiness_audit_not_endpoint
UGC05716,holdout,K_scale_tail_spiral,0.4591105977956103,SOURCE_CANDIDATE_HI_TAIL_READY,SPARC/DustPedia HI-tail source candidate,False,l2_weight_freeze_readiness_audit_not_endpoint
UGC05716,holdout,K_thick_flared,0.5408894022043896,PROXY_OR_PARTIAL_SOURCE_ONLY,projection/memory proxy without accepted vertical source,False,l2_weight_freeze_readiness_audit_not_endpoint
UGC05829,holdout,K_exponential_disk,0.4197209188718676,SOURCE_CANDIDATE_S4G_SCALE_READY,S4G scale-radius source candidate,False,l2_weight_freeze_readiness_audit_not_endpoint
UGC05829,holdout,K_scale_tail_spiral,0.284106840754585,SOURCE_CANDIDATE_HI_TAIL_READY,SPARC/DustPedia HI-tail source candidate,False,l2_weight_freeze_readiness_audit_not_endpoint
UGC05829,holdout,K_thick_flared,0.2961722403735474,PROXY_OR_PARTIAL_SOURCE_ONLY,projection/memory proxy without accepted vertical source,False,l2_weight_freeze_readiness_audit_not_endpoint
UGC05986,holdout,K_scale_tail_spiral,0.6088751904100491,SOURCE_CANDIDATE_HI_TAIL_READY,SPARC/DustPedia HI-tail source candidate,False,l2_weight_freeze_readiness_audit_not_endpoint
UGC05986,holdout,K_thick_flared,0.3911248095899509,PROXY_OR_PARTIAL_SOURCE_ONLY,projection/memory proxy without accepted vertical source,False,l2_weight_freeze_readiness_audit_not_endpoint
UGC06818,holdout,K_exponential_disk,0.4295136135037621,SOURCE_CANDIDATE_S4G_SCALE_READY,S4G scale-radius source candidate,False,l2_weight_freeze_readiness_audit_not_endpoint
UGC06818,holdout,K_scale_tail_spiral,0.2886329323111362,SOURCE_CANDIDATE_HI_TAIL_READY,SPARC/DustPedia HI-tail source candidate,False,l2_weight_freeze_readiness_audit_not_endpoint
UGC06818,holdout,K_thick_flared,0.2818534541851015,PROXY_OR_PARTIAL_SOURCE_ONLY,projection/memory proxy without accepted vertical source,False,l2_weight_freeze_readiness_audit_not_endpoint
UGC06917,holdout,K_exponential_disk,0.5622844754473639,SOURCE_CANDIDATE_S4G_SCALE_READY,S4G scale-radius source candidate,False,l2_weight_freeze_readiness_audit_not_endpoint
UGC06917,holdout,K_scale_tail_spiral,0.437715524552636,SOURCE_CANDIDATE_HI_TAIL_READY,SPARC/DustPedia HI-tail source candidate,False,l2_weight_freeze_readiness_audit_not_endpoint
UGC06983,holdout,K_exponential_disk,0.4093074421097515,SOURCE_CANDIDATE_S4G_SCALE_READY,S4G scale-radius source candidate,False,l2_weight_freeze_readiness_audit_not_endpoint
UGC06983,holdout,K_scale_tail_spiral,0.3534754157609548,SOURCE_CANDIDATE_HI_TAIL_READY,SPARC/DustPedia HI-tail source candidate,False,l2_weight_freeze_readiness_audit_not_endpoint
UGC06983,holdout,K_thick_flared,0.2372171421292935,PROXY_OR_PARTIAL_SOURCE_ONLY,projection/memory proxy without accepted vertical source,False,l2_weight_freeze_readiness_audit_not_endpoint
UGC07151,holdout,K_scale_tail_spiral,0.4750060562057635,SOURCE_CANDIDATE_HI_TAIL_READY,SPARC/DustPedia HI-tail source candidate,False,l2_weight_freeze_readiness_audit_not_endpoint
UGC07151,holdout,K_thick_flared,0.5249939437942365,PROXY_OR_PARTIAL_SOURCE_ONLY,projection/memory proxy without accepted vertical source,False,l2_weight_freeze_readiness_audit_not_endpoint
UGC07261,holdout,K_scale_tail_spiral,1.0,SOURCE_CANDIDATE_HI_TAIL_READY,SPARC/DustPedia HI-tail source candidate,False,l2_weight_freeze_readiness_audit_not_endpoint
UGC07577,holdout,K_exponential_disk,0.6875,SOURCE_CANDIDATE_S4G_SCALE_READY,S4G scale-radius source candidate,False,l2_weight_freeze_readiness_audit_not_endpoint
UGC07577,holdout,K_scale_tail_spiral,0.3125,SOURCE_CANDIDATE_HI_TAIL_READY,SPARC/DustPedia HI-tail source candidate,False,l2_weight_freeze_readiness_audit_not_endpoint
UGC07603,holdout,K_scale_tail_spiral,0.36816784822392,SOURCE_CANDIDATE_HI_TAIL_READY,SPARC/DustPedia HI-tail source candidate,False,l2_weight_freeze_readiness_audit_not_endpoint
UGC07603,holdout,K_thick_flared,0.6318321517760799,PROXY_OR_PARTIAL_SOURCE_ONLY,projection/memory proxy without accepted vertical source,False,l2_weight_freeze_readiness_audit_not_endpoint
UGC08699,holdout,K_scale_tail_spiral,0.6743014840279918,SOURCE_CANDIDATE_HI_TAIL_READY,SPARC/DustPedia HI-tail source candidate,False,l2_weight_freeze_readiness_audit_not_endpoint
UGC08699,holdout,K_thick_flared,0.3256985159720081,PROXY_OR_PARTIAL_SOURCE_ONLY,projection/memory proxy without accepted vertical source,False,l2_weight_freeze_readiness_audit_not_endpoint
UGC11914,holdout,K_scale_tail_spiral,1.0,SOURCE_CANDIDATE_HI_TAIL_READY,SPARC/DustPedia HI-tail source candidate,False,l2_weight_freeze_readiness_audit_not_endpoint
UGC12506,holdout,K_scale_tail_spiral,0.6701834663540823,SOURCE_CANDIDATE_HI_TAIL_READY,SPARC/DustPedia HI-tail source candidate,False,l2_weight_freeze_readiness_audit_not_endpoint
UGC12506,holdout,K_thick_flared,0.3298165336459177,PROXY_OR_PARTIAL_SOURCE_ONLY,projection/memory proxy without accepted vertical source,False,l2_weight_freeze_readiness_audit_not_endpoint
UGCA444,holdout,K_scale_tail_spiral,0.2777777777777778,SOURCE_CANDIDATE_HI_TAIL_READY,SPARC/DustPedia HI-tail source candidate,False,l2_weight_freeze_readiness_audit_not_endpoint
UGCA444,holdout,K_thick_flared,0.7222222222222222,PROXY_OR_PARTIAL_SOURCE_ONLY,projection/memory proxy without accepted vertical source,False,l2_weight_freeze_readiness_audit_not_endpoint
D512-2,train,K_compact_finite,0.25,MISSING_SOURCE_SUPPORT,no compact/core source candidate,False,l2_weight_freeze_readiness_audit_not_endpoint
D512-2,train,K_exponential_disk,0.25,MISSING_SOURCE_SUPPORT,no S4G scale source candidate,False,l2_weight_freeze_readiness_audit_not_endpoint
D512-2,train,K_scale_tail_spiral,0.25,MISSING_SOURCE_SUPPORT,no HI/tail source candidate,False,l2_weight_freeze_readiness_audit_not_endpoint
D512-2,train,K_thick_flared,0.25,MISSING_SOURCE_SUPPORT,no thickness/flare/warp source candidate,False,l2_weight_freeze_readiness_audit_not_endpoint
D564-8,train,K_thick_flared,1.0,MISSING_SOURCE_SUPPORT,no thickness/flare/warp source candidate,False,l2_weight_freeze_readiness_audit_not_endpoint
D631-7,train,K_thick_flared,1.0,MISSING_SOURCE_SUPPORT,no thickness/flare/warp source candidate,False,l2_weight_freeze_readiness_audit_not_endpoint
DDO064,train,K_scale_tail_spiral,1.0,SOURCE_CANDIDATE_HI_TAIL_READY,SPARC/DustPedia HI-tail source candidate,False,l2_weight_freeze_readiness_audit_not_endpoint
DDO154,train,K_scale_tail_spiral,0.3560829426330869,SOURCE_CANDIDATE_HI_TAIL_READY,SPARC/DustPedia HI-tail source candidate,False,l2_weight_freeze_readiness_audit_not_endpoint
DDO154,train,K_thick_flared,0.6439170573669131,PROXY_OR_PARTIAL_SOURCE_ONLY,projection/memory proxy without accepted vertical source,False,l2_weight_freeze_readiness_audit_not_endpoint
DDO161,train,K_scale_tail_spiral,0.4248958645839791,SOURCE_CANDIDATE_HI_TAIL_READY,SPARC/DustPedia HI-tail source candidate,False,l2_weight_freeze_readiness_audit_not_endpoint
DDO161,train,K_thick_flared,0.5751041354160208,PROXY_OR_PARTIAL_SOURCE_ONLY,projection/memory proxy without accepted vertical source,False,l2_weight_freeze_readiness_audit_not_endpoint
DDO168,train,K_scale_tail_spiral,0.3490747348040526,SOURCE_CANDIDATE_HI_TAIL_READY,SPARC/DustPedia HI-tail source candidate,False,l2_weight_freeze_readiness_audit_not_endpoint
DDO168,train,K_thick_flared,0.6509252651959474,PROXY_OR_PARTIAL_SOURCE_ONLY,projection/memory proxy without accepted vertical source,False,l2_weight_freeze_readiness_audit_not_endpoint
DDO170,train,K_scale_tail_spiral,0.4355424063669698,SOURCE_CANDIDATE_HI_TAIL_READY,SPARC/DustPedia HI-tail source candidate,False,l2_weight_freeze_readiness_audit_not_endpoint
DDO170,train,K_thick_flared,0.5644575936330303,PROXY_OR_PARTIAL_SOURCE_ONLY,projection/memory proxy without accepted vertical source,False,l2_weight_freeze_readiness_audit_not_endpoint
ESO079-G014,train,K_scale_tail_spiral,0.6615536625449314,SOURCE_CANDIDATE_HI_TAIL_READY,SPARC/DustPedia HI-tail source candidate,False,l2_weight_freeze_readiness_audit_not_endpoint
ESO079-G014,train,K_thick_flared,0.3384463374550686,PROXY_OR_PARTIAL_SOURCE_ONLY,projection/memory proxy without accepted vertical source,False,l2_weight_freeze_readiness_audit_not_endpoint
ESO444-G084,train,K_scale_tail_spiral,0.3125,SOURCE_CANDIDATE_HI_TAIL_READY,SPARC/DustPedia HI-tail source candidate,False,l2_weight_freeze_readiness_audit_not_endpoint
ESO444-G084,train,K_thick_flared,0.6875,PROXY_OR_PARTIAL_SOURCE_ONLY,projection/memory proxy without accepted vertical source,False,l2_weight_freeze_readiness_audit_not_endpoint
ESO563-G021,train,K_scale_tail_spiral,0.7336843451204008,SOURCE_CANDIDATE_HI_TAIL_READY,SPARC/DustPedia HI-tail source candidate,False,l2_weight_freeze_readiness_audit_not_endpoint
ESO563-G021,train,K_thick_flared,0.2663156548795991,PROXY_OR_PARTIAL_SOURCE_ONLY,projection/memory proxy without accepted vertical source,False,l2_weight_freeze_readiness_audit_not_endpoint
F563-V1,train,K_scale_tail_spiral,0.4477068535030429,SOURCE_CANDIDATE_HI_TAIL_READY,SPARC/DustPedia HI-tail source candidate,False,l2_weight_freeze_readiness_audit_not_endpoint
F563-V1,train,K_thick_flared,0.5522931464969572,PROXY_OR_PARTIAL_SOURCE_ONLY,projection/memory proxy without accepted vertical source,False,l2_weight_freeze_readiness_audit_not_endpoint
F563-V2,train,K_scale_tail_spiral,0.579771218645038,SOURCE_CANDIDATE_HI_TAIL_READY,SPARC/DustPedia HI-tail source candidate,False,l2_weight_freeze_readiness_audit_not_endpoint
F563-V2,train,K_thick_flared,0.420228781354962,PROXY_OR_PARTIAL_SOURCE_ONLY,projection/memory proxy without accepted vertical source,False,l2_weight_freeze_readiness_audit_not_endpoint
F565-V2,train,K_scale_tail_spiral,0.4142386271117175,SOURCE_CANDIDATE_HI_TAIL_READY,SPARC/DustPedia HI-tail source candidate,False,l2_weight_freeze_readiness_audit_not_endpoint
F565-V2,train,K_thick_flared,0.5857613728882824,PROXY_OR_PARTIAL_SOURCE_ONLY,projection/memory proxy without accepted vertical source,False,l2_weight_freeze_readiness_audit_not_endpoint
F567-2,train,K_scale_tail_spiral,1.0,SOURCE_CANDIDATE_HI_TAIL_READY,SPARC/DustPedia HI-tail source candidate,False,l2_weight_freeze_readiness_audit_not_endpoint
F568-3,train,K_scale_tail_spiral,1.0,SOURCE_CANDIDATE_HI_TAIL_READY,SPARC/DustPedia HI-tail source candidate,False,l2_weight_freeze_readiness_audit_not_endpoint
F568-V1,train,K_scale_tail_spiral,1.0,SOURCE_CANDIDATE_HI_TAIL_READY,SPARC/DustPedia HI-tail source candidate,False,l2_weight_freeze_readiness_audit_not_endpoint
F571-8,train,K_scale_tail_spiral,0.6763846400092621,SOURCE_CANDIDATE_HI_TAIL_READY,SPARC/DustPedia HI-tail source candidate,False,l2_weight_freeze_readiness_audit_not_endpoint
F571-8,train,K_thick_flared,0.3236153599907378,PROXY_OR_PARTIAL_SOURCE_ONLY,projection/memory proxy without accepted vertical source,False,l2_weight_freeze_readiness_audit_not_endpoint
F571-V1,train,K_scale_tail_spiral,0.4873269097439666,SOURCE_CANDIDATE_HI_TAIL_READY,SPARC/DustPedia HI-tail source candidate,False,l2_weight_freeze_readiness_audit_not_endpoint
F571-V1,train,K_thick_flared,0.5126730902560334,PROXY_OR_PARTIAL_SOURCE_ONLY,projection/memory proxy without accepted vertical source,False,l2_weight_freeze_readiness_audit_not_endpoint
F574-1,train,K_scale_tail_spiral,1.0,SOURCE_CANDIDATE_HI_TAIL_READY,SPARC/DustPedia HI-tail source candidate,False,l2_weight_freeze_readiness_audit_not_endpoint
F574-2,train,K_scale_tail_spiral,1.0,SOURCE_CANDIDATE_HI_TAIL_READY,SPARC/DustPedia HI-tail source candidate,False,l2_weight_freeze_readiness_audit_not_endpoint
F579-V1,train,K_scale_tail_spiral,1.0,SOURCE_CANDIDATE_HI_TAIL_READY,SPARC/DustPedia HI-tail source candidate,False,l2_weight_freeze_readiness_audit_not_endpoint
F583-1,train,K_scale_tail_spiral,1.0,SOURCE_CANDIDATE_HI_TAIL_READY,SPARC/DustPedia HI-tail source candidate,False,l2_weight_freeze_readiness_audit_not_endpoint
F583-4,train,K_scale_tail_spiral,1.0,SOURCE_CANDIDATE_HI_TAIL_READY,SPARC/DustPedia HI-tail source candidate,False,l2_weight_freeze_readiness_audit_not_endpoint
KK98-251,train,K_scale_tail_spiral,0.3125,SOURCE_CANDIDATE_HI_TAIL_READY,SPARC/DustPedia HI-tail source candidate,False,l2_weight_freeze_readiness_audit_not_endpoint
KK98-251,train,K_thick_flared,0.6875,PROXY_OR_PARTIAL_SOURCE_ONLY,projection/memory proxy without accepted vertical source,False,l2_weight_freeze_readiness_audit_not_endpoint
NGC0055,train,K_exponential_disk,0.3860794346507892,SOURCE_CANDIDATE_S4G_SCALE_READY,S4G scale-radius source candidate,False,l2_weight_freeze_readiness_audit_not_endpoint
NGC0055,train,K_scale_tail_spiral,0.2654262013073786,SOURCE_CANDIDATE_HI_TAIL_READY,SPARC/DustPedia HI-tail source candidate,False,l2_weight_freeze_readiness_audit_not_endpoint
NGC0055,train,K_thick_flared,0.348494364041832,PROXY_OR_PARTIAL_SOURCE_ONLY,projection/memory proxy without accepted vertical source,False,l2_weight_freeze_readiness_audit_not_endpoint
NGC0100,train,K_exponential_disk,0.3833696569038664,SOURCE_CANDIDATE_S4G_SCALE_READY,S4G scale-radius source candidate,False,l2_weight_freeze_readiness_audit_not_endpoint
NGC0100,train,K_scale_tail_spiral,0.3764582501752824,SOURCE_CANDIDATE_HI_TAIL_READY,SPARC/DustPedia HI-tail source candidate,False,l2_weight_freeze_readiness_audit_not_endpoint
NGC0100,train,K_thick_flared,0.2401720929208512,PROXY_OR_PARTIAL_SOURCE_ONLY,projection/memory proxy without accepted vertical source,False,l2_weight_freeze_readiness_audit_not_endpoint
NGC0247,train,K_exponential_disk,0.4256716458589894,SOURCE_CANDIDATE_S4G_SCALE_READY,S4G scale-radius source candidate,False,l2_weight_freeze_readiness_audit_not_endpoint
NGC0247,train,K_scale_tail_spiral,0.3076483841245734,SOURCE_CANDIDATE_HI_TAIL_READY,SPARC/DustPedia HI-tail source candidate,False,l2_weight_freeze_readiness_audit_not_endpoint
NGC0247,train,K_thick_flared,0.2666799700164372,PROXY_OR_PARTIAL_SOURCE_ONLY,projection/memory proxy without accepted vertical source,False,l2_weight_freeze_readiness_audit_not_endpoint
NGC0289,train,K_compact_finite,0.2892778258219806,SOURCE_CANDIDATE_COMPACT_READY,S4G/DustPedia compact source candidate,False,l2_weight_freeze_readiness_audit_not_endpoint
NGC0289,train,K_exponential_disk,0.2661145699969131,SOURCE_CANDIDATE_S4G_SCALE_READY,S4G scale-radius source candidate,False,l2_weight_freeze_readiness_audit_not_endpoint
NGC0289,train,K_scale_tail_spiral,0.3214198064688673,SOURCE_CANDIDATE_HI_TAIL_READY,SPARC/DustPedia HI-tail source candidate,False,l2_weight_freeze_readiness_audit_not_endpoint
NGC0289,train,K_thick_flared,0.123187797712239,PROXY_OR_PARTIAL_SOURCE_ONLY,projection/memory proxy without accepted vertical source,False,l2_weight_freeze_readiness_audit_not_endpoint
NGC0300,train,K_compact_finite,0.283507626425568,SOURCE_CANDIDATE_COMPACT_READY,S4G/DustPedia compact source candidate,False,l2_weight_freeze_readiness_audit_not_endpoint
NGC0300,train,K_exponential_disk,0.4141627788832717,SOURCE_CANDIDATE_S4G_SCALE_READY,S4G scale-radius source candidate,False,l2_weight_freeze_readiness_audit_not_endpoint
NGC0300,train,K_scale_tail_spiral,0.3023295946911602,SOURCE_CANDIDATE_HI_TAIL_READY,SPARC/DustPedia HI-tail source candidate,False,l2_weight_freeze_readiness_audit_not_endpoint
NGC0801,train,K_scale_tail_spiral,0.7206840847498894,SOURCE_CANDIDATE_HI_TAIL_READY,SPARC/DustPedia HI-tail source candidate,False,l2_weight_freeze_readiness_audit_not_endpoint
NGC0801,train,K_thick_flared,0.2793159152501105,PROXY_OR_PARTIAL_SOURCE_ONLY,projection/memory proxy without accepted vertical source,False,l2_weight_freeze_readiness_audit_not_endpoint
NGC0891,train,K_compact_finite,0.3675334770848622,SOURCE_CANDIDATE_COMPACT_READY,S4G/DustPedia compact source candidate,False,l2_weight_freeze_readiness_audit_not_endpoint
NGC0891,train,K_scale_tail_spiral,0.4595709742015323,SOURCE_CANDIDATE_HI_TAIL_READY,SPARC/DustPedia HI-tail source candidate,False,l2_weight_freeze_readiness_audit_not_endpoint
NGC0891,train,K_thick_flared,0.1728955487136054,PROXY_OR_PARTIAL_SOURCE_ONLY,projection/memory proxy without accepted vertical source,False,l2_weight_freeze_readiness_audit_not_endpoint
NGC1003,train,K_scale_tail_spiral,0.637061170538565,SOURCE_CANDIDATE_HI_TAIL_READY,SPARC/DustPedia HI-tail source candidate,False,l2_weight_freeze_readiness_audit_not_endpoint
NGC1003,train,K_thick_flared,0.362938829461435,PROXY_OR_PARTIAL_SOURCE_ONLY,projection/memory proxy without accepted vertical source,False,l2_weight_freeze_readiness_audit_not_endpoint
NGC1090,train,K_compact_finite,0.313744649036378,SOURCE_CANDIDATE_COMPACT_READY,S4G/DustPedia compact source candidate,False,l2_weight_freeze_readiness_audit_not_endpoint
NGC1090,train,K_exponential_disk,0.3322600047287399,SOURCE_CANDIDATE_S4G_SCALE_READY,S4G scale-radius source candidate,False,l2_weight_freeze_readiness_audit_not_endpoint
NGC1090,train,K_scale_tail_spiral,0.353995346234882,SOURCE_CANDIDATE_HI_TAIL_READY,SPARC/DustPedia HI-tail source candidate,False,l2_weight_freeze_readiness_audit_not_endpoint
NGC1705,train,K_compact_finite,0.3542540714660709,SOURCE_CANDIDATE_COMPACT_READY,S4G/DustPedia compact source candidate,False,l2_weight_freeze_readiness_audit_not_endpoint
NGC1705,train,K_exponential_disk,0.2952117262217258,SOURCE_CANDIDATE_S4G_SCALE_READY,S4G scale-radius source candidate,False,l2_weight_freeze_readiness_audit_not_endpoint
NGC1705,train,K_scale_tail_spiral,0.1574462539849204,SOURCE_CANDIDATE_HI_TAIL_READY,SPARC/DustPedia HI-tail source candidate,False,l2_weight_freeze_readiness_audit_not_endpoint
NGC1705,train,K_thick_flared,0.1930879483272827,PROXY_OR_PARTIAL_SOURCE_ONLY,projection/memory proxy without accepted vertical source,False,l2_weight_freeze_readiness_audit_not_endpoint
NGC2366,train,K_scale_tail_spiral,0.4074347032878356,SOURCE_CANDIDATE_HI_TAIL_READY,SPARC/DustPedia HI-tail source candidate,False,l2_weight_freeze_readiness_audit_not_endpoint
NGC2366,train,K_thick_flared,0.5925652967121643,PROXY_OR_PARTIAL_SOURCE_ONLY,projection/memory proxy without accepted vertical source,False,l2_weight_freeze_readiness_audit_not_endpoint
NGC2403,train,K_compact_finite,0.4258005548240886,SOURCE_CANDIDATE_COMPACT_READY,S4G/DustPedia compact source candidate,False,l2_weight_freeze_readiness_audit_not_endpoint
NGC2403,train,K_scale_tail_spiral,0.5741994451759114,SOURCE_CANDIDATE_HI_TAIL_READY,SPARC/DustPedia HI-tail source candidate,False,l2_weight_freeze_readiness_audit_not_endpoint
NGC2841,train,K_compact_finite,0.3058140465367268,SOURCE_CANDIDATE_COMPACT_READY,S4G/DustPedia compact source candidate,False,l2_weight_freeze_readiness_audit_not_endpoint
NGC2841,train,K_exponential_disk,0.2829299668735167,SOURCE_CANDIDATE_S4G_SCALE_READY,S4G scale-radius source candidate,False,l2_weight_freeze_readiness_audit_not_endpoint
NGC2841,train,K_scale_tail_spiral,0.3003616039852152,SOURCE_CANDIDATE_HI_TAIL_READY,SPARC/DustPedia HI-tail source candidate,False,l2_weight_freeze_readiness_audit_not_endpoint
NGC2841,train,K_thick_flared,0.1108943826045412,PROXY_OR_PARTIAL_SOURCE_ONLY,projection/memory proxy without accepted vertical source,False,l2_weight_freeze_readiness_audit_not_endpoint
NGC2903,train,K_compact_finite,0.3726863383819104,SOURCE_CANDIDATE_COMPACT_READY,S4G/DustPedia compact source candidate,False,l2_weight_freeze_readiness_audit_not_endpoint
NGC2903,train,K_exponential_disk,0.3291474404811655,SOURCE_CANDIDATE_S4G_SCALE_READY,S4G scale-radius source candidate,False,l2_weight_freeze_readiness_audit_not_endpoint
NGC2903,train,K_scale_tail_spiral,0.298166221136924,SOURCE_CANDIDATE_HI_TAIL_READY,SPARC/DustPedia HI-tail source candidate,False,l2_weight_freeze_readiness_audit_not_endpoint
NGC2915,train,K_compact_finite,0.3622527826863201,SOURCE_CANDIDATE_COMPACT_READY,S4G/DustPedia compact source candidate,False,l2_weight_freeze_readiness_audit_not_endpoint
NGC2915,train,K_scale_tail_spiral,0.3449836955668794,SOURCE_CANDIDATE_HI_TAIL_READY,SPARC/DustPedia HI-tail source candidate,False,l2_weight_freeze_readiness_audit_not_endpoint
NGC2915,train,K_thick_flared,0.2927635217468006,PROXY_OR_PARTIAL_SOURCE_ONLY,projection/memory proxy without accepted vertical source,False,l2_weight_freeze_readiness_audit_not_endpoint
NGC2955,train,K_scale_tail_spiral,1.0,SOURCE_CANDIDATE_HI_TAIL_READY,SPARC/DustPedia HI-tail source candidate,False,l2_weight_freeze_readiness_audit_not_endpoint
NGC2976,train,K_compact_finite,0.3206407769331011,SOURCE_CANDIDATE_COMPACT_READY,S4G/DustPedia compact source candidate,False,l2_weight_freeze_readiness_audit_not_endpoint
NGC2976,train,K_exponential_disk,0.4461659307519162,SOURCE_CANDIDATE_S4G_SCALE_READY,S4G scale-radius source candidate,False,l2_weight_freeze_readiness_audit_not_endpoint
NGC2976,train,K_scale_tail_spiral,0.2331932923149826,SOURCE_CANDIDATE_HI_TAIL_READY,SPARC/DustPedia HI-tail source candidate,False,l2_weight_freeze_readiness_audit_not_endpoint
NGC2998,train,K_scale_tail_spiral,1.0,SOURCE_CANDIDATE_HI_TAIL_READY,SPARC/DustPedia HI-tail source candidate,False,l2_weight_freeze_readiness_audit_not_endpoint
NGC3109,train,K_scale_tail_spiral,0.3473959109102,SOURCE_CANDIDATE_HI_TAIL_READY,SPARC/DustPedia HI-tail source candidate,False,l2_weight_freeze_readiness_audit_not_endpoint
NGC3109,train,K_thick_flared,0.6526040890897999,PROXY_OR_PARTIAL_SOURCE_ONLY,projection/memory proxy without accepted vertical source,False,l2_weight_freeze_readiness_audit_not_endpoint
NGC3198,train,K_compact_finite,0.2844094409882512,SOURCE_CANDIDATE_COMPACT_READY,S4G/DustPedia compact source candidate,False,l2_weight_freeze_readiness_audit_not_endpoint
NGC3198,train,K_exponential_disk,0.2871004523126396,SOURCE_CANDIDATE_S4G_SCALE_READY,S4G scale-radius source candidate,False,l2_weight_freeze_readiness_audit_not_endpoint
NGC3198,train,K_scale_tail_spiral,0.3108854575207034,SOURCE_CANDIDATE_HI_TAIL_READY,SPARC/DustPedia HI-tail source candidate,False,l2_weight_freeze_readiness_audit_not_endpoint
NGC3198,train,K_thick_flared,0.1176046491784056,PROXY_OR_PARTIAL_SOURCE_ONLY,projection/memory proxy without accepted vertical source,False,l2_weight_freeze_readiness_audit_not_endpoint
NGC3521,train,K_compact_finite,0.3219437269147965,SOURCE_CANDIDATE_COMPACT_READY,S4G/DustPedia compact source candidate,False,l2_weight_freeze_readiness_audit_not_endpoint
NGC3521,train,K_exponential_disk,0.2854826640248878,SOURCE_CANDIDATE_S4G_SCALE_READY,S4G scale-radius source candidate,False,l2_weight_freeze_readiness_audit_not_endpoint
NGC3521,train,K_scale_tail_spiral,0.2852590334220502,SOURCE_CANDIDATE_HI_TAIL_READY,SPARC/DustPedia HI-tail source candidate,False,l2_weight_freeze_readiness_audit_not_endpoint
NGC3521,train,K_thick_flared,0.1073145756382655,PROXY_OR_PARTIAL_SOURCE_ONLY,projection/memory proxy without accepted vertical source,False,l2_weight_freeze_readiness_audit_not_endpoint
NGC3741,train,K_scale_tail_spiral,0.2967423806697106,SOURCE_CANDIDATE_HI_TAIL_READY,SPARC/DustPedia HI-tail source candidate,False,l2_weight_freeze_readiness_audit_not_endpoint
NGC3741,train,K_thick_flared,0.7032576193302894,PROXY_OR_PARTIAL_SOURCE_ONLY,projection/memory proxy without accepted vertical source,False,l2_weight_freeze_readiness_audit_not_endpoint
NGC3769,train,K_exponential_disk,0.3488635933726704,SOURCE_CANDIDATE_S4G_SCALE_READY,S4G scale-radius source candidate,False,l2_weight_freeze_readiness_audit_not_endpoint
NGC3769,train,K_scale_tail_spiral,0.3996746551202746,SOURCE_CANDIDATE_HI_TAIL_READY,SPARC/DustPedia HI-tail source candidate,False,l2_weight_freeze_readiness_audit_not_endpoint
NGC3769,train,K_thick_flared,0.2514617515070549,PROXY_OR_PARTIAL_SOURCE_ONLY,projection/memory proxy without accepted vertical source,False,l2_weight_freeze_readiness_audit_not_endpoint
NGC3877,train,K_compact_finite,0.3182342465001506,SOURCE_CANDIDATE_COMPACT_READY,S4G/DustPedia compact source candidate,False,l2_weight_freeze_readiness_audit_not_endpoint
NGC3877,train,K_exponential_disk,0.3201468267374622,SOURCE_CANDIDATE_S4G_SCALE_READY,S4G scale-radius source candidate,False,l2_weight_freeze_readiness_audit_not_endpoint
NGC3877,train,K_scale_tail_spiral,0.2252328211194656,SOURCE_CANDIDATE_HI_TAIL_READY,SPARC/DustPedia HI-tail source candidate,False,l2_weight_freeze_readiness_audit_not_endpoint
NGC3877,train,K_thick_flared,0.1363861056429217,PROXY_OR_PARTIAL_SOURCE_ONLY,projection/memory proxy without accepted vertical source,False,l2_weight_freeze_readiness_audit_not_endpoint
NGC3893,train,K_compact_finite,0.3444608876002789,SOURCE_CANDIDATE_COMPACT_READY,S4G/DustPedia compact source candidate,False,l2_weight_freeze_readiness_audit_not_endpoint
NGC3893,train,K_exponential_disk,0.3152181495095697,SOURCE_CANDIDATE_S4G_SCALE_READY,S4G scale-radius source candidate,False,l2_weight_freeze_readiness_audit_not_endpoint
NGC3893,train,K_scale_tail_spiral,0.3403209628901514,SOURCE_CANDIDATE_HI_TAIL_READY,SPARC/DustPedia HI-tail source candidate,False,l2_weight_freeze_readiness_audit_not_endpoint
NGC3917,train,K_compact_finite,0.3077217900736089,SOURCE_CANDIDATE_COMPACT_READY,S4G/DustPedia compact source candidate,False,l2_weight_freeze_readiness_audit_not_endpoint
NGC3917,train,K_exponential_disk,0.307211132109382,SOURCE_CANDIDATE_S4G_SCALE_READY,S4G scale-radius source candidate,False,l2_weight_freeze_readiness_audit_not_endpoint
NGC3917,train,K_scale_tail_spiral,0.2385238441123233,SOURCE_CANDIDATE_HI_TAIL_READY,SPARC/DustPedia HI-tail source candidate,False,l2_weight_freeze_readiness_audit_not_endpoint
NGC3917,train,K_thick_flared,0.1465432337046855,PROXY_OR_PARTIAL_SOURCE_ONLY,projection/memory proxy without accepted vertical source,False,l2_weight_freeze_readiness_audit_not_endpoint
NGC3953,train,K_compact_finite,0.3484898302730694,SOURCE_CANDIDATE_COMPACT_READY,S4G/DustPedia compact source candidate,False,l2_weight_freeze_readiness_audit_not_endpoint
NGC3953,train,K_exponential_disk,0.3593789492457931,SOURCE_CANDIDATE_S4G_SCALE_READY,S4G scale-radius source candidate,False,l2_weight_freeze_readiness_audit_not_endpoint
NGC3953,train,K_scale_tail_spiral,0.2921312204811374,SOURCE_CANDIDATE_HI_TAIL_READY,SPARC/DustPedia HI-tail source candidate,False,l2_weight_freeze_readiness_audit_not_endpoint
NGC3992,train,K_compact_finite,0.299495477560409,SOURCE_CANDIDATE_COMPACT_READY,S4G/DustPedia compact source candidate,False,l2_weight_freeze_readiness_audit_not_endpoint
NGC3992,train,K_exponential_disk,0.3422805457833246,SOURCE_CANDIDATE_S4G_SCALE_READY,S4G scale-radius source candidate,False,l2_weight_freeze_readiness_audit_not_endpoint
NGC3992,train,K_scale_tail_spiral,0.3582239766562663,SOURCE_CANDIDATE_HI_TAIL_READY,SPARC/DustPedia HI-tail source candidate,False,l2_weight_freeze_readiness_audit_not_endpoint
NGC4010,train,K_exponential_disk,0.4034564168852352,SOURCE_CANDIDATE_S4G_SCALE_READY,S4G scale-radius source candidate,False,l2_weight_freeze_readiness_audit_not_endpoint
NGC4010,train,K_scale_tail_spiral,0.3764073664172001,SOURCE_CANDIDATE_HI_TAIL_READY,SPARC/DustPedia HI-tail source candidate,False,l2_weight_freeze_readiness_audit_not_endpoint
NGC4010,train,K_thick_flared,0.2201362166975646,PROXY_OR_PARTIAL_SOURCE_ONLY,projection/memory proxy without accepted vertical source,False,l2_weight_freeze_readiness_audit_not_endpoint
NGC4051,train,K_compact_finite,0.3531529051305795,SOURCE_CANDIDATE_COMPACT_READY,S4G/DustPedia compact source candidate,False,l2_weight_freeze_readiness_audit_not_endpoint
NGC4051,train,K_exponential_disk,0.3608119701739586,SOURCE_CANDIDATE_S4G_SCALE_READY,S4G scale-radius source candidate,False,l2_weight_freeze_readiness_audit_not_endpoint
NGC4051,train,K_scale_tail_spiral,0.2860351246954618,SOURCE_CANDIDATE_HI_TAIL_READY,SPARC/DustPedia HI-tail source candidate,False,l2_weight_freeze_readiness_audit_not_endpoint
NGC4068,train,K_exponential_disk,0.4704700997700023,SOURCE_CANDIDATE_S4G_SCALE_READY,S4G scale-radius source candidate,False,l2_weight_freeze_readiness_audit_not_endpoint
NGC4068,train,K_scale_tail_spiral,0.213850045350001,SOURCE_CANDIDATE_HI_TAIL_READY,SPARC/DustPedia HI-tail source candidate,False,l2_weight_freeze_readiness_audit_not_endpoint
NGC4068,train,K_thick_flared,0.3156798548799965,PROXY_OR_PARTIAL_SOURCE_ONLY,projection/memory proxy without accepted vertical source,False,l2_weight_freeze_readiness_audit_not_endpoint
NGC4085,train,K_compact_finite,0.3390097379001939,SOURCE_CANDIDATE_COMPACT_READY,S4G/DustPedia compact source candidate,False,l2_weight_freeze_readiness_audit_not_endpoint
NGC4085,train,K_exponential_disk,0.2874894177213165,SOURCE_CANDIDATE_S4G_SCALE_READY,S4G scale-radius source candidate,False,l2_weight_freeze_readiness_audit_not_endpoint
NGC4085,train,K_scale_tail_spiral,0.228210956706978,SOURCE_CANDIDATE_HI_TAIL_READY,SPARC/DustPedia HI-tail source candidate,False,l2_weight_freeze_readiness_audit_not_endpoint
NGC4085,train,K_thick_flared,0.1452898876715117,PROXY_OR_PARTIAL_SOURCE_ONLY,projection/memory proxy without accepted vertical source,False,l2_weight_freeze_readiness_audit_not_endpoint
NGC4100,train,K_compact_finite,0.3068388566808265,SOURCE_CANDIDATE_COMPACT_READY,S4G/DustPedia compact source candidate,False,l2_weight_freeze_readiness_audit_not_endpoint
NGC4100,train,K_exponential_disk,0.3190383228884285,SOURCE_CANDIDATE_S4G_SCALE_READY,S4G scale-radius source candidate,False,l2_weight_freeze_readiness_audit_not_endpoint
NGC4100,train,K_scale_tail_spiral,0.2616480012162765,SOURCE_CANDIDATE_HI_TAIL_READY,SPARC/DustPedia HI-tail source candidate,False,l2_weight_freeze_readiness_audit_not_endpoint
NGC4100,train,K_thick_flared,0.1124748192144684,PROXY_OR_PARTIAL_SOURCE_ONLY,projection/memory proxy without accepted vertical source,False,l2_weight_freeze_readiness_audit_not_endpoint
NGC4138,train,K_compact_finite,0.3858257407911005,SOURCE_CANDIDATE_COMPACT_READY,S4G/DustPedia compact source candidate,False,l2_weight_freeze_readiness_audit_not_endpoint
NGC4138,train,K_exponential_disk,0.321625967936762,SOURCE_CANDIDATE_S4G_SCALE_READY,S4G scale-radius source candidate,False,l2_weight_freeze_readiness_audit_not_endpoint
NGC4138,train,K_scale_tail_spiral,0.2925482912721375,SOURCE_CANDIDATE_HI_TAIL_READY,SPARC/DustPedia HI-tail source candidate,False,l2_weight_freeze_readiness_audit_not_endpoint
NGC4157,train,K_compact_finite,0.2890553167053084,SOURCE_CANDIDATE_COMPACT_READY,S4G/DustPedia compact source candidate,False,l2_weight_freeze_readiness_audit_not_endpoint
NGC4157,train,K_exponential_disk,0.2743891662445832,SOURCE_CANDIDATE_S4G_SCALE_READY,S4G scale-radius source candidate,False,l2_weight_freeze_readiness_audit_not_endpoint
NGC4157,train,K_scale_tail_spiral,0.2970024548594332,SOURCE_CANDIDATE_HI_TAIL_READY,SPARC/DustPedia HI-tail source candidate,False,l2_weight_freeze_readiness_audit_not_endpoint
NGC4157,train,K_thick_flared,0.1395530621906752,PROXY_OR_PARTIAL_SOURCE_ONLY,projection/memory proxy without accepted vertical source,False,l2_weight_freeze_readiness_audit_not_endpoint
NGC4217,train,K_compact_finite,0.3445982568393381,SOURCE_CANDIDATE_COMPACT_READY,S4G/DustPedia compact source candidate,False,l2_weight_freeze_readiness_audit_not_endpoint
NGC4217,train,K_exponential_disk,0.2967729651634749,SOURCE_CANDIDATE_S4G_SCALE_READY,S4G scale-radius source candidate,False,l2_weight_freeze_readiness_audit_not_endpoint
NGC4217,train,K_scale_tail_spiral,0.2552493009453856,SOURCE_CANDIDATE_HI_TAIL_READY,SPARC/DustPedia HI-tail source candidate,False,l2_weight_freeze_readiness_audit_not_endpoint
NGC4217,train,K_thick_flared,0.1033794770518014,PROXY_OR_PARTIAL_SOURCE_ONLY,projection/memory proxy without accepted vertical source,False,l2_weight_freeze_readiness_audit_not_endpoint
NGC4559,train,K_compact_finite,0.3480023229096747,SOURCE_CANDIDATE_COMPACT_READY,S4G/DustPedia compact source candidate,False,l2_weight_freeze_readiness_audit_not_endpoint
NGC4559,train,K_exponential_disk,0.3255713395743771,SOURCE_CANDIDATE_S4G_SCALE_READY,S4G scale-radius source candidate,False,l2_weight_freeze_readiness_audit_not_endpoint
NGC4559,train,K_scale_tail_spiral,0.3264263375159481,SOURCE_CANDIDATE_HI_TAIL_READY,SPARC/DustPedia HI-tail source candidate,False,l2_weight_freeze_readiness_audit_not_endpoint
NGC5005,train,K_compact_finite,0.4072844746704969,SOURCE_CANDIDATE_COMPACT_READY,S4G/DustPedia compact source candidate,False,l2_weight_freeze_readiness_audit_not_endpoint
NGC5005,train,K_exponential_disk,0.3520053548959047,SOURCE_CANDIDATE_S4G_SCALE_READY,S4G scale-radius source candidate,False,l2_weight_freeze_readiness_audit_not_endpoint
NGC5005,train,K_scale_tail_spiral,0.2407101704335983,SOURCE_CANDIDATE_HI_TAIL_READY,SPARC/DustPedia HI-tail source candidate,False,l2_weight_freeze_readiness_audit_not_endpoint
NGC5033,train,K_compact_finite,0.3435504626724132,SOURCE_CANDIDATE_COMPACT_READY,S4G/DustPedia compact source candidate,False,l2_weight_freeze_readiness_audit_not_endpoint
NGC5033,train,K_exponential_disk,0.3273258945174949,SOURCE_CANDIDATE_S4G_SCALE_READY,S4G scale-radius source candidate,False,l2_weight_freeze_readiness_audit_not_endpoint
NGC5033,train,K_scale_tail_spiral,0.3291236428100919,SOURCE_CANDIDATE_HI_TAIL_READY,SPARC/DustPedia HI-tail source candidate,False,l2_weight_freeze_readiness_audit_not_endpoint
NGC5055,train,K_compact_finite,0.341015207325404,SOURCE_CANDIDATE_COMPACT_READY,S4G/DustPedia compact source candidate,False,l2_weight_freeze_readiness_audit_not_endpoint
NGC5055,train,K_exponential_disk,0.2841793394378367,SOURCE_CANDIDATE_S4G_SCALE_READY,S4G scale-radius source candidate,False,l2_weight_freeze_readiness_audit_not_endpoint
NGC5055,train,K_scale_tail_spiral,0.3748054532367593,SOURCE_CANDIDATE_HI_TAIL_READY,SPARC/DustPedia HI-tail source candidate,False,l2_weight_freeze_readiness_audit_not_endpoint
NGC5371,train,K_compact_finite,0.3030879189640753,SOURCE_CANDIDATE_COMPACT_READY,S4G/DustPedia compact source candidate,False,l2_weight_freeze_readiness_audit_not_endpoint
NGC5371,train,K_exponential_disk,0.3463635304063432,SOURCE_CANDIDATE_S4G_SCALE_READY,S4G scale-radius source candidate,False,l2_weight_freeze_readiness_audit_not_endpoint
NGC5371,train,K_scale_tail_spiral,0.3505485506295814,SOURCE_CANDIDATE_HI_TAIL_READY,SPARC/DustPedia HI-tail source candidate,False,l2_weight_freeze_readiness_audit_not_endpoint
NGC5585,train,K_compact_finite,0.3887090951934569,SOURCE_CANDIDATE_COMPACT_READY,S4G/DustPedia compact source candidate,False,l2_weight_freeze_readiness_audit_not_endpoint
NGC5585,train,K_exponential_disk,0.3359988731928924,SOURCE_CANDIDATE_S4G_SCALE_READY,S4G scale-radius source candidate,False,l2_weight_freeze_readiness_audit_not_endpoint
NGC5585,train,K_scale_tail_spiral,0.2752920316136507,SOURCE_CANDIDATE_HI_TAIL_READY,SPARC/DustPedia HI-tail source candidate,False,l2_weight_freeze_readiness_audit_not_endpoint
NGC6015,train,K_compact_finite,0.3382480048755627,SOURCE_CANDIDATE_COMPACT_READY,S4G/DustPedia compact source candidate,False,l2_weight_freeze_readiness_audit_not_endpoint
NGC6015,train,K_exponential_disk,0.3251615582412992,SOURCE_CANDIDATE_S4G_SCALE_READY,S4G scale-radius source candidate,False,l2_weight_freeze_readiness_audit_not_endpoint
NGC6015,train,K_scale_tail_spiral,0.336590436883138,SOURCE_CANDIDATE_HI_TAIL_READY,SPARC/DustPedia HI-tail source candidate,False,l2_weight_freeze_readiness_audit_not_endpoint
NGC6195,train,K_scale_tail_spiral,1.0,SOURCE_CANDIDATE_HI_TAIL_READY,SPARC/DustPedia HI-tail source candidate,False,l2_weight_freeze_readiness_audit_not_endpoint
NGC6503,train,K_compact_finite,0.3186303330048021,SOURCE_CANDIDATE_COMPACT_READY,S4G/DustPedia compact source candidate,False,l2_weight_freeze_readiness_audit_not_endpoint
NGC6503,train,K_exponential_disk,0.251611844903246,SOURCE_CANDIDATE_S4G_SCALE_READY,S4G scale-radius source candidate,False,l2_weight_freeze_readiness_audit_not_endpoint
NGC6503,train,K_scale_tail_spiral,0.2444615774816738,SOURCE_CANDIDATE_HI_TAIL_READY,SPARC/DustPedia HI-tail source candidate,False,l2_weight_freeze_readiness_audit_not_endpoint
NGC6503,train,K_thick_flared,0.185296244610278,PROXY_OR_PARTIAL_SOURCE_ONLY,projection/memory proxy without accepted vertical source,False,l2_weight_freeze_readiness_audit_not_endpoint
NGC6674,train,K_scale_tail_spiral,1.0,SOURCE_CANDIDATE_HI_TAIL_READY,SPARC/DustPedia HI-tail source candidate,False,l2_weight_freeze_readiness_audit_not_endpoint
NGC7793,train,K_compact_finite,0.4024233826559718,SOURCE_CANDIDATE_COMPACT_READY,S4G/DustPedia compact source candidate,False,l2_weight_freeze_readiness_audit_not_endpoint
NGC7793,train,K_exponential_disk,0.3520946473871312,SOURCE_CANDIDATE_S4G_SCALE_READY,S4G scale-radius source candidate,False,l2_weight_freeze_readiness_audit_not_endpoint
NGC7793,train,K_scale_tail_spiral,0.2454819699568969,SOURCE_CANDIDATE_HI_TAIL_READY,SPARC/DustPedia HI-tail source candidate,False,l2_weight_freeze_readiness_audit_not_endpoint
NGC7814,train,K_compact_finite,0.5044683960115376,SOURCE_CANDIDATE_COMPACT_READY,S4G/DustPedia compact source candidate,False,l2_weight_freeze_readiness_audit_not_endpoint
NGC7814,train,K_scale_tail_spiral,0.3063559554841358,SOURCE_CANDIDATE_HI_TAIL_READY,SPARC/DustPedia HI-tail source candidate,False,l2_weight_freeze_readiness_audit_not_endpoint
NGC7814,train,K_thick_flared,0.1891756485043266,PROXY_OR_PARTIAL_SOURCE_ONLY,projection/memory proxy without accepted vertical source,False,l2_weight_freeze_readiness_audit_not_endpoint
PGC51017,train,K_scale_tail_spiral,0.369824280450751,SOURCE_CANDIDATE_HI_TAIL_READY,SPARC/DustPedia HI-tail source candidate,False,l2_weight_freeze_readiness_audit_not_endpoint
PGC51017,train,K_thick_flared,0.630175719549249,PROXY_OR_PARTIAL_SOURCE_ONLY,projection/memory proxy without accepted vertical source,False,l2_weight_freeze_readiness_audit_not_endpoint
UGC00128,train,K_scale_tail_spiral,0.6224986558432115,SOURCE_CANDIDATE_HI_TAIL_READY,SPARC/DustPedia HI-tail source candidate,False,l2_weight_freeze_readiness_audit_not_endpoint
UGC00128,train,K_thick_flared,0.3775013441567884,PROXY_OR_PARTIAL_SOURCE_ONLY,projection/memory proxy without accepted vertical source,False,l2_weight_freeze_readiness_audit_not_endpoint
UGC00191,train,K_exponential_disk,0.5658373263169808,SOURCE_CANDIDATE_S4G_SCALE_READY,S4G scale-radius source candidate,False,l2_weight_freeze_readiness_audit_not_endpoint
UGC00191,train,K_scale_tail_spiral,0.4341626736830192,SOURCE_CANDIDATE_HI_TAIL_READY,SPARC/DustPedia HI-tail source candidate,False,l2_weight_freeze_readiness_audit_not_endpoint
UGC00634,train,K_exponential_disk,0.3650244592312859,SOURCE_CANDIDATE_S4G_SCALE_READY,S4G scale-radius source candidate,False,l2_weight_freeze_readiness_audit_not_endpoint
UGC00634,train,K_scale_tail_spiral,0.3361872324557004,SOURCE_CANDIDATE_HI_TAIL_READY,SPARC/DustPedia HI-tail source candidate,False,l2_weight_freeze_readiness_audit_not_endpoint
UGC00634,train,K_thick_flared,0.2987883083130136,PROXY_OR_PARTIAL_SOURCE_ONLY,projection/memory proxy without accepted vertical source,False,l2_weight_freeze_readiness_audit_not_endpoint
UGC01230,train,K_scale_tail_spiral,0.6369796367859202,SOURCE_CANDIDATE_HI_TAIL_READY,SPARC/DustPedia HI-tail source candidate,False,l2_weight_freeze_readiness_audit_not_endpoint
UGC01230,train,K_thick_flared,0.3630203632140796,PROXY_OR_PARTIAL_SOURCE_ONLY,projection/memory proxy without accepted vertical source,False,l2_weight_freeze_readiness_audit_not_endpoint
UGC01281,train,K_scale_tail_spiral,0.4157291790473195,SOURCE_CANDIDATE_HI_TAIL_READY,SPARC/DustPedia HI-tail source candidate,False,l2_weight_freeze_readiness_audit_not_endpoint
UGC01281,train,K_thick_flared,0.5842708209526806,PROXY_OR_PARTIAL_SOURCE_ONLY,projection/memory proxy without accepted vertical source,False,l2_weight_freeze_readiness_audit_not_endpoint
UGC02455,train,K_scale_tail_spiral,1.0,SOURCE_CANDIDATE_HI_TAIL_READY,SPARC/DustPedia HI-tail source candidate,False,l2_weight_freeze_readiness_audit_not_endpoint
UGC02487,train,K_scale_tail_spiral,1.0,SOURCE_CANDIDATE_HI_TAIL_READY,SPARC/DustPedia HI-tail source candidate,False,l2_weight_freeze_readiness_audit_not_endpoint
UGC02885,train,K_scale_tail_spiral,1.0,SOURCE_CANDIDATE_HI_TAIL_READY,SPARC/DustPedia HI-tail source candidate,False,l2_weight_freeze_readiness_audit_not_endpoint
UGC02916,train,K_scale_tail_spiral,1.0,SOURCE_CANDIDATE_HI_TAIL_READY,SPARC/DustPedia HI-tail source candidate,False,l2_weight_freeze_readiness_audit_not_endpoint
UGC02953,train,K_scale_tail_spiral,1.0,SOURCE_CANDIDATE_HI_TAIL_READY,SPARC/DustPedia HI-tail source candidate,False,l2_weight_freeze_readiness_audit_not_endpoint
UGC03205,train,K_scale_tail_spiral,1.0,SOURCE_CANDIDATE_HI_TAIL_READY,SPARC/DustPedia HI-tail source candidate,False,l2_weight_freeze_readiness_audit_not_endpoint
UGC03546,train,K_scale_tail_spiral,1.0,SOURCE_CANDIDATE_HI_TAIL_READY,SPARC/DustPedia HI-tail source candidate,False,l2_weight_freeze_readiness_audit_not_endpoint
UGC04278,train,K_scale_tail_spiral,0.5719844189294806,SOURCE_CANDIDATE_HI_TAIL_READY,SPARC/DustPedia HI-tail source candidate,False,l2_weight_freeze_readiness_audit_not_endpoint
UGC04278,train,K_thick_flared,0.4280155810705194,PROXY_OR_PARTIAL_SOURCE_ONLY,projection/memory proxy without accepted vertical source,False,l2_weight_freeze_readiness_audit_not_endpoint
UGC04325,train,K_scale_tail_spiral,1.0,SOURCE_CANDIDATE_HI_TAIL_READY,SPARC/DustPedia HI-tail source candidate,False,l2_weight_freeze_readiness_audit_not_endpoint
UGC04483,train,K_exponential_disk,0.4411764705882353,SOURCE_CANDIDATE_S4G_SCALE_READY,S4G scale-radius source candidate,False,l2_weight_freeze_readiness_audit_not_endpoint
UGC04483,train,K_scale_tail_spiral,0.2352941176470588,SOURCE_CANDIDATE_HI_TAIL_READY,SPARC/DustPedia HI-tail source candidate,False,l2_weight_freeze_readiness_audit_not_endpoint
UGC04483,train,K_thick_flared,0.3235294117647059,PROXY_OR_PARTIAL_SOURCE_ONLY,projection/memory proxy without accepted vertical source,False,l2_weight_freeze_readiness_audit_not_endpoint
UGC05005,train,K_scale_tail_spiral,0.5993040180310966,SOURCE_CANDIDATE_HI_TAIL_READY,SPARC/DustPedia HI-tail source candidate,False,l2_weight_freeze_readiness_audit_not_endpoint
UGC05005,train,K_thick_flared,0.4006959819689034,PROXY_OR_PARTIAL_SOURCE_ONLY,projection/memory proxy without accepted vertical source,False,l2_weight_freeze_readiness_audit_not_endpoint
UGC05253,train,K_scale_tail_spiral,1.0,SOURCE_CANDIDATE_HI_TAIL_READY,SPARC/DustPedia HI-tail source candidate,False,l2_weight_freeze_readiness_audit_not_endpoint
UGC05721,train,K_scale_tail_spiral,0.4647177985546507,SOURCE_CANDIDATE_HI_TAIL_READY,SPARC/DustPedia HI-tail source candidate,False,l2_weight_freeze_readiness_audit_not_endpoint
UGC05721,train,K_thick_flared,0.5352822014453493,PROXY_OR_PARTIAL_SOURCE_ONLY,projection/memory proxy without accepted vertical source,False,l2_weight_freeze_readiness_audit_not_endpoint
UGC05750,train,K_scale_tail_spiral,0.5887794495256257,SOURCE_CANDIDATE_HI_TAIL_READY,SPARC/DustPedia HI-tail source candidate,False,l2_weight_freeze_readiness_audit_not_endpoint
UGC05750,train,K_thick_flared,0.4112205504743743,PROXY_OR_PARTIAL_SOURCE_ONLY,projection/memory proxy without accepted vertical source,False,l2_weight_freeze_readiness_audit_not_endpoint
UGC05764,train,K_exponential_disk,0.4072727777962615,SOURCE_CANDIDATE_S4G_SCALE_READY,S4G scale-radius source candidate,False,l2_weight_freeze_readiness_audit_not_endpoint
UGC05764,train,K_scale_tail_spiral,0.185454444407477,SOURCE_CANDIDATE_HI_TAIL_READY,SPARC/DustPedia HI-tail source candidate,False,l2_weight_freeze_readiness_audit_not_endpoint
UGC05764,train,K_thick_flared,0.4072727777962615,PROXY_OR_PARTIAL_SOURCE_ONLY,projection/memory proxy without accepted vertical source,False,l2_weight_freeze_readiness_audit_not_endpoint
UGC05918,train,K_exponential_disk,0.4528114111459535,SOURCE_CANDIDATE_S4G_SCALE_READY,S4G scale-radius source candidate,False,l2_weight_freeze_readiness_audit_not_endpoint
UGC05918,train,K_scale_tail_spiral,0.2367818019302769,SOURCE_CANDIDATE_HI_TAIL_READY,SPARC/DustPedia HI-tail source candidate,False,l2_weight_freeze_readiness_audit_not_endpoint
UGC05918,train,K_thick_flared,0.3104067869237695,PROXY_OR_PARTIAL_SOURCE_ONLY,projection/memory proxy without accepted vertical source,False,l2_weight_freeze_readiness_audit_not_endpoint
UGC05999,train,K_scale_tail_spiral,0.5252528653958112,SOURCE_CANDIDATE_HI_TAIL_READY,SPARC/DustPedia HI-tail source candidate,False,l2_weight_freeze_readiness_audit_not_endpoint
UGC05999,train,K_thick_flared,0.474747134604189,PROXY_OR_PARTIAL_SOURCE_ONLY,projection/memory proxy without accepted vertical source,False,l2_weight_freeze_readiness_audit_not_endpoint
UGC06399,train,K_exponential_disk,0.4316275447015254,SOURCE_CANDIDATE_S4G_SCALE_READY,S4G scale-radius source candidate,False,l2_weight_freeze_readiness_audit_not_endpoint
UGC06399,train,K_scale_tail_spiral,0.2811591556722893,SOURCE_CANDIDATE_HI_TAIL_READY,SPARC/DustPedia HI-tail source candidate,False,l2_weight_freeze_readiness_audit_not_endpoint
UGC06399,train,K_thick_flared,0.2872132996261852,PROXY_OR_PARTIAL_SOURCE_ONLY,projection/memory proxy without accepted vertical source,False,l2_weight_freeze_readiness_audit_not_endpoint
UGC06446,train,K_exponential_disk,0.3988726113005684,SOURCE_CANDIDATE_S4G_SCALE_READY,S4G scale-radius source candidate,False,l2_weight_freeze_readiness_audit_not_endpoint
UGC06446,train,K_scale_tail_spiral,0.2990714356307639,SOURCE_CANDIDATE_HI_TAIL_READY,SPARC/DustPedia HI-tail source candidate,False,l2_weight_freeze_readiness_audit_not_endpoint
UGC06446,train,K_thick_flared,0.3020559530686676,PROXY_OR_PARTIAL_SOURCE_ONLY,projection/memory proxy without accepted vertical source,False,l2_weight_freeze_readiness_audit_not_endpoint
UGC06614,train,K_scale_tail_spiral,1.0,SOURCE_CANDIDATE_HI_TAIL_READY,SPARC/DustPedia HI-tail source candidate,False,l2_weight_freeze_readiness_audit_not_endpoint
UGC06628,train,K_exponential_disk,0.5811849228195469,SOURCE_CANDIDATE_S4G_SCALE_READY,S4G scale-radius source candidate,False,l2_weight_freeze_readiness_audit_not_endpoint
UGC06628,train,K_scale_tail_spiral,0.4188150771804531,SOURCE_CANDIDATE_HI_TAIL_READY,SPARC/DustPedia HI-tail source candidate,False,l2_weight_freeze_readiness_audit_not_endpoint
UGC06667,train,K_exponential_disk,0.3535992980258891,SOURCE_CANDIDATE_S4G_SCALE_READY,S4G scale-radius source candidate,False,l2_weight_freeze_readiness_audit_not_endpoint
UGC06667,train,K_scale_tail_spiral,0.2671150387310875,SOURCE_CANDIDATE_HI_TAIL_READY,SPARC/DustPedia HI-tail source candidate,False,l2_weight_freeze_readiness_audit_not_endpoint
UGC06667,train,K_thick_flared,0.3792856632430232,PROXY_OR_PARTIAL_SOURCE_ONLY,projection/memory proxy without accepted vertical source,False,l2_weight_freeze_readiness_audit_not_endpoint
UGC06786,train,K_scale_tail_spiral,1.0,SOURCE_CANDIDATE_HI_TAIL_READY,SPARC/DustPedia HI-tail source candidate,False,l2_weight_freeze_readiness_audit_not_endpoint
UGC06787,train,K_scale_tail_spiral,1.0,SOURCE_CANDIDATE_HI_TAIL_READY,SPARC/DustPedia HI-tail source candidate,False,l2_weight_freeze_readiness_audit_not_endpoint
UGC06923,train,K_scale_tail_spiral,1.0,SOURCE_CANDIDATE_HI_TAIL_READY,SPARC/DustPedia HI-tail source candidate,False,l2_weight_freeze_readiness_audit_not_endpoint
UGC06930,train,K_exponential_disk,0.406015736179072,SOURCE_CANDIDATE_S4G_SCALE_READY,S4G scale-radius source candidate,False,l2_weight_freeze_readiness_audit_not_endpoint
UGC06930,train,K_scale_tail_spiral,0.3695225978182536,SOURCE_CANDIDATE_HI_TAIL_READY,SPARC/DustPedia HI-tail source candidate,False,l2_weight_freeze_readiness_audit_not_endpoint
UGC06930,train,K_thick_flared,0.2244616660026744,PROXY_OR_PARTIAL_SOURCE_ONLY,projection/memory proxy without accepted vertical source,False,l2_weight_freeze_readiness_audit_not_endpoint
UGC06973,train,K_scale_tail_spiral,0.628371491179446,SOURCE_CANDIDATE_HI_TAIL_READY,SPARC/DustPedia HI-tail source candidate,False,l2_weight_freeze_readiness_audit_not_endpoint
UGC06973,train,K_thick_flared,0.3716285088205539,PROXY_OR_PARTIAL_SOURCE_ONLY,projection/memory proxy without accepted vertical source,False,l2_weight_freeze_readiness_audit_not_endpoint
UGC07089,train,K_compact_finite,0.2309887825725408,SOURCE_CANDIDATE_COMPACT_READY,S4G/DustPedia compact source candidate,False,l2_weight_freeze_readiness_audit_not_endpoint
UGC07089,train,K_exponential_disk,0.3363835181024637,SOURCE_CANDIDATE_S4G_SCALE_READY,S4G scale-radius source candidate,False,l2_weight_freeze_readiness_audit_not_endpoint
UGC07089,train,K_scale_tail_spiral,0.2526684267533466,SOURCE_CANDIDATE_HI_TAIL_READY,SPARC/DustPedia HI-tail source candidate,False,l2_weight_freeze_readiness_audit_not_endpoint
UGC07089,train,K_thick_flared,0.1799592725716486,PROXY_OR_PARTIAL_SOURCE_ONLY,projection/memory proxy without accepted vertical source,False,l2_weight_freeze_readiness_audit_not_endpoint
UGC07125,train,K_exponential_disk,0.3350477605644849,SOURCE_CANDIDATE_S4G_SCALE_READY,S4G scale-radius source candidate,False,l2_weight_freeze_readiness_audit_not_endpoint
UGC07125,train,K_scale_tail_spiral,0.3561028136861913,SOURCE_CANDIDATE_HI_TAIL_READY,SPARC/DustPedia HI-tail source candidate,False,l2_weight_freeze_readiness_audit_not_endpoint
UGC07125,train,K_thick_flared,0.3088494257493237,PROXY_OR_PARTIAL_SOURCE_ONLY,projection/memory proxy without accepted vertical source,False,l2_weight_freeze_readiness_audit_not_endpoint
UGC07232,train,K_scale_tail_spiral,1.0,SOURCE_CANDIDATE_HI_TAIL_READY,SPARC/DustPedia HI-tail source candidate,False,l2_weight_freeze_readiness_audit_not_endpoint
UGC07323,train,K_scale_tail_spiral,1.0,SOURCE_CANDIDATE_HI_TAIL_READY,SPARC/DustPedia HI-tail source candidate,False,l2_weight_freeze_readiness_audit_not_endpoint
UGC07399,train,K_scale_tail_spiral,0.5000286253512836,SOURCE_CANDIDATE_HI_TAIL_READY,SPARC/DustPedia HI-tail source candidate,False,l2_weight_freeze_readiness_audit_not_endpoint
UGC07399,train,K_thick_flared,0.4999713746487164,PROXY_OR_PARTIAL_SOURCE_ONLY,projection/memory proxy without accepted vertical source,False,l2_weight_freeze_readiness_audit_not_endpoint
UGC07524,train,K_scale_tail_spiral,0.5657269502969962,SOURCE_CANDIDATE_HI_TAIL_READY,SPARC/DustPedia HI-tail source candidate,False,l2_weight_freeze_readiness_audit_not_endpoint
UGC07524,train,K_thick_flared,0.4342730497030038,PROXY_OR_PARTIAL_SOURCE_ONLY,projection/memory proxy without accepted vertical source,False,l2_weight_freeze_readiness_audit_not_endpoint
UGC07559,train,K_exponential_disk,0.4413560030275481,SOURCE_CANDIDATE_S4G_SCALE_READY,S4G scale-radius source candidate,False,l2_weight_freeze_readiness_audit_not_endpoint
UGC07559,train,K_scale_tail_spiral,0.2082195254881726,SOURCE_CANDIDATE_HI_TAIL_READY,SPARC/DustPedia HI-tail source candidate,False,l2_weight_freeze_readiness_audit_not_endpoint
UGC07559,train,K_thick_flared,0.3504244714842793,PROXY_OR_PARTIAL_SOURCE_ONLY,projection/memory proxy without accepted vertical source,False,l2_weight_freeze_readiness_audit_not_endpoint
UGC07608,train,K_exponential_disk,0.3807017929890829,SOURCE_CANDIDATE_S4G_SCALE_READY,S4G scale-radius source candidate,False,l2_weight_freeze_readiness_audit_not_endpoint
UGC07608,train,K_scale_tail_spiral,0.251802130380876,SOURCE_CANDIDATE_HI_TAIL_READY,SPARC/DustPedia HI-tail source candidate,False,l2_weight_freeze_readiness_audit_not_endpoint
UGC07608,train,K_thick_flared,0.367496076630041,PROXY_OR_PARTIAL_SOURCE_ONLY,projection/memory proxy without accepted vertical source,False,l2_weight_freeze_readiness_audit_not_endpoint
UGC07690,train,K_exponential_disk,0.4471243886436558,SOURCE_CANDIDATE_S4G_SCALE_READY,S4G scale-radius source candidate,False,l2_weight_freeze_readiness_audit_not_endpoint
UGC07690,train,K_scale_tail_spiral,0.266191902730352,SOURCE_CANDIDATE_HI_TAIL_READY,SPARC/DustPedia HI-tail source candidate,False,l2_weight_freeze_readiness_audit_not_endpoint
UGC07690,train,K_thick_flared,0.2866837086259921,PROXY_OR_PARTIAL_SOURCE_ONLY,projection/memory proxy without accepted vertical source,False,l2_weight_freeze_readiness_audit_not_endpoint
UGC07866,train,K_scale_tail_spiral,0.3837544689214382,SOURCE_CANDIDATE_HI_TAIL_READY,SPARC/DustPedia HI-tail source candidate,False,l2_weight_freeze_readiness_audit_not_endpoint
UGC07866,train,K_thick_flared,0.6162455310785618,PROXY_OR_PARTIAL_SOURCE_ONLY,projection/memory proxy without accepted vertical source,False,l2_weight_freeze_readiness_audit_not_endpoint
UGC08286,train,K_scale_tail_spiral,0.4583411104014203,SOURCE_CANDIDATE_HI_TAIL_READY,SPARC/DustPedia HI-tail source candidate,False,l2_weight_freeze_readiness_audit_not_endpoint
UGC08286,train,K_thick_flared,0.5416588895985797,PROXY_OR_PARTIAL_SOURCE_ONLY,projection/memory proxy without accepted vertical source,False,l2_weight_freeze_readiness_audit_not_endpoint
UGC08490,train,K_scale_tail_spiral,0.4583624163244316,SOURCE_CANDIDATE_HI_TAIL_READY,SPARC/DustPedia HI-tail source candidate,False,l2_weight_freeze_readiness_audit_not_endpoint
UGC08490,train,K_thick_flared,0.5416375836755684,PROXY_OR_PARTIAL_SOURCE_ONLY,projection/memory proxy without accepted vertical source,False,l2_weight_freeze_readiness_audit_not_endpoint
UGC08550,train,K_scale_tail_spiral,0.3724149110875795,SOURCE_CANDIDATE_HI_TAIL_READY,SPARC/DustPedia HI-tail source candidate,False,l2_weight_freeze_readiness_audit_not_endpoint
UGC08550,train,K_thick_flared,0.6275850889124204,PROXY_OR_PARTIAL_SOURCE_ONLY,projection/memory proxy without accepted vertical source,False,l2_weight_freeze_readiness_audit_not_endpoint
UGC08837,train,K_exponential_disk,0.4614936501910183,SOURCE_CANDIDATE_S4G_SCALE_READY,S4G scale-radius source candidate,False,l2_weight_freeze_readiness_audit_not_endpoint
UGC08837,train,K_scale_tail_spiral,0.2215201605203648,SOURCE_CANDIDATE_HI_TAIL_READY,SPARC/DustPedia HI-tail source candidate,False,l2_weight_freeze_readiness_audit_not_endpoint
UGC08837,train,K_thick_flared,0.3169861892886169,PROXY_OR_PARTIAL_SOURCE_ONLY,projection/memory proxy without accepted vertical source,False,l2_weight_freeze_readiness_audit_not_endpoint
UGC09037,train,K_scale_tail_spiral,1.0,SOURCE_CANDIDATE_HI_TAIL_READY,SPARC/DustPedia HI-tail source candidate,False,l2_weight_freeze_readiness_audit_not_endpoint
UGC09133,train,K_scale_tail_spiral,1.0,SOURCE_CANDIDATE_HI_TAIL_READY,SPARC/DustPedia HI-tail source candidate,False,l2_weight_freeze_readiness_audit_not_endpoint
UGC09992,train,K_exponential_disk,0.4231875549661737,SOURCE_CANDIDATE_S4G_SCALE_READY,S4G scale-radius source candidate,False,l2_weight_freeze_readiness_audit_not_endpoint
UGC09992,train,K_scale_tail_spiral,0.2467878374428949,SOURCE_CANDIDATE_HI_TAIL_READY,SPARC/DustPedia HI-tail source candidate,False,l2_weight_freeze_readiness_audit_not_endpoint
UGC09992,train,K_thick_flared,0.3300246075909314,PROXY_OR_PARTIAL_SOURCE_ONLY,projection/memory proxy without accepted vertical source,False,l2_weight_freeze_readiness_audit_not_endpoint
UGC10310,train,K_exponential_disk,0.4360338025543711,SOURCE_CANDIDATE_S4G_SCALE_READY,S4G scale-radius source candidate,False,l2_weight_freeze_readiness_audit_not_endpoint
UGC10310,train,K_scale_tail_spiral,0.3077922236680089,SOURCE_CANDIDATE_HI_TAIL_READY,SPARC/DustPedia HI-tail source candidate,False,l2_weight_freeze_readiness_audit_not_endpoint
UGC10310,train,K_thick_flared,0.25617397377762,PROXY_OR_PARTIAL_SOURCE_ONLY,projection/memory proxy without accepted vertical source,False,l2_weight_freeze_readiness_audit_not_endpoint
UGC11455,train,K_scale_tail_spiral,0.7391304347826088,SOURCE_CANDIDATE_HI_TAIL_READY,SPARC/DustPedia HI-tail source candidate,False,l2_weight_freeze_readiness_audit_not_endpoint
UGC11455,train,K_thick_flared,0.2608695652173913,PROXY_OR_PARTIAL_SOURCE_ONLY,projection/memory proxy without accepted vertical source,False,l2_weight_freeze_readiness_audit_not_endpoint
UGC11557,train,K_scale_tail_spiral,1.0,SOURCE_CANDIDATE_HI_TAIL_READY,SPARC/DustPedia HI-tail source candidate,False,l2_weight_freeze_readiness_audit_not_endpoint
UGC11820,train,K_scale_tail_spiral,0.5575633252036403,SOURCE_CANDIDATE_HI_TAIL_READY,SPARC/DustPedia HI-tail source candidate,False,l2_weight_freeze_readiness_audit_not_endpoint
UGC11820,train,K_thick_flared,0.4424366747963598,PROXY_OR_PARTIAL_SOURCE_ONLY,projection/memory proxy without accepted vertical source,False,l2_weight_freeze_readiness_audit_not_endpoint
UGC12632,train,K_scale_tail_spiral,0.5451434343793925,SOURCE_CANDIDATE_HI_TAIL_READY,SPARC/DustPedia HI-tail source candidate,False,l2_weight_freeze_readiness_audit_not_endpoint
UGC12632,train,K_thick_flared,0.4548565656206074,PROXY_OR_PARTIAL_SOURCE_ONLY,projection/memory proxy without accepted vertical source,False,l2_weight_freeze_readiness_audit_not_endpoint
UGC12732,train,K_exponential_disk,0.3773024982896609,SOURCE_CANDIDATE_S4G_SCALE_READY,S4G scale-radius source candidate,False,l2_weight_freeze_readiness_audit_not_endpoint
UGC12732,train,K_scale_tail_spiral,0.3600134252011395,SOURCE_CANDIDATE_HI_TAIL_READY,SPARC/DustPedia HI-tail source candidate,False,l2_weight_freeze_readiness_audit_not_endpoint
UGC12732,train,K_thick_flared,0.2626840765091995,PROXY_OR_PARTIAL_SOURCE_ONLY,projection/memory proxy without accepted vertical source,False,l2_weight_freeze_readiness_audit_not_endpoint
UGCA281,train,K_scale_tail_spiral,0.3980810843204834,SOURCE_CANDIDATE_HI_TAIL_READY,SPARC/DustPedia HI-tail source candidate,False,l2_weight_freeze_readiness_audit_not_endpoint
UGCA281,train,K_thick_flared,0.6019189156795166,PROXY_OR_PARTIAL_SOURCE_ONLY,projection/memory proxy without accepted vertical source,False,l2_weight_freeze_readiness_audit_not_endpoint
UGCA442,train,K_scale_tail_spiral,0.3419017638362115,SOURCE_CANDIDATE_HI_TAIL_READY,SPARC/DustPedia HI-tail source candidate,False,l2_weight_freeze_readiness_audit_not_endpoint
UGCA442,train,K_thick_flared,0.6580982361637885,PROXY_OR_PARTIAL_SOURCE_ONLY,projection/memory proxy without accepted vertical source,False,l2_weight_freeze_readiness_audit_not_endpoint
