git_status,layer,path,size_bytes
M,top_level_package,README.md,126568
M,top_level_package,arxiv_submission_source.zip,1026097
M,derived_data,data/derived/p0_phangs_source_matches.csv,1356
M,bridge_docs,docs/tau_core_gravity_bridge_central.md,89164
M,figure_sources,figures/fig01_morphology_family_registry.svg,30742
M,figure_sources,figures/fig02_forward_gate_score_schema.svg,39065
M,figure_sources,figures/fig03_forward_readout_gate_flow.svg,35310
M,paper_source_pdf_figures,paper8_submission_source/figures/fig01_morphology_family_registry.pdf,12732
M,paper_source_pdf_figures,paper8_submission_source/figures/fig02_forward_gate_score_schema.pdf,14468
M,paper_source_pdf_figures,paper8_submission_source/figures/fig03_forward_readout_gate_flow.pdf,16481
M,paper_source_pdf_figures,paper8_submission_source/main.pdf,890747
M,paper_source_pdf_figures,paper8_submission_source/main.tex,121074
M,paper_source_pdf_figures,paper8_submission_source/refs.bib,7021
M,reports,reports/p0_dustpedia_hi_phangs_source_evidence.md,3376
M,reports,reports/p0_skyview_previews/NGC0100_2MASS_K.png,125988
M,reports,reports/p0_skyview_previews/NGC0100_DSS2_Red.png,94247
M,reports,reports/p0_skyview_previews/NGC0100_WISE_3_4.png,47875
M,reports,reports/p0_skyview_previews/NGC0247_2MASS_K.png,136658
M,reports,reports/p0_skyview_previews/NGC0247_DSS2_Red.png,110311
M,reports,reports/p0_skyview_previews/NGC0247_WISE_3_4.png,81475
M,reports,reports/p0_skyview_previews/NGC0300_2MASS_K.png,134909
M,reports,reports/p0_skyview_previews/NGC0300_DSS2_Red.png,97909
M,reports,reports/p0_skyview_previews/NGC0300_WISE_3_4.png,65622
M,reports,reports/p0_skyview_previews/NGC6503_2MASS_K.png,105082
M,reports,reports/p0_skyview_previews/NGC6503_DSS2_Red.png,80238
M,reports,reports/p0_skyview_previews/NGC6503_WISE_3_4.png,24348
M,scripts,scripts/acquire_external_morphology_inputs.py,12413
M,scripts,scripts/acquire_p0_dustpedia_hi_phangs_sources.py,11821
M,scripts,scripts/acquire_p0_skyview_preview_images.py,7171
M,scripts,scripts/audit_p0_skyview_availability.py,5290
M,scripts,scripts/reproduce.py,15113
M,scripts,scripts/run_source_native_readout_formula_endpoint.py,20945
M,tests,tests/test_public_reproducibility_package.py,332292
??,derived_data,data/derived/four_case_endpoint_status_cases.csv,1745
??,derived_data,data/derived/four_case_endpoint_status_summary.csv,560
??,derived_data,data/derived/inclusion_lane_endpoint_allowed_use_summary.csv,9898
??,derived_data,data/derived/inclusion_lane_endpoint_scores.csv,461928
??,derived_data,data/derived/inclusion_lane_endpoint_summary.csv,10476
??,derived_data,data/derived/inclusion_lane_expansion_audit.csv,79332
??,derived_data,data/derived/inclusion_lane_expansion_summary.csv,468
??,derived_data,data/derived/inclusion_lane_information_gain_transitions.csv,2242
??,derived_data,data/derived/memory_projection_acceptance_gate.csv,97234
??,derived_data,data/derived/memory_projection_acceptance_summary.csv,504
??,derived_data,data/derived/mixed_readout_candidate_acquisition_queue.csv,9092
??,derived_data,data/derived/mixed_readout_candidate_acquisition_requirements.csv,892
??,derived_data,data/derived/mixed_readout_candidate_acquisition_summary.csv,590
??,derived_data,data/derived/mixed_readout_population_control_by_galaxy.csv,663
??,derived_data,data/derived/mixed_readout_population_control_matrix.csv,1483
??,derived_data,data/derived/mixed_readout_population_control_points.csv,58102
??,derived_data,data/derived/mixed_readout_population_control_summary.csv,731
??,derived_data,data/derived/mixed_readout_population_endpoint_points.csv,31874
??,derived_data,data/derived/mixed_readout_population_endpoint_scores.csv,1574
??,derived_data,data/derived/mixed_readout_population_endpoint_summary.csv,674
??,derived_data,data/derived/mixed_readout_population_expansion_candidates.csv,5329
??,derived_data,data/derived/mixed_readout_population_expansion_obligations.csv,680
??,derived_data,data/derived/mixed_readout_population_expansion_summary.csv,622
??,derived_data,data/derived/mixed_readout_population_shuffled_label_permutations.csv,1070
??,derived_data,data/derived/mixed_readout_population_validation_cases.csv,1789
??,derived_data,data/derived/mixed_readout_population_validation_endpoints.csv,1236
??,derived_data,data/derived/mixed_readout_population_validation_protocol.csv,1852
??,derived_data,data/derived/mixed_readout_population_validation_summary.csv,621
??,derived_data,data/derived/mixed_readout_source_selection_cases.csv,772
??,derived_data,data/derived/mixed_readout_source_selection_protocol.csv,1769
??,derived_data,data/derived/mixed_readout_source_selection_summary.csv,362
??,derived_data,data/derived/morphology_information_gain_data_acquisition.csv,2064
??,derived_data,data/derived/morphology_information_gain_dustpedia_matches.csv,134973
??,derived_data,data/derived/morphology_information_gain_l2_weight_freeze_component_audit.csv,71763
??,derived_data,data/derived/morphology_information_gain_l2_weight_freeze_readiness.csv,88205
??,derived_data,data/derived/morphology_information_gain_l2_weight_freeze_readiness_summary.csv,960
??,derived_data,data/derived/morphology_information_gain_l2_weight_intake_candidates.csv,59265
??,derived_data,data/derived/morphology_information_gain_l2_weight_intake_endpoint_by_family.csv,1206
??,derived_data,data/derived/morphology_information_gain_l2_weight_intake_endpoint_scores.csv,59456
??,derived_data,data/derived/morphology_information_gain_l2_weight_intake_endpoint_summary.csv,885
??,derived_data,data/derived/morphology_information_gain_l2_weight_intake_summary.csv,1149
??,derived_data,data/derived/morphology_information_gain_level_manifest.csv,1469
??,derived_data,data/derived/morphology_information_gain_scores_by_galaxy.csv,191986
??,derived_data,data/derived/morphology_information_gain_source_expansion.csv,39967
??,derived_data,data/derived/morphology_information_gain_source_expansion_summary.csv,1417
??,derived_data,data/derived/morphology_information_gain_summary.csv,2291
??,derived_data,data/derived/morphology_information_gain_transitions.csv,1117
??,derived_data,data/derived/multigalaxy_fit_inspection_amplitudes.csv,963
??,derived_data,data/derived/multigalaxy_fit_inspection_points.csv,242577
??,derived_data,data/derived/multigalaxy_fit_inspection_scores.csv,9421
??,derived_data,data/derived/multigalaxy_fit_inspection_summary.csv,2808
??,derived_data,data/derived/ngc4013_compact_overlay_source_acquisition.csv,2023
??,derived_data,data/derived/ngc4013_compact_overlay_source_summary.csv,681
??,derived_data,data/derived/ngc4013_expdisk_wvo_diagnostic_points.csv,9523
??,derived_data,data/derived/ngc4013_expdisk_wvo_diagnostic_scores.csv,647
??,derived_data,data/derived/ngc4013_expdisk_wvo_formula_freeze_gate.csv,1868
??,derived_data,data/derived/ngc4013_expdisk_wvo_formula_freeze_manifest.csv,1456
??,derived_data,data/derived/ngc4013_expdisk_wvo_formula_freeze_summary.csv,518
??,derived_data,data/derived/ngc4013_expdisk_wvo_frozen_protocol_points.csv,11152
??,derived_data,data/derived/ngc4013_expdisk_wvo_frozen_protocol_scores.csv,727
??,derived_data,data/derived/ngc4013_expdisk_wvo_hypothesis_gate.csv,1177
??,derived_data,data/derived/ngc4013_expdisk_wvo_hypothesis_source_fields.csv,1404
??,derived_data,data/derived/ngc4013_expdisk_wvo_hypothesis_summary.csv,396
??,derived_data,data/derived/ngc4013_expdisk_wvo_mixed_accepted_endpoint_blocker_gate.csv,1593
??,derived_data,data/derived/ngc4013_expdisk_wvo_mixed_accepted_endpoint_blocker_summary.csv,797
??,derived_data,data/derived/ngc4013_mixed_source_rule_evidence.csv,2309
??,derived_data,data/derived/ngc4013_mixed_source_rule_gate.csv,1436
??,derived_data,data/derived/ngc4013_mixed_source_rule_summary.csv,532
??,derived_data,data/derived/ngc4013_warp_overlay_preflight_fields.csv,1323
??,derived_data,data/derived/ngc4013_warp_overlay_preflight_gate.csv,1903
??,derived_data,data/derived/ngc4013_warp_overlay_preflight_summary.csv,641
??,derived_data,data/derived/ngc4013_warp_vertical_overlay_control_candidates.csv,1209
??,derived_data,data/derived/ngc4013_warp_vertical_overlay_control_summary.csv,687
??,derived_data,data/derived/ngc4013_warp_vertical_overlay_endpoint_freeze_gate.csv,1661
??,derived_data,data/derived/ngc4013_warp_vertical_overlay_endpoint_freeze_kernel_grid.csv,1388
??,derived_data,data/derived/ngc4013_warp_vertical_overlay_endpoint_freeze_manifest.csv,1095
??,derived_data,data/derived/ngc4013_warp_vertical_overlay_endpoint_freeze_summary.csv,406
??,derived_data,data/derived/ngc4013_warp_vertical_overlay_endpoint_points.csv,12435
??,derived_data,data/derived/ngc4013_warp_vertical_overlay_endpoint_scores.csv,697
??,derived_data,data/derived/ngc4013_warp_vertical_overlay_formula_blockers.csv,718
??,derived_data,data/derived/ngc4013_warp_vertical_overlay_formula_derivation_steps.csv,1868
??,derived_data,data/derived/ngc4013_warp_vertical_overlay_formula_manifest.csv,996
??,derived_data,data/derived/ngc4013_warp_vertical_overlay_formula_summary.csv,380
??,derived_data,data/derived/ngc4013_warp_vertical_overlay_radial_zone_points.csv,15039
??,derived_data,data/derived/ngc4013_warp_vertical_overlay_radial_zone_scores.csv,1025
??,derived_data,data/derived/ngc4013_warp_vertical_overlay_radial_zone_summary.csv,459
??,derived_data,data/derived/ngc4013_warp_vertical_overlay_replacement_label_gate.csv,1651
??,derived_data,data/derived/ngc4013_warp_vertical_overlay_replacement_label_source_fields.csv,1613
??,derived_data,data/derived/ngc4013_warp_vertical_overlay_replacement_label_summary.csv,434
??,derived_data,data/derived/ngc4088_b1_frozen_image_repeat_obligations.csv,987
??,derived_data,data/derived/ngc4088_b1_frozen_image_repeat_panel_geometry.csv,5078
??,derived_data,data/derived/ngc4088_b1_frozen_image_repeat_summary.csv,885
??,derived_data,data/derived/ngc4088_b1_original_hi_data_acquisition_attempts.csv,3932
??,derived_data,data/derived/ngc4088_b1_original_hi_data_acquisition_summary.csv,796
??,derived_data,data/derived/ngc4088_b1_original_hi_data_source_candidates.csv,837
??,derived_data,data/derived/ngc4088_b1_source_native_radial_calibration_formulas.csv,730
??,derived_data,data/derived/ngc4088_b1_source_native_radial_calibration_routes.csv,1640
??,derived_data,data/derived/ngc4088_b1_source_native_radial_calibration_summary.csv,832
??,derived_data,data/derived/ngc4088_b1_whisp_overview_extraction_obligations.csv,1261
??,derived_data,data/derived/ngc4088_b1_whisp_overview_extraction_packet.csv,735
??,derived_data,data/derived/ngc4088_b1_whisp_overview_extraction_panels.csv,1786
??,derived_data,data/derived/ngc4088_b1_whisp_overview_extraction_response_template.csv,932
??,derived_data,data/derived/ngc4088_b1_whisp_overview_extraction_summary.csv,664
??,derived_data,data/derived/ngc4088_b1_whisp_overview_frozen_extraction_components.csv,645
??,derived_data,data/derived/ngc4088_b1_whisp_overview_frozen_extraction_obligations.csv,813
??,derived_data,data/derived/ngc4088_b1_whisp_overview_frozen_extraction_response.csv,981
??,derived_data,data/derived/ngc4088_b1_whisp_overview_frozen_extraction_summary.csv,1194
??,derived_data,data/derived/ngc4088_b1_whisp_promotion_review_gates.csv,1110
??,derived_data,data/derived/ngc4088_b1_whisp_promotion_review_summary.csv,686
??,derived_data,data/derived/ngc4088_b2_physical_normalization_components.csv,2513
??,derived_data,data/derived/ngc4088_b2_physical_normalization_formula_status.csv,304
??,derived_data,data/derived/ngc4088_b2_physical_normalization_obligations.csv,1200
??,derived_data,data/derived/ngc4088_b2_physical_normalization_synthesis_summary.csv,579
??,derived_data,data/derived/ngc4088_b3_scale_uniqueness_candidate_resolution.csv,2132
??,derived_data,data/derived/ngc4088_b3_scale_uniqueness_obligations.csv,1627
??,derived_data,data/derived/ngc4088_b3_scale_uniqueness_synthesis_summary.csv,699
??,derived_data,data/derived/ngc4088_breakthrough_promotion_gate.csv,1572
??,derived_data,data/derived/ngc4088_breakthrough_promotion_summary.csv,416
??,derived_data,data/derived/ngc4088_formula_freeze_readiness_dashboard.csv,1435
??,derived_data,data/derived/ngc4088_formula_freeze_readiness_summary.csv,1763
??,derived_data,data/derived/ngc4088_independent_xw_digitization_review_obligations.csv,1371
??,derived_data,data/derived/ngc4088_independent_xw_digitization_review_packet.csv,892
??,derived_data,data/derived/ngc4088_independent_xw_digitization_review_protocol_digest.csv,165
??,derived_data,data/derived/ngc4088_independent_xw_digitization_review_response_template.csv,909
??,derived_data,data/derived/ngc4088_independent_xw_digitization_review_summary.csv,409
??,derived_data,data/derived/ngc4088_mixed_formula_freeze_blocker_resolution_plan.csv,2158
??,derived_data,data/derived/ngc4088_mixed_formula_freeze_blocker_resolution_summary.csv,775
??,derived_data,data/derived/ngc4088_mixed_formula_freeze_protocol_supports.csv,1181
??,derived_data,data/derived/ngc4088_source_review_gate_decisions.csv,1473
??,derived_data,data/derived/ngc4088_source_review_literature_fields.csv,2614
??,derived_data,data/derived/ngc4088_source_review_packet_summary.csv,324
??,derived_data,data/derived/ngc4088_warp_history_accepted_endpoint_gate.csv,1208
??,derived_data,data/derived/ngc4088_warp_history_accepted_endpoint_gate_summary.csv,370
??,derived_data,data/derived/ngc4088_warp_history_accepted_endpoint_manifest.csv,1167
??,derived_data,data/derived/ngc4088_warp_history_accepted_endpoint_points.csv,6410
??,derived_data,data/derived/ngc4088_warp_history_accepted_endpoint_scores.csv,1839
??,derived_data,data/derived/ngc4088_warp_history_accepted_endpoint_summary.csv,870
??,derived_data,data/derived/ngc4088_warp_history_formula_freeze_gate.csv,2094
??,derived_data,data/derived/ngc4088_warp_history_formula_freeze_kernel_grid.csv,2967
??,derived_data,data/derived/ngc4088_warp_history_formula_freeze_manifest.csv,2078
??,derived_data,data/derived/ngc4088_warp_history_formula_freeze_summary.csv,927
??,derived_data,data/derived/ngc5907_accepted_endpoint_control_candidates.csv,1164
??,derived_data,data/derived/ngc5907_accepted_endpoint_control_summary.csv,692
??,derived_data,data/derived/ngc5907_expdisk_projection_mixed_accepted_endpoint_gate.csv,1755
??,derived_data,data/derived/ngc5907_expdisk_projection_mixed_accepted_endpoint_gate_summary.csv,426
??,derived_data,data/derived/ngc5907_expdisk_projection_mixed_accepted_endpoint_manifest.csv,1956
??,derived_data,data/derived/ngc5907_expdisk_projection_mixed_accepted_endpoint_points.csv,4498
??,derived_data,data/derived/ngc5907_expdisk_projection_mixed_accepted_endpoint_scores.csv,1298
??,derived_data,data/derived/ngc5907_expdisk_projection_mixed_accepted_endpoint_summary.csv,952
??,derived_data,data/derived/ngc5907_expdisk_projection_mixed_formula_freeze_gate.csv,1943
??,derived_data,data/derived/ngc5907_expdisk_projection_mixed_formula_freeze_manifest.csv,1703
??,derived_data,data/derived/ngc5907_expdisk_projection_mixed_formula_freeze_summary.csv,571
??,derived_data,data/derived/ngc5907_projection_accepted_endpoint_gate.csv,1341
??,derived_data,data/derived/ngc5907_projection_accepted_endpoint_manifest.csv,810
??,derived_data,data/derived/ngc5907_projection_accepted_endpoint_points.csv,4327
??,derived_data,data/derived/ngc5907_projection_accepted_endpoint_scores.csv,605
??,derived_data,data/derived/ngc5907_projection_accepted_endpoint_summary.csv,344
??,derived_data,data/derived/ngc5907_projection_endpoint_points.csv,4301
??,derived_data,data/derived/ngc5907_projection_endpoint_scores.csv,557
??,derived_data,data/derived/ngc5907_projection_freeze_fields.csv,1663
??,derived_data,data/derived/ngc5907_projection_freeze_gate.csv,1482
??,derived_data,data/derived/ngc5907_projection_freeze_summary.csv,521
??,derived_data,data/derived/ngc5907_projection_radial_zone_points.csv,5947
??,derived_data,data/derived/ngc5907_projection_radial_zone_scores.csv,905
??,derived_data,data/derived/ngc5907_projection_radial_zone_summary.csv,463
??,derived_data,data/derived/ngc7331_expdisk_vertical_outer_warp_mixed_accepted_endpoint_gate.csv,1901
??,derived_data,data/derived/ngc7331_expdisk_vertical_outer_warp_mixed_accepted_endpoint_gate_summary.csv,476
??,derived_data,data/derived/ngc7331_expdisk_vertical_outer_warp_mixed_accepted_endpoint_manifest.csv,2001
??,derived_data,data/derived/ngc7331_expdisk_vertical_outer_warp_mixed_accepted_endpoint_points.csv,9125
??,derived_data,data/derived/ngc7331_expdisk_vertical_outer_warp_mixed_accepted_endpoint_scores.csv,1382
??,derived_data,data/derived/ngc7331_expdisk_vertical_outer_warp_mixed_accepted_endpoint_summary.csv,1027
??,derived_data,data/derived/ngc7331_expdisk_vertical_outer_warp_mixed_formula_freeze_gate.csv,1719
??,derived_data,data/derived/ngc7331_expdisk_vertical_outer_warp_mixed_formula_freeze_manifest.csv,1691
??,derived_data,data/derived/ngc7331_expdisk_vertical_outer_warp_mixed_formula_freeze_summary.csv,581
??,derived_data,data/derived/ngc7331_fractional_onset_v2_replay_freeze_gate.csv,1769
??,derived_data,data/derived/ngc7331_fractional_onset_v2_replay_freeze_manifest.csv,2385
??,derived_data,data/derived/ngc7331_fractional_onset_v2_replay_freeze_summary.csv,699
??,derived_data,data/derived/ngc7331_fractional_warp_onset_source_fields.csv,1135
??,derived_data,data/derived/ngc7331_fractional_warp_onset_source_gate.csv,898
??,derived_data,data/derived/ngc7331_fractional_warp_onset_source_summary.csv,712
??,derived_data,data/derived/ngc7331_outer_warp_vertical_caveat_fields.csv,2336
??,derived_data,data/derived/ngc7331_outer_warp_vertical_caveat_gate.csv,1471
??,derived_data,data/derived/ngc7331_outer_warp_vertical_caveat_summary.csv,738
??,derived_data,data/derived/projection_scale_repair_audit.csv,68222
??,derived_data,data/derived/projection_scale_repair_summary.csv,1747
??,derived_data,data/derived/readout_subfamily_accepted_manifest_audit.csv,3951
??,derived_data,data/derived/readout_subfamily_accepted_manifest_audit_summary.csv,341
??,derived_data,data/derived/readout_subfamily_external_source_acquisition_matrix.csv,16769
??,derived_data,data/derived/readout_subfamily_external_source_acquisition_summary.csv,1306
??,derived_data,data/derived/readout_subfamily_external_source_cache_manifest.csv,5269
??,derived_data,data/derived/readout_subfamily_external_source_cache_summary.csv,314
??,derived_data,data/derived/readout_subfamily_external_source_hits.csv,1611
??,derived_data,data/derived/readout_subfamily_extracted_observables.csv,17381
??,derived_data,data/derived/readout_subfamily_extracted_observables_summary.csv,728
??,derived_data,data/derived/readout_subfamily_extraction_acceptance_summary.csv,336
??,derived_data,data/derived/readout_subfamily_missing_source_worklist.csv,4233
??,derived_data,data/derived/readout_subfamily_missing_source_worklist_summary.csv,635
??,derived_data,data/derived/readout_subfamily_ngc4088_case.csv,598
??,derived_data,data/derived/readout_subfamily_observable_fields.csv,2337
??,derived_data,data/derived/readout_subfamily_observable_intake_gate.csv,939
??,derived_data,data/derived/readout_subfamily_observable_intake_manifest.csv,5928
??,derived_data,data/derived/readout_subfamily_registry.csv,3303
??,derived_data,data/derived/readout_subfamily_selection_gate.csv,1074
??,derived_data,data/derived/readout_subfamily_source_citation_ledger.csv,7370
??,derived_data,data/derived/readout_subfamily_source_citation_ledger_summary.csv,239
??,derived_data,data/derived/readout_subfamily_source_evidence_by_galaxy.csv,1319
??,derived_data,data/derived/readout_subfamily_source_evidence_matrix.csv,9242
??,derived_data,data/derived/readout_subfamily_source_evidence_summary.csv,716
??,derived_data,data/derived/s4g75_closure_source_generalization_gate.csv,4486
??,derived_data,data/derived/s4g75_closure_source_generalization_summary.csv,543
??,derived_data,data/derived/s4g75_conditional_promotion_requirement_summary.csv,1161
??,derived_data,data/derived/s4g75_conditional_promotion_requirements.csv,6388
??,derived_data,data/derived/s4g75_direct_kernel_measurement_summary.csv,830
??,derived_data,data/derived/s4g75_direct_kernel_measurements.csv,5424
??,derived_data,data/derived/s4g75_direct_source_native_acquisition_family_summary.csv,1287
??,derived_data,data/derived/s4g75_direct_source_native_acquisition_manifest.csv,13713
??,derived_data,data/derived/s4g75_direct_source_native_acquisition_source_summary.csv,2678
??,derived_data,data/derived/s4g75_direct_source_native_observable_targets.csv,1871
??,derived_data,data/derived/s4g75_failure_mode_breakdown.csv,35731
??,derived_data,data/derived/s4g75_failure_mode_summary.csv,3565
??,derived_data,data/derived/s4g75_filled_kernel_delta_driver_summary.csv,1555
??,derived_data,data/derived/s4g75_filled_kernel_delta_drivers.csv,17185
??,derived_data,data/derived/s4g75_filled_kernel_endpoint_by_family.csv,1144
??,derived_data,data/derived/s4g75_filled_kernel_endpoint_scores.csv,25370
??,derived_data,data/derived/s4g75_filled_kernel_endpoint_summary.csv,648
??,derived_data,data/derived/s4g75_filled_vs_proxy_delta.csv,31426
??,derived_data,data/derived/s4g75_filled_vs_proxy_delta_summary.csv,818
??,derived_data,data/derived/s4g75_holdout_repair_review_field_summary.csv,1196
??,derived_data,data/derived/s4g75_holdout_repair_review_galaxy_summary.csv,4859
??,derived_data,data/derived/s4g75_holdout_repair_review_packet.csv,46901
??,derived_data,data/derived/s4g75_kernel_observable_fill.csv,7229
??,derived_data,data/derived/s4g75_kernel_observable_fill_summary.csv,584
??,derived_data,data/derived/s4g75_kernel_ready_endpoint_subset_status.csv,548
??,derived_data,data/derived/s4g75_kernel_ready_promotion_gate.csv,24387
??,derived_data,data/derived/s4g75_kernel_ready_promotion_summary.csv,1587
??,derived_data,data/derived/s4g75_literature_kernel_source_hit_summary.csv,1049
??,derived_data,data/derived/s4g75_literature_kernel_source_hits.csv,7392
??,derived_data,data/derived/s4g75_ngc2683_closure_source_sensitivity.csv,3714
??,derived_data,data/derived/s4g75_ngc2683_closure_source_sensitivity_points.csv,13035
??,derived_data,data/derived/s4g75_ngc2683_flare_closure_source_prototype_points.csv,14823
??,derived_data,data/derived/s4g75_ngc2683_flare_closure_source_prototype_summary.csv,1730
??,derived_data,data/derived/s4g75_ngc2683_flare_profile_mapping_gate.csv,5895
??,derived_data,data/derived/s4g75_ngc2683_flare_profile_mapping_summary.csv,508
??,derived_data,data/derived/s4g75_ngc2683_hr_profile_kernel_prototype_points.csv,7771
??,derived_data,data/derived/s4g75_ngc2683_hr_profile_kernel_prototype_summary.csv,925
??,derived_data,data/derived/s4g75_ngc2683_profile_aware_kernel_preflight_points.csv,5604
??,derived_data,data/derived/s4g75_ngc2683_profile_aware_kernel_preflight_summary.csv,982
??,derived_data,data/derived/s4g75_ngc4088_asymptotic_carrier_candidate.csv,386
??,derived_data,data/derived/s4g75_ngc4088_asymptotic_carrier_dominance_gate.csv,2184
??,derived_data,data/derived/s4g75_ngc4088_asymptotic_carrier_dominance_summary.csv,407
??,derived_data,data/derived/s4g75_ngc4088_bi_coefficient_freeze_rule_gate.csv,1154
??,derived_data,data/derived/s4g75_ngc4088_bi_coefficient_freeze_rule_summary.csv,518
??,derived_data,data/derived/s4g75_ngc4088_bi_coefficient_obligations.csv,1520
??,derived_data,data/derived/s4g75_ngc4088_bi_coefficient_rule_gate.csv,1508
??,derived_data,data/derived/s4g75_ngc4088_bi_coefficient_rule_summary.csv,512
??,derived_data,data/derived/s4g75_ngc4088_bi_feature_normalization.csv,1036
??,derived_data,data/derived/s4g75_ngc4088_bi_frozen_coefficients.csv,1881
??,derived_data,data/derived/s4g75_ngc4088_bi_sharp_coefficient_bound_rule_gate.csv,969
??,derived_data,data/derived/s4g75_ngc4088_bi_sharp_coefficient_bound_rule_summary.csv,532
??,derived_data,data/derived/s4g75_ngc4088_bi_sharp_coefficients.csv,2134
??,derived_data,data/derived/s4g75_ngc4088_channel_map_digitization_protocol.csv,1996
??,derived_data,data/derived/s4g75_ngc4088_channel_map_digitization_response_schema.csv,1856
??,derived_data,data/derived/s4g75_ngc4088_channel_map_digitization_response_summary.csv,286
??,derived_data,data/derived/s4g75_ngc4088_channel_map_digitization_response_template.csv,1068
??,derived_data,data/derived/s4g75_ngc4088_channel_map_digitization_response_validation.csv,364
??,derived_data,data/derived/s4g75_ngc4088_channel_map_digitization_worksheet.csv,3851
??,derived_data,data/derived/s4g75_ngc4088_channel_map_digitization_worksheet_summary.csv,500
??,derived_data,data/derived/s4g75_ngc4088_closure_functional_requirement.csv,541
??,derived_data,data/derived/s4g75_ngc4088_closure_functional_requirement_gate.csv,2100
??,derived_data,data/derived/s4g75_ngc4088_closure_functional_requirement_summary.csv,397
??,derived_data,data/derived/s4g75_ngc4088_cross_term_ledger.csv,787
??,derived_data,data/derived/s4g75_ngc4088_cross_term_model.csv,390
??,derived_data,data/derived/s4g75_ngc4088_cross_term_suppression_gate.csv,1721
??,derived_data,data/derived/s4g75_ngc4088_cross_term_suppression_summary.csv,403
??,derived_data,data/derived/s4g75_ngc4088_digitization_target_manifest.csv,1331
??,derived_data,data/derived/s4g75_ngc4088_digitization_target_summary.csv,310
??,derived_data,data/derived/s4g75_ngc4088_endpoint_fit_diagnostic_points.csv,39246
??,derived_data,data/derived/s4g75_ngc4088_endpoint_fit_diagnostic_scores.csv,3832
??,derived_data,data/derived/s4g75_ngc4088_endpoint_fit_diagnostic_summary.csv,950
??,derived_data,data/derived/s4g75_ngc4088_epsilon_cross_bound_expression.csv,476
??,derived_data,data/derived/s4g75_ngc4088_epsilon_cross_bound_expression_summary.csv,492
??,derived_data,data/derived/s4g75_ngc4088_epsilon_cross_bound_protocol.csv,499
??,derived_data,data/derived/s4g75_ngc4088_epsilon_cross_bound_terms.csv,1252
??,derived_data,data/derived/s4g75_ngc4088_epsilon_cross_input_review_gate.csv,1110
??,derived_data,data/derived/s4g75_ngc4088_epsilon_cross_input_review_obligations.csv,1661
??,derived_data,data/derived/s4g75_ngc4088_epsilon_cross_input_review_summary.csv,452
??,derived_data,data/derived/s4g75_ngc4088_epsilon_cross_locality_bound_gate.csv,1189
??,derived_data,data/derived/s4g75_ngc4088_epsilon_cross_locality_bound_summary.csv,564
??,derived_data,data/derived/s4g75_ngc4088_epsilon_cross_locality_bound_terms.csv,1083
??,derived_data,data/derived/s4g75_ngc4088_epsilon_cross_readout_sensitivity_gate.csv,993
??,derived_data,data/derived/s4g75_ngc4088_epsilon_cross_readout_sensitivity_scenarios.csv,2018
??,derived_data,data/derived/s4g75_ngc4088_epsilon_cross_readout_sensitivity_summary.csv,717
??,derived_data,data/derived/s4g75_ngc4088_epsilon_cross_source_bound_gate.csv,1768
??,derived_data,data/derived/s4g75_ngc4088_epsilon_cross_source_bound_summary.csv,465
??,derived_data,data/derived/s4g75_ngc4088_epsilon_cross_source_observables.csv,1411
??,derived_data,data/derived/s4g75_ngc4088_filled_warp_closure_mapping.csv,669
??,derived_data,data/derived/s4g75_ngc4088_filled_warp_closure_profile.csv,3007
??,derived_data,data/derived/s4g75_ngc4088_filled_warp_closure_summary.csv,345
??,derived_data,data/derived/s4g75_ngc4088_first_pass_source_response_fill_gate.csv,1050
??,derived_data,data/derived/s4g75_ngc4088_first_pass_source_response_fill_summary.csv,419
??,derived_data,data/derived/s4g75_ngc4088_h4_interaction_context_evidence.csv,809
??,derived_data,data/derived/s4g75_ngc4088_h4_interaction_context_review.csv,535
??,derived_data,data/derived/s4g75_ngc4088_h4_interaction_context_review_gate.csv,1034
??,derived_data,data/derived/s4g75_ngc4088_h4_interaction_context_review_summary.csv,436
??,derived_data,data/derived/s4g75_ngc4088_kernel_to_velocity_normalization_constants.csv,1439
??,derived_data,data/derived/s4g75_ngc4088_kernel_to_velocity_normalization_profile.csv,3834
??,derived_data,data/derived/s4g75_ngc4088_kernel_to_velocity_normalization_summary.csv,606
??,derived_data,data/derived/s4g75_ngc4088_memory_history_first_pass_components.csv,1033
??,derived_data,data/derived/s4g75_ngc4088_memory_history_first_pass_response.csv,456
??,derived_data,data/derived/s4g75_ngc4088_memory_history_proxy_components.csv,886
??,derived_data,data/derived/s4g75_ngc4088_memory_history_proxy_gate.csv,1354
??,derived_data,data/derived/s4g75_ngc4088_memory_history_proxy_protocol.csv,540
??,derived_data,data/derived/s4g75_ngc4088_memory_history_proxy_response_template.csv,378
??,derived_data,data/derived/s4g75_ngc4088_memory_history_proxy_summary.csv,463
??,derived_data,data/derived/s4g75_ngc4088_minimal_euler_ansatz.csv,478
??,derived_data,data/derived/s4g75_ngc4088_minimal_euler_ansatz_gate.csv,1638
??,derived_data,data/derived/s4g75_ngc4088_minimal_euler_ansatz_summary.csv,389
??,derived_data,data/derived/s4g75_ngc4088_multiplicative_coupling_assumptions.csv,1181
??,derived_data,data/derived/s4g75_ngc4088_multiplicative_coupling_separability_gate.csv,1723
??,derived_data,data/derived/s4g75_ngc4088_multiplicative_coupling_separability_summary.csv,444
??,derived_data,data/derived/s4g75_ngc4088_multiplicative_coupling_theorem.csv,564
??,derived_data,data/derived/s4g75_ngc4088_physical_normalization_formula.csv,412
??,derived_data,data/derived/s4g75_ngc4088_physical_normalization_law_gate.csv,2106
??,derived_data,data/derived/s4g75_ngc4088_physical_normalization_law_summary.csv,275
??,derived_data,data/derived/s4g75_ngc4088_qwarp_first_pass_response.csv,537
??,derived_data,data/derived/s4g75_ngc4088_qwarp_measurement_fields.csv,906
??,derived_data,data/derived/s4g75_ngc4088_qwarp_measurement_gate.csv,1245
??,derived_data,data/derived/s4g75_ngc4088_qwarp_measurement_protocol.csv,603
??,derived_data,data/derived/s4g75_ngc4088_qwarp_measurement_response_template.csv,390
??,derived_data,data/derived/s4g75_ngc4088_qwarp_measurement_summary.csv,410
??,derived_data,data/derived/s4g75_ngc4088_readout_preflight_profile.csv,3108
??,derived_data,data/derived/s4g75_ngc4088_readout_preflight_summary.csv,352
??,derived_data,data/derived/s4g75_ngc4088_readout_promotion_gate.csv,1869
??,derived_data,data/derived/s4g75_ngc4088_readout_promotion_summary.csv,318
??,derived_data,data/derived/s4g75_ngc4088_scale_uniqueness_audit.csv,1632
??,derived_data,data/derived/s4g75_ngc4088_scale_uniqueness_summary.csv,317
??,derived_data,data/derived/s4g75_ngc4088_source_response_independent_review.csv,1079
??,derived_data,data/derived/s4g75_ngc4088_source_response_independent_review_gate.csv,1205
??,derived_data,data/derived/s4g75_ngc4088_source_response_independent_review_summary.csv,562
??,derived_data,data/derived/s4g75_ngc4088_target_functional_origin_factors.csv,1833
??,derived_data,data/derived/s4g75_ngc4088_target_functional_origin_gate.csv,1722
??,derived_data,data/derived/s4g75_ngc4088_target_functional_origin_summary.csv,362
??,derived_data,data/derived/s4g75_ngc4088_tau_side_scale_derivation_gate.csv,1976
??,derived_data,data/derived/s4g75_ngc4088_tau_side_scale_derivation_skeleton.csv,569
??,derived_data,data/derived/s4g75_ngc4088_tau_side_scale_derivation_summary.csv,355
??,derived_data,data/derived/s4g75_ngc4088_tau_side_scale_selection_criteria.csv,949
??,derived_data,data/derived/s4g75_ngc4088_tau_side_scale_selection_gate.csv,1694
??,derived_data,data/derived/s4g75_ngc4088_tau_side_scale_selection_summary.csv,387
??,derived_data,data/derived/s4g75_ngc4088_warp_asymmetry_extraction_gate.csv,1220
??,derived_data,data/derived/s4g75_ngc4088_warp_asymmetry_extraction_summary.csv,269
??,derived_data,data/derived/s4g75_ngc4088_warp_closure_basis_grid.csv,4134
??,derived_data,data/derived/s4g75_ngc4088_warp_closure_mapping_rule.csv,977
??,derived_data,data/derived/s4g75_ngc4088_warp_closure_mapping_summary.csv,410
??,derived_data,data/derived/s4g75_ngc4088_warp_onset_extraction_protocol.csv,1526
??,derived_data,data/derived/s4g75_ngc4088_warp_onset_status.csv,637
??,derived_data,data/derived/s4g75_ngc4088_warp_onset_summary.csv,291
??,derived_data,data/derived/s4g75_ngc4088_warp_prekernel_observable_summary.csv,328
??,derived_data,data/derived/s4g75_ngc4088_warp_prekernel_observables.csv,1226
??,derived_data,data/derived/s4g75_ngc4088_xw_conversion_audit.csv,608
??,derived_data,data/derived/s4g75_ngc4088_xw_conversion_summary.csv,215
??,derived_data,data/derived/s4g75_promoted_kernel_endpoint_by_family.csv,1623
??,derived_data,data/derived/s4g75_promoted_kernel_endpoint_scores.csv,25517
??,derived_data,data/derived/s4g75_promoted_kernel_endpoint_summary.csv,838
??,derived_data,data/derived/s4g75_promoted_kernel_observable_fill.csv,8122
??,derived_data,data/derived/s4g75_promoted_kernel_observable_fill_summary.csv,931
??,derived_data,data/derived/s4g75_promoted_vs_filled_delta_summary.csv,761
??,derived_data,data/derived/s4g75_promoted_vs_proxy_delta.csv,37653
??,derived_data,data/derived/s4g75_promotion_theorem_assumptions.csv,1750
??,derived_data,data/derived/s4g75_promotion_theorem_skeletons.csv,4806
??,derived_data,data/derived/s4g75_promotion_theorem_waiting_rows.csv,539
??,derived_data,data/derived/s4g75_remaining_kernel_acquisition_ledger.csv,15391
??,derived_data,data/derived/s4g75_remaining_kernel_acquisition_summary.csv,1033
??,derived_data,data/derived/s4g75_repair_priority_queue.csv,24941
??,derived_data,data/derived/s4g75_repair_priority_summary.csv,1058
??,derived_data,data/derived/s4g75_scale_source_subset_endpoint_by_family.csv,1300
??,derived_data,data/derived/s4g75_scale_source_subset_endpoint_scores.csv,28153
??,derived_data,data/derived/s4g75_scale_source_subset_endpoint_summary.csv,851
??,derived_data,data/derived/s4g75_scale_source_subset_lane_summary.csv,463
??,derived_data,data/derived/s4g75_scale_source_subset_repair_summary.csv,428
??,derived_data,data/derived/s4g75_source_native_availability_audit.csv,21006
??,derived_data,data/derived/s4g75_source_native_availability_source_coverage.csv,475
??,derived_data,data/derived/s4g75_source_native_availability_summary.csv,1318
??,derived_data,data/derived/s4g75_source_rich_lane_action_plan.csv,26072
??,derived_data,data/derived/s4g75_source_rich_lane_context_summary.csv,793
??,derived_data,data/derived/s4g75_source_rich_lane_source_action_summary.csv,1227
??,derived_data,data/derived/s4g75_tail_rhi_promotion_attempt.csv,4582
??,derived_data,data/derived/s4g75_tail_rhi_promotion_attempt_summary.csv,410
??,derived_data,data/derived/s4g75_vertical_source_search_audit.csv,4870
??,derived_data,data/derived/s4g75_vertical_source_search_summary.csv,1105
??,derived_data,data/derived/source_native_orientation_component_gate.csv,93215
??,derived_data,data/derived/source_native_orientation_family_gate.csv,1978
??,derived_data,data/derived/source_native_orientation_galaxy_gate.csv,25425
??,derived_data,data/derived/source_native_orientation_promotion_summary.csv,526
??,derived_data,data/derived/source_normalization_failure_modes_by_lane.csv,77056
??,derived_data,data/derived/source_normalization_failure_modes_by_lane_summary.csv,5943
??,derived_data,data/derived/tau_side_evidence_measure_gate_components.csv,183836
??,derived_data,data/derived/tau_side_evidence_measure_gate_summary.csv,561
??,derived_data,data/derived/tau_side_evidence_measure_l2_component_rule.csv,197595
??,derived_data,data/derived/tau_side_evidence_measure_l2_endpoint_scores.csv,40215
??,derived_data,data/derived/tau_side_evidence_measure_l2_endpoint_summary.csv,664
??,derived_data,data/derived/tau_side_evidence_measure_l2_galaxy_rule.csv,40195
??,derived_data,data/derived/tau_side_source_normalization_component_rule.csv,194822
??,derived_data,data/derived/tau_side_source_normalization_derivation_constants.csv,3045
??,derived_data,data/derived/tau_side_source_normalization_derivation_rule.csv,905
??,derived_data,data/derived/tau_side_source_normalization_derivation_summary.csv,438
??,derived_data,data/derived/tau_side_source_normalization_galaxy_rule.csv,42827
??,derived_data,data/derived/tau_side_source_normalization_sensitivity_components.csv,1367470
??,derived_data,data/derived/tau_side_source_normalization_sensitivity_manifest.csv,1523
??,derived_data,data/derived/tau_side_source_normalization_sensitivity_scores.csv,305960
??,derived_data,data/derived/tau_side_source_normalization_sensitivity_summary.csv,3475
??,derived_data,data/derived/tau_side_source_normalized_l2_endpoint_scores.csv,40561
??,derived_data,data/derived/tau_side_source_normalized_l2_endpoint_summary.csv,667
??,external_source_cache,data/external/literature/1512.07058_ngc2683_flaring_hi.pdf,9807071
??,external_source_cache,data/external/literature/1512.07058_ngc2683_flaring_hi.txt,79802
??,external_source_cache,data/external/literature/1909.04048_halogas_epg.pdf,12697831
??,external_source_cache,data/external/literature/1909.04048_halogas_epg.txt,129352
??,external_source_cache,data/external/literature/2001_verheijen_sancisi_pages/ngc4088_page_74-074.png,521930
??,external_source_cache,data/external/literature/2001_verheijen_sancisi_pages/ngc4088_page_76-076.png,678207
??,external_source_cache,data/external/literature/2001_verheijen_sancisi_pages/ngc4088_page_76_channel_maps_roi.png,249026
??,external_source_cache,data/external/literature/2001_verheijen_sancisi_pages/ngc4088_page_76_channel_maps_roi_worksheet_overlay.png,295724
??,external_source_cache,data/external/literature/2001_verheijen_sancisi_pages/ngc4088_page_76_frozen_image_repeat_overlay.png,262670
??,external_source_cache,data/external/literature/2001_verheijen_sancisi_pages/ngc4088_page_77-077.png,357873
??,external_source_cache,data/external/literature/2001_verheijen_sancisi_pages/page_84-084.png,608565
??,external_source_cache,data/external/literature/2001_verheijen_sancisi_pages/page_85-085.png,277788
??,external_source_cache,data/external/literature/2001_verheijen_sancisi_pages/page_86-086.png,577037
??,external_source_cache,data/external/literature/2001_verheijen_sancisi_pages/page_87-087.png,254434
??,external_source_cache,data/external/literature/2001_verheijen_sancisi_pages/page_88-088.png,354439
??,external_source_cache,data/external/literature/2001_verheijen_sancisi_pages/page_89-089.png,169940
??,external_source_cache,data/external/literature/2001_verheijen_sancisi_pages/page_90-090.png,479693
??,external_source_cache,data/external/literature/2001_verheijen_sancisi_pages/page_91-091.png,354344
??,external_source_cache,data/external/literature/2001_verheijen_sancisi_pages/page_92-092.png,327952
??,external_source_cache,data/external/literature/2001_verheijen_sancisi_pages/page_93-093.png,254911
??,external_source_cache,data/external/literature/2001_verheijen_sancisi_pages/page_94-094.png,261068
??,external_source_cache,data/external/literature/2001_verheijen_sancisi_pages/page_95-095.png,221544
??,external_source_cache,data/external/literature/2001_verheijen_sancisi_pages/page_96-096.png,231479
??,external_source_cache,data/external/literature/2001_verheijen_sancisi_pages/page_97-097.png,304056
??,external_source_cache,data/external/literature/2001_verheijen_sancisi_pages/page_98-098.png,280999
??,external_source_cache,data/external/literature/2001_verheijen_sancisi_ursa_major_hi.pdf,16236263
??,external_source_cache,data/external/literature/2001_verheijen_sancisi_ursa_major_hi.txt,211420
??,external_source_cache,data/external/literature/2009.11299_hi_scale_height.pdf,1080904
??,external_source_cache,data/external/literature/2009.11299_hi_scale_height.txt,72818
??,external_source_cache,data/external/literature/ic2574_deblok_2020_m81_hi_survey.pdf,6082257
??,external_source_cache,data/external/literature/ic2574_deblok_2020_m81_hi_survey.txt,63348
??,external_source_cache,data/external/literature/ic2574_sanchez_salcedo_hidalgo_gamez_2002_holes.html,66631
??,external_source_cache,data/external/literature/ic2574_walter_brinks_1999_hi_holes_shells.pdf,329148
??,external_source_cache,data/external/literature/ic2574_walter_brinks_1999_hi_holes_shells.txt,104139
??,external_source_cache,data/external/literature/ngc4013_comeron_2011_unusual_vertical_mass_distribution.pdf,390636
??,external_source_cache,data/external/literature/ngc4013_comeron_2011_unusual_vertical_mass_distribution.txt,29838
??,external_source_cache,data/external/literature/ngc4013_zschaechner_rand_2015_hi_kinematics.pdf,2817295
??,external_source_cache,data/external/literature/ngc4013_zschaechner_rand_2015_hi_kinematics.txt,43130
??,external_source_cache,data/external/literature/ngc4088_source_native_hi_route/whisp_frameset_by_name.html,1100
??,external_source_cache,data/external/literature/ngc4088_source_native_hi_route/whisp_listing_by_name.html,43632
??,external_source_cache,data/external/literature/ngc4088_source_native_hi_route/whisp_ugc7081_direct_page.html,1145
??,external_source_cache,data/external/literature/ngc4088_source_native_hi_route/whisp_ugc7081_obs_reduction_notes.html,2545
??,external_source_cache,data/external/literature/ngc4088_source_native_hi_route/whisp_ugc7081_overview.gif,73149
??,external_source_cache,data/external/literature/ngc4088_source_native_hi_route/whisp_ugc7081_overview_extraction_overlay.png,170539
??,external_source_cache,data/external/literature/ngc4088_source_native_hi_route/whisp_ugc7081_posvel_crop.png,44925
??,external_source_cache,data/external/literature/ngc4088_source_native_hi_route/whisp_ugc7081_posvel_frozen_extraction_overlay.png,47064
??,external_source_cache,data/external/literature/ngc4183_whisp_lopsidedness_context_2011.pdf,647327
??,external_source_cache,data/external/literature/ngc4183_whisp_lopsidedness_context_2011.txt,47641
??,external_source_cache,data/external/literature/ngc5907_sasaki_1987_surface_photometry_warp.pdf,3311911
??,external_source_cache,data/external/literature/ngc5907_sasaki_1987_surface_photometry_warp.txt,78683
??,external_source_cache,data/external/literature/ngc5907_shang_1998_ring_warp_interaction.pdf,618749
??,external_source_cache,data/external/literature/ngc5907_shang_1998_ring_warp_interaction.txt,21994
??,external_source_cache,data/external/literature/ngc5907_wiegert_2015_edge_on_ism.pdf,1386440
??,external_source_cache,data/external/literature/ngc5907_wiegert_2015_edge_on_ism.txt,86723
??,external_source_cache,data/external/literature/ngc7331_patra_2018_molecular_scale_height.pdf,1090275
??,external_source_cache,data/external/literature/ngc7331_patra_2018_molecular_scale_height.txt,43110
??,external_source_cache,data/external/literature/ugc05716_swaters_2009_late_type_dwarf_rotation_shapes.pdf,1394149
??,external_source_cache,data/external/literature/ugc05716_swaters_2009_late_type_dwarf_rotation_shapes.txt,67947
??,paper_source_pdf_figures,paper8_submission_source/figures/fig04_ngc4088_endpoint_fit_diagnostic.png,131758
??,paper_source_pdf_figures,paper8_submission_source/figures/fig05_ngc5907_projection_endpoint_diagnostic.png,101665
??,paper_source_pdf_figures,paper8_submission_source/figures/fig06_ngc5907_projection_accepted_endpoint.png,99292
??,paper_source_pdf_figures,paper8_submission_source/figures/fig07_ngc4013_warp_vertical_overlay_endpoint.png,111334
??,paper_source_pdf_figures,paper8_submission_source/figures/fig08_ngc4013_expdisk_wvo_diagnostic.png,125483
??,paper_source_pdf_figures,paper8_submission_source/figures/fig09_ngc4013_expdisk_wvo_frozen_protocol.png,107519
??,paper_source_pdf_figures,paper8_submission_source/figures/fig10_ngc4088_warp_history_accepted_endpoint.png,123412
??,paper_source_pdf_figures,paper8_submission_source/figures/fig11_ngc5907_expdisk_projection_mixed_accepted_endpoint.png,95865
??,paper_source_pdf_figures,paper8_submission_source/figures/fig12_ngc7331_vertical_outer_warp_mixed_accepted_endpoint.png,106009
??,reports,reports/four_case_endpoint_status_summary.md,3412
??,reports,reports/inclusion_lane_endpoint_analysis.md,24737
??,reports,reports/inclusion_lane_expansion_audit.md,2608
??,reports,reports/memory_projection_acceptance_gate.md,2544
??,reports,reports/mixed_readout_candidate_acquisition_queue.md,12310
??,reports,reports/mixed_readout_population_control_audit.md,4820
??,reports,reports/mixed_readout_population_endpoint.md,2848
??,reports,reports/mixed_readout_population_expansion_gate.md,8056
??,reports,reports/mixed_readout_population_validation_gate.md,6689
??,reports,reports/mixed_readout_source_selection_rule.md,3943
??,reports,reports/morphology_information_gain_l2_weight_freeze_readiness.md,3690
??,reports,reports/morphology_information_gain_l2_weight_intake.md,2664
??,reports,reports/morphology_information_gain_l2_weight_intake_endpoint_preflight.md,2729
??,reports,reports/morphology_information_gain_source_expansion.md,3437
??,reports,reports/morphology_information_gain_test.md,6754
??,reports,reports/multigalaxy_fit_inspection_atlas.md,3764
??,reports,reports/multigalaxy_fit_inspection_atlas.png,556214
??,reports,reports/ngc4013_compact_overlay_source_acquisition.md,3713
??,reports,reports/ngc4013_expdisk_wvo_diagnostic.md,1268
??,reports,reports/ngc4013_expdisk_wvo_formula_freeze_gate.md,4976
??,reports,reports/ngc4013_expdisk_wvo_frozen_protocol_audit.md,1432
??,reports,reports/ngc4013_expdisk_wvo_hypothesis_gate.md,3906
??,reports,reports/ngc4013_expdisk_wvo_mixed_accepted_endpoint_blocker_gate.md,3400
??,reports,reports/ngc4013_mixed_source_rule_audit.md,5466
??,reports,reports/ngc4013_warp_overlay_preflight_gate.md,5028
??,reports,reports/ngc4013_warp_vertical_overlay_control_audit.md,2606
??,reports,reports/ngc4013_warp_vertical_overlay_endpoint.md,1292
??,reports,reports/ngc4013_warp_vertical_overlay_endpoint_freeze_gate.md,5612
??,reports,reports/ngc4013_warp_vertical_overlay_formula_derivation.md,5258
??,reports,reports/ngc4013_warp_vertical_overlay_radial_zone_audit.md,2206
??,reports,reports/ngc4013_warp_vertical_overlay_replacement_label_gate.md,4705
??,reports,reports/ngc4088_b1_frozen_image_repeat_attempt.md,4739
??,reports,reports/ngc4088_b1_original_hi_data_acquisition_audit.md,4092
??,reports,reports/ngc4088_b1_source_native_radial_calibration_packet.md,4252
??,reports,reports/ngc4088_b1_whisp_overview_extraction_review_packet.md,6229
??,reports,reports/ngc4088_b1_whisp_overview_frozen_extraction_attempt.md,4801
??,reports,reports/ngc4088_b1_whisp_promotion_review.md,2817
??,reports,reports/ngc4088_b2_physical_normalization_derivation_synthesis.md,5823
??,reports,reports/ngc4088_b3_scale_uniqueness_resolution_synthesis.md,5653
??,reports,reports/ngc4088_breakthrough_promotion_gate.md,3070
??,reports,reports/ngc4088_formula_freeze_readiness_dashboard.md,4462
??,reports,reports/ngc4088_independent_xw_digitization_review_packet.md,4810
??,reports,reports/ngc4088_mixed_formula_freeze_blocker_resolution_plan.md,5238
??,reports,reports/ngc4088_source_review_packet.md,4179
??,reports,reports/ngc4088_warp_history_accepted_endpoint.md,3232
??,reports,reports/ngc4088_warp_history_accepted_endpoint_gate.md,3662
??,reports,reports/ngc4088_warp_history_formula_freeze_gate.md,9134
??,reports,reports/ngc5907_accepted_endpoint_control_audit.md,2647
??,reports,reports/ngc5907_expdisk_projection_mixed_accepted_endpoint.md,3030
??,reports,reports/ngc5907_expdisk_projection_mixed_accepted_endpoint_gate.md,7464
??,reports,reports/ngc5907_expdisk_projection_mixed_formula_freeze_gate.md,5403
??,reports,reports/ngc5907_projection_accepted_endpoint.md,1229
??,reports,reports/ngc5907_projection_accepted_endpoint_gate.md,3331
??,reports,reports/ngc5907_projection_endpoint_diagnostic.md,1415
??,reports,reports/ngc5907_projection_freeze_gate.md,4870
??,reports,reports/ngc5907_projection_radial_zone_audit.md,2253
??,reports,reports/ngc7331_expdisk_vertical_outer_warp_mixed_accepted_endpoint.md,3233
??,reports,reports/ngc7331_expdisk_vertical_outer_warp_mixed_accepted_endpoint_gate.md,7491
??,reports,reports/ngc7331_expdisk_vertical_outer_warp_mixed_formula_freeze_gate.md,5209
??,reports,reports/ngc7331_fractional_onset_v2_replay_freeze_gate.md,6196
??,reports,reports/ngc7331_fractional_warp_onset_source_gate.md,3719
??,reports,reports/ngc7331_outer_warp_vertical_caveat_gate.md,5689
??,reports,reports/projection_scale_repair_audit.md,3244
??,reports,reports/readout_subfamily_accepted_manifest_audit.md,3509
??,reports,reports/readout_subfamily_external_source_acquisition.md,10723
??,reports,reports/readout_subfamily_external_source_cache.md,5379
??,reports,reports/readout_subfamily_missing_source_worklist.md,5907
??,reports,reports/readout_subfamily_observable_extraction.md,11367
??,reports,reports/readout_subfamily_observable_intake.md,6594
??,reports,reports/readout_subfamily_selection_gate.md,6156
??,reports,reports/readout_subfamily_source_citation_ledger.md,3107
??,reports,reports/readout_subfamily_source_evidence_matrix.md,17133
??,reports,reports/s4g75_closure_source_generalization_gate.md,4093
??,reports,reports/s4g75_conditional_promotion_requirements.md,4866
??,reports,reports/s4g75_direct_kernel_measurement_extraction.md,5306
??,reports,reports/s4g75_direct_source_native_acquisition_manifest.md,19131
??,reports,reports/s4g75_failure_mode_breakdown.md,11823
??,reports,reports/s4g75_filled_kernel_delta_driver_audit.md,8048
??,reports,reports/s4g75_filled_kernel_endpoint_stress_test.md,3895
??,reports,reports/s4g75_holdout_repair_review_packet.md,7323
??,reports,reports/s4g75_kernel_observable_fill.md,5661
??,reports,reports/s4g75_kernel_ready_promotion_gate.md,9054
??,reports,reports/s4g75_literature_kernel_source_hits.md,6920
??,reports,reports/s4g75_ngc2683_closure_source_sensitivity.md,3804
??,reports,reports/s4g75_ngc2683_flare_closure_source_prototype.md,8248
??,reports,reports/s4g75_ngc2683_flare_profile_mapping_gate.md,3080
??,reports,reports/s4g75_ngc2683_hr_profile_kernel_prototype.md,4547
??,reports,reports/s4g75_ngc2683_profile_aware_kernel_preflight.md,3909
??,reports,reports/s4g75_ngc4088_asymptotic_carrier_dominance_gate.md,4105
??,reports,reports/s4g75_ngc4088_bi_coefficient_freeze_rule.md,4577
??,reports,reports/s4g75_ngc4088_bi_coefficient_rule_gate.md,5898
??,reports,reports/s4g75_ngc4088_bi_sharp_coefficient_bound_rule.md,4724
??,reports,reports/s4g75_ngc4088_channel_map_digitization_protocol.md,3667
??,reports,reports/s4g75_ngc4088_channel_map_digitization_worksheet.md,2955
??,reports,reports/s4g75_ngc4088_closure_functional_requirement_gate.md,4149
??,reports,reports/s4g75_ngc4088_cross_term_suppression_gate.md,4304
??,reports,reports/s4g75_ngc4088_digitization_target_manifest.md,2556
??,reports,reports/s4g75_ngc4088_endpoint_fit_diagnostic.md,4737
??,reports,reports/s4g75_ngc4088_endpoint_fit_diagnostic.png,131758
??,reports,reports/s4g75_ngc4088_epsilon_cross_bound_expression_shell.md,3177
??,reports,reports/s4g75_ngc4088_epsilon_cross_input_review_packet.md,4425
??,reports,reports/s4g75_ngc4088_epsilon_cross_locality_bound_rule.md,3790
??,reports,reports/s4g75_ngc4088_epsilon_cross_readout_sensitivity_audit.md,4465
??,reports,reports/s4g75_ngc4088_epsilon_cross_source_bound_protocol.md,5144
??,reports,reports/s4g75_ngc4088_filled_warp_closure_mapping.md,4920
??,reports,reports/s4g75_ngc4088_first_pass_source_response_fill.md,4722
??,reports,reports/s4g75_ngc4088_h4_interaction_context_review.md,3852
??,reports,reports/s4g75_ngc4088_kernel_to_velocity_normalization_candidate.md,6515
??,reports,reports/s4g75_ngc4088_memory_history_proxy_protocol.md,4773
??,reports,reports/s4g75_ngc4088_minimal_euler_ansatz_gate.md,3565
??,reports,reports/s4g75_ngc4088_multiplicative_coupling_separability_gate.md,4931
??,reports,reports/s4g75_ngc4088_physical_normalization_law_gate.md,3846
??,reports,reports/s4g75_ngc4088_qwarp_measurement_protocol.md,4582
??,reports,reports/s4g75_ngc4088_readout_preflight_profile.md,3737
??,reports,reports/s4g75_ngc4088_readout_promotion_gate.md,3131
??,reports,reports/s4g75_ngc4088_scale_uniqueness_audit.md,2810
??,reports,reports/s4g75_ngc4088_source_response_independent_review.md,5091
??,reports,reports/s4g75_ngc4088_target_functional_origin_gate.md,4971
??,reports,reports/s4g75_ngc4088_tau_side_scale_derivation_gate.md,4042
??,reports,reports/s4g75_ngc4088_tau_side_scale_selection_gate.md,4166
??,reports,reports/s4g75_ngc4088_warp_asymmetry_extraction_gate.md,1615
??,reports,reports/s4g75_ngc4088_warp_closure_mapping_rule.md,4640
??,reports,reports/s4g75_ngc4088_warp_onset_extraction_protocol.md,3512
??,reports,reports/s4g75_ngc4088_warp_prekernel_observables.md,2000
??,reports,reports/s4g75_ngc4088_xw_conversion_audit.md,1607
??,reports,reports/s4g75_promoted_kernel_endpoint_stress_test.md,2847
??,reports,reports/s4g75_promoted_kernel_observable_fill.md,1979
??,reports,reports/s4g75_promotion_theorem_skeletons.md,8652
??,reports,reports/s4g75_remaining_kernel_acquisition_ledger.md,8665
??,reports,reports/s4g75_scale_source_subset_endpoint_stress_test.md,3564
??,reports,reports/s4g75_source_native_availability_audit.md,9024
??,reports,reports/s4g75_source_rich_lane_action_plan.md,7593
??,reports,reports/s4g75_tail_rhi_promotion_attempt.md,3174
??,reports,reports/s4g75_vertical_source_search_audit.md,4467
??,reports,reports/source_native_orientation_promotion_gate.md,4779
??,reports,reports/source_normalization_failure_modes_by_lane.md,7421
??,reports,reports/tau_side_evidence_measure_gate.md,2358
??,reports,reports/tau_side_evidence_measure_l2_endpoint.md,1426
??,reports,reports/tau_side_source_normalization_derivation_audit.md,5803
??,reports,reports/tau_side_source_normalization_sensitivity.md,3262
??,reports,reports/tau_side_source_normalized_l2_endpoint.md,2423
??,scripts,scripts/acquire_ngc4013_compact_overlay_sources.py,8245
??,scripts,scripts/acquire_readout_subfamily_external_sources.py,14363
??,scripts,scripts/acquire_s4g75_direct_kernel_measurements.py,10680
??,scripts,scripts/analyze_s4g75_failure_modes.py,10017
??,scripts,scripts/audit_l2_weight_freeze_readiness.py,19550
??,scripts,scripts/audit_readout_subfamily_accepted_manifest.py,10493
??,scripts,scripts/audit_s4g75_filled_kernel_delta_drivers.py,11539
??,scripts,scripts/audit_s4g75_ngc2683_closure_source_sensitivity.py,8572
??,scripts,scripts/audit_s4g75_source_native_availability.py,12023
??,scripts,scripts/audit_source_normalization_failure_modes_by_lane.py,10296
??,scripts,scripts/audit_tau_side_source_normalization_sensitivity.py,10511
??,scripts,scripts/build_four_case_endpoint_status_summary.py,10803
??,scripts,scripts/build_inclusion_lane_expansion_audit.py,10515
??,scripts,scripts/build_l2_weight_intake_candidates.py,10533
??,scripts,scripts/build_memory_projection_acceptance_gate.py,11866
??,scripts,scripts/build_mixed_readout_candidate_acquisition_queue.py,19353
??,scripts,scripts/build_mixed_readout_population_expansion_gate.py,12119
??,scripts,scripts/build_mixed_readout_population_validation_gate.py,14730
??,scripts,scripts/build_mixed_readout_source_selection_rule.py,9246
??,scripts,scripts/build_morphology_information_gain_source_expansion.py,10533
??,scripts,scripts/build_multigalaxy_fit_inspection_atlas.py,14557
??,scripts,scripts/build_ngc4013_expdisk_warp_vertical_overlay_hypothesis_gate.py,7886
??,scripts,scripts/build_ngc4013_expdisk_wvo_formula_freeze_gate.py,9554
??,scripts,scripts/build_ngc4013_expdisk_wvo_mixed_accepted_endpoint_blocker_gate.py,7708
??,scripts,scripts/build_ngc4013_mixed_source_rule_audit.py,14239
??,scripts,scripts/build_ngc4013_warp_overlay_preflight_gate.py,11199
??,scripts,scripts/build_ngc4013_warp_vertical_overlay_endpoint_freeze_gate.py,10062
??,scripts,scripts/build_ngc4013_warp_vertical_overlay_formula_derivation.py,10711
??,scripts,scripts/build_ngc4013_warp_vertical_overlay_replacement_label_gate.py,10571
??,scripts,scripts/build_ngc4088_b1_frozen_image_repeat_attempt.py,12983
??,scripts,scripts/build_ngc4088_b1_original_hi_data_acquisition_audit.py,18350
??,scripts,scripts/build_ngc4088_b1_source_native_radial_calibration_packet.py,8616
??,scripts,scripts/build_ngc4088_b1_whisp_overview_extraction_review_packet.py,12273
??,scripts,scripts/build_ngc4088_b1_whisp_overview_frozen_extraction_attempt.py,13288
??,scripts,scripts/build_ngc4088_b1_whisp_promotion_review.py,8247
??,scripts,scripts/build_ngc4088_b2_physical_normalization_derivation_synthesis.py,10923
??,scripts,scripts/build_ngc4088_b3_scale_uniqueness_resolution_synthesis.py,8034
??,scripts,scripts/build_ngc4088_breakthrough_promotion_gate.py,8167
??,scripts,scripts/build_ngc4088_formula_freeze_readiness_dashboard.py,13912
??,scripts,scripts/build_ngc4088_independent_xw_digitization_review_packet.py,9978
??,scripts,scripts/build_ngc4088_mixed_formula_freeze_blocker_resolution_plan.py,12678
??,scripts,scripts/build_ngc4088_source_review_packet.py,10259
??,scripts,scripts/build_ngc4088_warp_history_accepted_endpoint_gate.py,8457
??,scripts,scripts/build_ngc4088_warp_history_formula_freeze_gate.py,14247
??,scripts,scripts/build_ngc5907_expdisk_projection_mixed_accepted_endpoint_gate.py,8249
??,scripts,scripts/build_ngc5907_expdisk_projection_mixed_formula_freeze_gate.py,10153
??,scripts,scripts/build_ngc5907_projection_accepted_endpoint_gate.py,8024
??,scripts,scripts/build_ngc5907_projection_freeze_gate.py,11738
??,scripts,scripts/build_ngc7331_expdisk_vertical_outer_warp_mixed_accepted_endpoint_gate.py,8272
??,scripts,scripts/build_ngc7331_expdisk_vertical_outer_warp_mixed_formula_freeze_gate.py,9952
??,scripts,scripts/build_ngc7331_fractional_onset_v2_replay_freeze_gate.py,9611
??,scripts,scripts/build_ngc7331_fractional_warp_onset_source_gate.py,8331
??,scripts,scripts/build_ngc7331_outer_warp_vertical_caveat_gate.py,12141
??,scripts,scripts/build_projection_scale_repair_audit.py,8493
??,scripts,scripts/build_readout_subfamily_missing_source_worklist.py,7806
??,scripts,scripts/build_readout_subfamily_observable_intake.py,14354
??,scripts,scripts/build_readout_subfamily_selection_gate.py,12193
??,scripts,scripts/build_readout_subfamily_source_citation_ledger.py,5514
??,scripts,scripts/build_readout_subfamily_source_evidence_matrix.py,13887
??,scripts,scripts/build_s4g75_closure_source_generalization_gate.py,8619
??,scripts,scripts/build_s4g75_conditional_promotion_requirements.py,9617
??,scripts,scripts/build_s4g75_direct_source_native_acquisition_manifest.py,8917
??,scripts,scripts/build_s4g75_holdout_repair_review_packet.py,11988
??,scripts,scripts/build_s4g75_kernel_observable_fill.py,10752
??,scripts,scripts/build_s4g75_kernel_ready_promotion_gate.py,10815
??,scripts,scripts/build_s4g75_literature_kernel_source_hits.py,11888
??,scripts,scripts/build_s4g75_ngc2683_flare_profile_mapping_gate.py,8491
??,scripts,scripts/build_s4g75_ngc4088_asymptotic_carrier_dominance_gate.py,8746
??,scripts,scripts/build_s4g75_ngc4088_bi_coefficient_freeze_rule.py,8424
??,scripts,scripts/build_s4g75_ngc4088_bi_coefficient_rule_gate.py,17490
??,scripts,scripts/build_s4g75_ngc4088_bi_sharp_coefficient_bound_rule.py,8153
??,scripts,scripts/build_s4g75_ngc4088_channel_map_digitization_protocol.py,12102
??,scripts,scripts/build_s4g75_ngc4088_channel_map_digitization_worksheet.py,7422
??,scripts,scripts/build_s4g75_ngc4088_closure_functional_requirement_gate.py,8393
??,scripts,scripts/build_s4g75_ngc4088_cross_term_suppression_gate.py,9015
??,scripts,scripts/build_s4g75_ngc4088_digitization_target_manifest.py,6024
??,scripts,scripts/build_s4g75_ngc4088_endpoint_fit_diagnostic.py,13959
??,scripts,scripts/build_s4g75_ngc4088_epsilon_cross_bound_expression_shell.py,8983
??,scripts,scripts/build_s4g75_ngc4088_epsilon_cross_input_review_packet.py,14723
??,scripts,scripts/build_s4g75_ngc4088_epsilon_cross_locality_bound_rule.py,8510
??,scripts,scripts/build_s4g75_ngc4088_epsilon_cross_readout_sensitivity_audit.py,9622
??,scripts,scripts/build_s4g75_ngc4088_epsilon_cross_source_bound_protocol.py,11121
??,scripts,scripts/build_s4g75_ngc4088_filled_warp_closure_mapping.py,6415
??,scripts,scripts/build_s4g75_ngc4088_first_pass_source_response_fill.py,11846
??,scripts,scripts/build_s4g75_ngc4088_h4_interaction_context_review.py,8383
??,scripts,scripts/build_s4g75_ngc4088_kernel_to_velocity_normalization_candidate.py,9303
??,scripts,scripts/build_s4g75_ngc4088_memory_history_proxy_protocol.py,10561
??,scripts,scripts/build_s4g75_ngc4088_minimal_euler_ansatz_gate.py,8011
??,scripts,scripts/build_s4g75_ngc4088_multiplicative_coupling_separability_gate.py,9792
??,scripts,scripts/build_s4g75_ngc4088_physical_normalization_law_gate.py,9283
??,scripts,scripts/build_s4g75_ngc4088_qwarp_measurement_protocol.py,10098
??,scripts,scripts/build_s4g75_ngc4088_readout_preflight_profile.py,5882
??,scripts,scripts/build_s4g75_ngc4088_readout_promotion_gate.py,8556
??,scripts,scripts/build_s4g75_ngc4088_scale_uniqueness_audit.py,8042
??,scripts,scripts/build_s4g75_ngc4088_source_response_independent_review.py,14777
??,scripts,scripts/build_s4g75_ngc4088_target_functional_origin_gate.py,10402
??,scripts,scripts/build_s4g75_ngc4088_tau_side_scale_derivation_gate.py,8282
??,scripts,scripts/build_s4g75_ngc4088_tau_side_scale_selection_gate.py,7092
??,scripts,scripts/build_s4g75_ngc4088_warp_asymmetry_extraction_gate.py,6640
??,scripts,scripts/build_s4g75_ngc4088_warp_closure_mapping_rule.py,7509
??,scripts,scripts/build_s4g75_ngc4088_warp_onset_extraction_protocol.py,7477
??,scripts,scripts/build_s4g75_ngc4088_warp_prekernel_observables.py,6947
??,scripts,scripts/build_s4g75_ngc4088_xw_conversion_audit.py,6237
??,scripts,scripts/build_s4g75_promoted_kernel_observable_fill.py,5945
??,scripts,scripts/build_s4g75_promotion_theorem_skeletons.py,14429
??,scripts,scripts/build_s4g75_remaining_kernel_acquisition_ledger.py,10599
??,scripts,scripts/build_s4g75_source_rich_lane_action_plan.py,8472
??,scripts,scripts/build_s4g75_tail_rhi_promotion_attempt.py,7922
??,scripts,scripts/build_s4g75_vertical_source_search_audit.py,11857
??,scripts,scripts/build_source_native_orientation_promotion_gate.py,15296
??,scripts,scripts/build_tau_side_evidence_measure_gate.py,12898
??,scripts,scripts/build_tau_side_source_normalization_derivation_audit.py,9486
??,scripts,scripts/download_readout_subfamily_external_sources.py,8720
??,scripts,scripts/extract_readout_subfamily_observables.py,27079
??,scripts,scripts/run_inclusion_lane_endpoint_analysis.py,14117
??,scripts,scripts/run_l2_weight_intake_endpoint_preflight.py,10390
??,scripts,scripts/run_mixed_readout_population_control_audit.py,11806
??,scripts,scripts/run_mixed_readout_population_endpoint.py,12404
??,scripts,scripts/run_morphology_information_gain_test.py,18989
??,scripts,scripts/run_ngc4013_expdisk_warp_vertical_overlay_diagnostic.py,6864
??,scripts,scripts/run_ngc4013_expdisk_wvo_frozen_protocol_audit.py,9012
??,scripts,scripts/run_ngc4013_warp_vertical_overlay_control_audit.py,6979
??,scripts,scripts/run_ngc4013_warp_vertical_overlay_endpoint.py,9166
??,scripts,scripts/run_ngc4013_warp_vertical_overlay_radial_zone_audit.py,6106
??,scripts,scripts/run_ngc4088_warp_history_accepted_endpoint.py,10964
??,scripts,scripts/run_ngc5907_accepted_endpoint_control_audit.py,7488
??,scripts,scripts/run_ngc5907_expdisk_projection_mixed_accepted_endpoint.py,12100
??,scripts,scripts/run_ngc5907_projection_accepted_endpoint.py,7935
??,scripts,scripts/run_ngc5907_projection_dominated_endpoint_diagnostic.py,8244
??,scripts,scripts/run_ngc5907_projection_radial_zone_audit.py,6235
??,scripts,scripts/run_ngc7331_expdisk_vertical_outer_warp_mixed_accepted_endpoint.py,12295
??,scripts,scripts/run_s4g75_filled_kernel_endpoint_stress_test.py,12565
??,scripts,scripts/run_s4g75_ngc2683_flare_closure_source_prototype.py,12114
??,scripts,scripts/run_s4g75_ngc2683_hr_profile_kernel_prototype.py,11002
??,scripts,scripts/run_s4g75_ngc2683_profile_aware_kernel_preflight.py,11634
??,scripts,scripts/run_s4g75_promoted_kernel_endpoint_stress_test.py,9966
??,scripts,scripts/run_s4g75_scale_source_subset_endpoint_stress_test.py,6941
??,scripts,scripts/run_tau_side_evidence_measure_l2_endpoint.py,6746
??,scripts,scripts/run_tau_side_source_normalized_l2_endpoint.py,15614
