galaxy,split,dominant_intake_family,closure_fraction_c,source_vn2_median,net_signed_source_strength_v2,positive_component_strength_v2,negative_component_strength_v2,normalization_rule_status,endpoint_freeze_allowed,uses_vobs_or_residual,claim_boundary
CamB,holdout,K_thick_flared,0.7709311437999794,158.90215,16.810424953980917,47.8875853320477,-31.077160378066782,E_TAU_EVIDENCE_MEASURE_PREFLIGHT,False,False,tau_side_evidence_measure_l2_endpoint_preflight_not_validation
ESO116-G012,holdout,K_scale_tail_spiral,0.647024282010864,2370.2902,715.3596369276393,904.6382268758591,-189.2785899482199,E_TAU_EVIDENCE_MEASURE_PREFLIGHT,False,False,tau_side_evidence_measure_l2_endpoint_preflight_not_validation
F561-1,holdout,K_scale_tail_spiral,0.7611597416732333,1209.066375,920.2926496607927,920.2926496607927,0.0,E_TAU_EVIDENCE_MEASURE_PREFLIGHT,False,False,tau_side_evidence_measure_l2_endpoint_preflight_not_validation
F563-1,holdout,K_scale_tail_spiral,0.8061829343587749,1033.2145500000001,360.3712008991114,483.9348186761198,-123.56361777700837,E_TAU_EVIDENCE_MEASURE_PREFLIGHT,False,False,tau_side_evidence_measure_l2_endpoint_preflight_not_validation
F568-1,holdout,K_scale_tail_spiral,0.7659455805828048,1044.9372249999997,800.3650494752097,800.3650494752097,0.0,E_TAU_EVIDENCE_MEASURE_PREFLIGHT,False,False,tau_side_evidence_measure_l2_endpoint_preflight_not_validation
IC2574,holdout,K_exponential_disk,0.8157231858172092,524.1554,10.77455980958899,191.8256923949511,-181.0511325853621,E_TAU_EVIDENCE_MEASURE_PREFLIGHT,False,False,tau_side_evidence_measure_l2_endpoint_preflight_not_validation
IC4202,holdout,K_scale_tail_spiral,0.4345083145582969,27275.862344999994,7768.147769511126,8638.115402580408,-869.9676330692822,E_TAU_EVIDENCE_MEASURE_PREFLIGHT,False,False,tau_side_evidence_measure_l2_endpoint_preflight_not_validation
NGC0024,holdout,K_exponential_disk,0.5405873913918854,1796.46045,-204.46653584973336,383.3386662772296,-587.805202126963,E_TAU_EVIDENCE_MEASURE_PREFLIGHT,False,False,tau_side_evidence_measure_l2_endpoint_preflight_not_validation
NGC2683,holdout,K_compact_finite,0.6102469907921014,11870.881879999995,1717.558431580421,4117.398961764323,-2399.840530183902,E_TAU_EVIDENCE_MEASURE_PREFLIGHT,False,False,tau_side_evidence_measure_l2_endpoint_preflight_not_validation
NGC3726,holdout,K_exponential_disk,0.6296056984088632,13611.3185,2699.3811895246868,5634.572439991333,-2935.1912504666466,E_TAU_EVIDENCE_MEASURE_PREFLIGHT,False,False,tau_side_evidence_measure_l2_endpoint_preflight_not_validation
NGC3949,holdout,K_compact_finite,0.34288300781507547,17307.309199999996,2159.1992310444484,4046.7907333629873,-1887.5915023185387,E_TAU_EVIDENCE_MEASURE_PREFLIGHT,False,False,tau_side_evidence_measure_l2_endpoint_preflight_not_validation
NGC3972,holdout,K_compact_finite,0.5887466864328924,4670.377574999999,549.2788225265293,1541.2506142592406,-991.9717917327113,E_TAU_EVIDENCE_MEASURE_PREFLIGHT,False,False,tau_side_evidence_measure_l2_endpoint_preflight_not_validation
NGC4013,holdout,K_compact_finite,0.649767453635865,11524.013209999997,2159.6538141327014,4528.568451785961,-2368.9146376532594,E_TAU_EVIDENCE_MEASURE_PREFLIGHT,False,False,tau_side_evidence_measure_l2_endpoint_preflight_not_validation
NGC4088,holdout,K_scale_tail_spiral,0.4913862281851751,21386.747325,3647.7608224102864,7078.4569617957095,-3430.696139385423,E_TAU_EVIDENCE_MEASURE_PREFLIGHT,False,False,tau_side_evidence_measure_l2_endpoint_preflight_not_validation
NGC4183,holdout,K_exponential_disk,0.765563445114896,3135.4038,289.50125947836,1188.2270314315006,-898.7257719531406,E_TAU_EVIDENCE_MEASURE_PREFLIGHT,False,False,tau_side_evidence_measure_l2_endpoint_preflight_not_validation
NGC4214,holdout,K_exponential_disk,0.7378930370059062,1010.7861750000001,121.79776480943116,433.82492262188225,-312.0271578124511,E_TAU_EVIDENCE_MEASURE_PREFLIGHT,False,False,tau_side_evidence_measure_l2_endpoint_preflight_not_validation
NGC4389,holdout,K_exponential_disk,0.39427404276791456,9588.5405,-1003.0902744400228,1388.7111763694293,-2391.801450809452,E_TAU_EVIDENCE_MEASURE_PREFLIGHT,False,False,tau_side_evidence_measure_l2_endpoint_preflight_not_validation
NGC5907,holdout,K_exponential_disk,0.6634000298195578,18479.847650000003,782.1298732785958,5850.366789591626,-5068.23691631303,E_TAU_EVIDENCE_MEASURE_PREFLIGHT,False,False,tau_side_evidence_measure_l2_endpoint_preflight_not_validation
NGC5985,holdout,K_scale_tail_spiral,0.4985669207261346,23564.50022,3902.518860021022,7825.499586578373,-3922.980726557351,E_TAU_EVIDENCE_MEASURE_PREFLIGHT,False,False,tau_side_evidence_measure_l2_endpoint_preflight_not_validation
NGC6789,holdout,K_thick_flared,0.6443592395334848,269.894775,26.183362825281577,69.61986677166358,-43.436503946382004,E_TAU_EVIDENCE_MEASURE_PREFLIGHT,False,False,tau_side_evidence_measure_l2_endpoint_preflight_not_validation
NGC6946,holdout,K_scale_tail_spiral,0.5293732897996126,16298.57157,8628.028451045338,8628.028451045338,0.0,E_TAU_EVIDENCE_MEASURE_PREFLIGHT,False,False,tau_side_evidence_measure_l2_endpoint_preflight_not_validation
NGC7331,holdout,K_scale_tail_spiral,0.4681867590527362,35524.89925,12667.573390510048,13704.192281098713,-1036.6188905886652,E_TAU_EVIDENCE_MEASURE_PREFLIGHT,False,False,tau_side_evidence_measure_l2_endpoint_preflight_not_validation
UGC00731,holdout,K_thick_flared,0.8164803380448392,547.7656999999999,132.7991350350711,215.01320071318398,-82.21406567811289,E_TAU_EVIDENCE_MEASURE_PREFLIGHT,False,False,tau_side_evidence_measure_l2_endpoint_preflight_not_validation
UGC00891,holdout,K_exponential_disk,0.7834824686855335,578.4608499999998,-119.0063955204128,107.1279152342344,-226.13431075464717,E_TAU_EVIDENCE_MEASURE_PREFLIGHT,False,False,tau_side_evidence_measure_l2_endpoint_preflight_not_validation
UGC02023,holdout,K_scale_tail_spiral,0.7158543102160054,808.5000000000001,578.7682098096404,578.7682098096404,0.0,E_TAU_EVIDENCE_MEASURE_PREFLIGHT,False,False,tau_side_evidence_measure_l2_endpoint_preflight_not_validation
UGC02259,holdout,K_thick_flared,0.7401670662392039,1238.1450250000003,294.192442518574,456.88451085636865,-162.69206833779464,E_TAU_EVIDENCE_MEASURE_PREFLIGHT,False,False,tau_side_evidence_measure_l2_endpoint_preflight_not_validation
UGC03580,holdout,K_scale_tail_spiral,0.40614856574032726,7611.41322,3091.364562559966,3091.364562559966,0.0,E_TAU_EVIDENCE_MEASURE_PREFLIGHT,False,False,tau_side_evidence_measure_l2_endpoint_preflight_not_validation
UGC04305,holdout,K_exponential_disk,0.7356842812157509,833.84375,43.44905090404464,297.8988893327371,-254.44983842869246,E_TAU_EVIDENCE_MEASURE_PREFLIGHT,False,False,tau_side_evidence_measure_l2_endpoint_preflight_not_validation
UGC04499,holdout,K_exponential_disk,0.7337902539534008,1343.0531000000003,-194.90315215301334,299.73895813112966,-494.642110284143,E_TAU_EVIDENCE_MEASURE_PREFLIGHT,False,False,tau_side_evidence_measure_l2_endpoint_preflight_not_validation
UGC05414,holdout,K_thick_flared,0.712086842486497,884.803675,195.2472716406071,308.9331589819318,-113.68588734132469,E_TAU_EVIDENCE_MEASURE_PREFLIGHT,False,False,tau_side_evidence_measure_l2_endpoint_preflight_not_validation
UGC05716,holdout,K_thick_flared,0.8043141403669857,772.9340499999998,166.37586416297142,285.42069640273144,-119.04483223976001,E_TAU_EVIDENCE_MEASURE_PREFLIGHT,False,False,tau_side_evidence_measure_l2_endpoint_preflight_not_validation
UGC05829,holdout,K_exponential_disk,0.7925608666122651,522.9988500000001,-99.67537096995045,117.76467818184015,-217.44004915179062,E_TAU_EVIDENCE_MEASURE_PREFLIGHT,False,False,tau_side_evidence_measure_l2_endpoint_preflight_not_validation
UGC05986,holdout,K_scale_tail_spiral,0.7320956905752359,2249.8422,880.7933691321845,1002.8781916203967,-122.08482248821223,E_TAU_EVIDENCE_MEASURE_PREFLIGHT,False,False,tau_side_evidence_measure_l2_endpoint_preflight_not_validation
UGC06818,holdout,K_exponential_disk,0.7485921704629792,978.3178,-176.25282898042428,211.38351601670598,-387.63634499713027,E_TAU_EVIDENCE_MEASURE_PREFLIGHT,False,False,tau_side_evidence_measure_l2_endpoint_preflight_not_validation
UGC06917,holdout,K_exponential_disk,0.7014393246069682,2504.4730999999997,-218.83475052362803,768.9505846183458,-987.7853351419739,E_TAU_EVIDENCE_MEASURE_PREFLIGHT,False,False,tau_side_evidence_measure_l2_endpoint_preflight_not_validation
UGC06983,holdout,K_exponential_disk,0.7406357855931932,2398.36125,-274.67641924277336,627.882682292393,-902.5591015351664,E_TAU_EVIDENCE_MEASURE_PREFLIGHT,False,False,tau_side_evidence_measure_l2_endpoint_preflight_not_validation
UGC07151,holdout,K_thick_flared,0.6770379932446499,1494.4793000000004,336.81143348928197,480.62027923906464,-143.8088457497827,E_TAU_EVIDENCE_MEASURE_PREFLIGHT,False,False,tau_side_evidence_measure_l2_endpoint_preflight_not_validation
UGC07261,holdout,K_scale_tail_spiral,0.7140323079318615,1327.56165,947.9219088713302,947.9219088713302,0.0,E_TAU_EVIDENCE_MEASURE_PREFLIGHT,False,False,tau_side_evidence_measure_l2_endpoint_preflight_not_validation
UGC07577,holdout,K_exponential_disk,0.8077872746408565,102.08359999999999,-30.923187386072748,25.769322821727293,-56.69251020780004,E_TAU_EVIDENCE_MEASURE_PREFLIGHT,False,False,tau_side_evidence_measure_l2_endpoint_preflight_not_validation
UGC07603,holdout,K_thick_flared,0.7660589675871469,539.0714250000001,73.52188803047004,152.0387784255286,-78.51689039505855,E_TAU_EVIDENCE_MEASURE_PREFLIGHT,False,False,tau_side_evidence_measure_l2_endpoint_preflight_not_validation
UGC08699,holdout,K_scale_tail_spiral,0.4327517057539102,15353.994200000001,3829.1524794027277,4480.374080174466,-651.2216007717384,E_TAU_EVIDENCE_MEASURE_PREFLIGHT,False,False,tau_side_evidence_measure_l2_endpoint_preflight_not_validation
UGC11914,holdout,K_scale_tail_spiral,0.14770954876957534,53952.671319999994,7969.324735590408,7969.324735590408,0.0,E_TAU_EVIDENCE_MEASURE_PREFLIGHT,False,False,tau_side_evidence_measure_l2_endpoint_preflight_not_validation
UGC12506,holdout,K_scale_tail_spiral,0.6494462992876708,13597.916300000006,5129.941528051544,5918.468213501077,-788.5266854495334,E_TAU_EVIDENCE_MEASURE_PREFLIGHT,False,False,tau_side_evidence_measure_l2_endpoint_preflight_not_validation
UGCA444,holdout,K_thick_flared,0.7762166930576874,228.72052499999998,3.92232794537577,49.31574709719947,-45.3934191518237,E_TAU_EVIDENCE_MEASURE_PREFLIGHT,False,False,tau_side_evidence_measure_l2_endpoint_preflight_not_validation
D512-2,train,K_compact_finite,0.8058147729986257,265.25845000000004,0.0,0.0,0.0,E_TAU_EVIDENCE_MEASURE_PREFLIGHT,False,False,tau_side_evidence_measure_l2_endpoint_preflight_not_validation
D564-8,train,K_thick_flared,0.84934358062957,80.16624999999999,0.0,0.0,0.0,E_TAU_EVIDENCE_MEASURE_PREFLIGHT,False,False,tau_side_evidence_measure_l2_endpoint_preflight_not_validation
D631-7,train,K_thick_flared,0.8146240366090199,483.0114500000001,0.0,0.0,0.0,E_TAU_EVIDENCE_MEASURE_PREFLIGHT,False,False,tau_side_evidence_measure_l2_endpoint_preflight_not_validation
DDO064,train,K_scale_tail_spiral,0.7610419468586817,295.16204999999997,224.6307011707995,224.6307011707995,0.0,E_TAU_EVIDENCE_MEASURE_PREFLIGHT,False,False,tau_side_evidence_measure_l2_endpoint_preflight_not_validation
DDO154,train,K_thick_flared,0.8268641492182972,278.229375,20.22013081213808,81.91969238671201,-61.699561574573934,E_TAU_EVIDENCE_MEASURE_PREFLIGHT,False,False,tau_side_evidence_measure_l2_endpoint_preflight_not_validation
DDO161,train,K_thick_flared,0.7793038285969073,1014.1714000000001,199.03705092555003,335.81545013938995,-136.77839921383992,E_TAU_EVIDENCE_MEASURE_PREFLIGHT,False,False,tau_side_evidence_measure_l2_endpoint_preflight_not_validation
DDO168,train,K_thick_flared,0.7373361472119698,638.8660500000001,36.72581681507391,164.4348066345895,-127.7089898195156,E_TAU_EVIDENCE_MEASURE_PREFLIGHT,False,False,tau_side_evidence_measure_l2_endpoint_preflight_not_validation
DDO170,train,K_thick_flared,0.8072359558034639,761.0283,144.8037730225209,267.5665082894852,-122.76273526696434,E_TAU_EVIDENCE_MEASURE_PREFLIGHT,False,False,tau_side_evidence_measure_l2_endpoint_preflight_not_validation
ESO079-G014,train,K_scale_tail_spiral,0.6294524368117963,4730.706450000001,1666.6730327716957,1969.9445297936206,-303.2714970219249,E_TAU_EVIDENCE_MEASURE_PREFLIGHT,False,False,tau_side_evidence_measure_l2_endpoint_preflight_not_validation
ESO444-G084,train,K_thick_flared,0.842443455382575,352.11254999999994,20.499789969675092,92.69841040799054,-72.19862043831544,E_TAU_EVIDENCE_MEASURE_PREFLIGHT,False,False,tau_side_evidence_measure_l2_endpoint_preflight_not_validation
ESO563-G021,train,K_scale_tail_spiral,0.4828025704789825,27471.3291,8774.766683975515,9731.022972368908,-956.2562883933929,E_TAU_EVIDENCE_MEASURE_PREFLIGHT,False,False,tau_side_evidence_measure_l2_endpoint_preflight_not_validation
F563-V1,train,K_thick_flared,0.8058807427384159,513.722975,90.11805866231187,185.35039230005742,-95.23233363774555,E_TAU_EVIDENCE_MEASURE_PREFLIGHT,False,False,tau_side_evidence_measure_l2_endpoint_preflight_not_validation
F563-V2,train,K_scale_tail_spiral,0.7347168085693847,1035.1729249999999,307.8331395571863,440.95018800199216,-133.11704844480587,E_TAU_EVIDENCE_MEASURE_PREFLIGHT,False,False,tau_side_evidence_measure_l2_endpoint_preflight_not_validation
F565-V2,train,K_thick_flared,0.8126980271342138,501.82244999999995,84.36555533621309,168.9389869683108,-84.5734316320977,E_TAU_EVIDENCE_MEASURE_PREFLIGHT,False,False,tau_side_evidence_measure_l2_endpoint_preflight_not_validation
F567-2,train,K_scale_tail_spiral,0.8165206177707411,535.8094,437.49942229537015,437.49942229537015,0.0,E_TAU_EVIDENCE_MEASURE_PREFLIGHT,False,False,tau_side_evidence_measure_l2_endpoint_preflight_not_validation
F568-3,train,K_scale_tail_spiral,0.7525829951433824,1158.97325,872.2235597760601,872.2235597760601,0.0,E_TAU_EVIDENCE_MEASURE_PREFLIGHT,False,False,tau_side_evidence_measure_l2_endpoint_preflight_not_validation
F568-V1,train,K_scale_tail_spiral,0.7676269377970986,1157.4243000000001,888.4700711409505,888.4700711409505,0.0,E_TAU_EVIDENCE_MEASURE_PREFLIGHT,False,False,tau_side_evidence_measure_l2_endpoint_preflight_not_validation
F571-8,train,K_scale_tail_spiral,0.6512968788836991,3678.51695,1442.0731013086975,1620.486790392177,-178.4136890834795,E_TAU_EVIDENCE_MEASURE_PREFLIGHT,False,False,tau_side_evidence_measure_l2_endpoint_preflight_not_validation
F571-V1,train,K_thick_flared,0.786008144051451,1182.6881999999998,284.2983225350898,453.020341428743,-168.72201889365314,E_TAU_EVIDENCE_MEASURE_PREFLIGHT,False,False,tau_side_evidence_measure_l2_endpoint_preflight_not_validation
F574-1,train,K_scale_tail_spiral,0.7647346111361898,1346.1475750000002,1029.44564229955,1029.44564229955,0.0,E_TAU_EVIDENCE_MEASURE_PREFLIGHT,False,False,tau_side_evidence_measure_l2_endpoint_preflight_not_validation
F574-2,train,K_scale_tail_spiral,0.7984611716106577,821.3600000000001,655.8240679141298,655.8240679141298,0.0,E_TAU_EVIDENCE_MEASURE_PREFLIGHT,False,False,tau_side_evidence_measure_l2_endpoint_preflight_not_validation
F579-V1,train,K_scale_tail_spiral,0.6967040339806715,2572.752025,1792.4467142494411,1792.4467142494411,0.0,E_TAU_EVIDENCE_MEASURE_PREFLIGHT,False,False,tau_side_evidence_measure_l2_endpoint_preflight_not_validation
F583-1,train,K_scale_tail_spiral,0.8258924510557903,301.5769,249.070085122807,249.070085122807,0.0,E_TAU_EVIDENCE_MEASURE_PREFLIGHT,False,False,tau_side_evidence_measure_l2_endpoint_preflight_not_validation
F583-4,train,K_scale_tail_spiral,0.7739967569397016,846.3127000000002,655.0432851568827,655.0432851568827,0.0,E_TAU_EVIDENCE_MEASURE_PREFLIGHT,False,False,tau_side_evidence_measure_l2_endpoint_preflight_not_validation
KK98-251,train,K_thick_flared,0.7833205793983049,222.67530000000002,12.054209324704011,54.50817031677856,-42.45396099207455,E_TAU_EVIDENCE_MEASURE_PREFLIGHT,False,False,tau_side_evidence_measure_l2_endpoint_preflight_not_validation
NGC0055,train,K_exponential_disk,0.7262548367146394,2254.4961000000003,-399.55804395694406,434.5925905927864,-834.1506345497305,E_TAU_EVIDENCE_MEASURE_PREFLIGHT,False,False,tau_side_evidence_measure_l2_endpoint_preflight_not_validation
NGC0100,train,K_exponential_disk,0.7196800425048425,1302.9489000000003,-58.305555085303794,353.00728030522924,-411.31283539053305,E_TAU_EVIDENCE_MEASURE_PREFLIGHT,False,False,tau_side_evidence_measure_l2_endpoint_preflight_not_validation
NGC0247,train,K_exponential_disk,0.7440546704914193,2052.3755,-324.4045971873391,469.80356410207196,-794.208161289411,E_TAU_EVIDENCE_MEASURE_PREFLIGHT,False,False,tau_side_evidence_measure_l2_endpoint_preflight_not_validation
NGC0289,train,K_scale_tail_spiral,0.728624492956637,8865.521525,1944.1663885495711,3944.8844875776485,-2000.7180990280776,E_TAU_EVIDENCE_MEASURE_PREFLIGHT,False,False,tau_side_evidence_measure_l2_endpoint_preflight_not_validation
NGC0300,train,K_exponential_disk,0.7723239995940189,1375.1574000000003,182.32977069613412,622.1984169677231,-439.868646271589,E_TAU_EVIDENCE_MEASURE_PREFLIGHT,False,False,tau_side_evidence_measure_l2_endpoint_preflight_not_validation
NGC0801,train,K_scale_tail_spiral,0.4953474070333955,27016.226850000006,8632.54659184629,9644.495608955254,-1011.9490171089647,E_TAU_EVIDENCE_MEASURE_PREFLIGHT,False,False,tau_side_evidence_measure_l2_endpoint_preflight_not_validation
NGC0891,train,K_scale_tail_spiral,0.35211424896901505,37356.77067499999,10263.914665867991,10879.608920546052,-615.6942546780617,E_TAU_EVIDENCE_MEASURE_PREFLIGHT,False,False,tau_side_evidence_measure_l2_endpoint_preflight_not_validation
NGC1003,train,K_scale_tail_spiral,0.7661764034073881,2032.7289,792.0643524177908,992.177489343284,-200.11313692549322,E_TAU_EVIDENCE_MEASURE_PREFLIGHT,False,False,tau_side_evidence_measure_l2_endpoint_preflight_not_validation
NGC1090,train,K_scale_tail_spiral,0.6590410318265458,10595.417875,2342.594753428171,4662.704941200798,-2320.1101877726273,E_TAU_EVIDENCE_MEASURE_PREFLIGHT,False,False,tau_side_evidence_measure_l2_endpoint_preflight_not_validation
NGC1705,train,K_compact_finite,0.7970800180030061,572.09355,74.8826903965469,233.33756771822627,-158.45487732167936,E_TAU_EVIDENCE_MEASURE_PREFLIGHT,False,False,tau_side_evidence_measure_l2_endpoint_preflight_not_validation
NGC2366,train,K_thick_flared,0.7563351509193316,702.7518749999999,85.37807454122395,216.55804152186457,-131.17996698064061,E_TAU_EVIDENCE_MEASURE_PREFLIGHT,False,False,tau_side_evidence_measure_l2_endpoint_preflight_not_validation
NGC2403,train,K_scale_tail_spiral,0.522242679913288,4218.03765,2202.839286311147,2202.839286311147,0.0,E_TAU_EVIDENCE_MEASURE_PREFLIGHT,False,False,tau_side_evidence_measure_l2_endpoint_preflight_not_validation
NGC2841,train,K_compact_finite,0.44246741452618926,39872.56860000001,5010.175001883759,10694.340158780438,-5684.165156896679,E_TAU_EVIDENCE_MEASURE_PREFLIGHT,False,False,tau_side_evidence_measure_l2_endpoint_preflight_not_validation
NGC2903,train,K_compact_finite,0.49814442950410565,20089.317350000005,3419.5734971152865,6713.477513778985,-3293.9040166636983,E_TAU_EVIDENCE_MEASURE_PREFLIGHT,False,False,tau_side_evidence_measure_l2_endpoint_preflight_not_validation
NGC2915,train,K_compact_finite,0.8012125024357306,539.8548999999999,253.16498526500627,305.9070021823313,-52.74201691732507,E_TAU_EVIDENCE_MEASURE_PREFLIGHT,False,False,tau_side_evidence_measure_l2_endpoint_preflight_not_validation
NGC2955,train,K_scale_tail_spiral,0.2700818902945604,49898.97829500001,13476.810381680843,13476.810381680843,0.0,E_TAU_EVIDENCE_MEASURE_PREFLIGHT,False,False,tau_side_evidence_measure_l2_endpoint_preflight_not_validation
NGC2976,train,K_exponential_disk,0.5283410829671636,1466.7208999999998,83.43515306837986,429.1820308924763,-345.74687782409643,E_TAU_EVIDENCE_MEASURE_PREFLIGHT,False,False,tau_side_evidence_measure_l2_endpoint_preflight_not_validation
NGC2998,train,K_scale_tail_spiral,0.4818938811157258,15513.4626,7475.8427018576585,7475.8427018576585,0.0,E_TAU_EVIDENCE_MEASURE_PREFLIGHT,False,False,tau_side_evidence_measure_l2_endpoint_preflight_not_validation
NGC3109,train,K_thick_flared,0.8081187987323211,361.7656999999999,34.01714848335422,101.56107744971334,-67.54392896635912,E_TAU_EVIDENCE_MEASURE_PREFLIGHT,False,False,tau_side_evidence_measure_l2_endpoint_preflight_not_validation
NGC3198,train,K_scale_tail_spiral,0.5308856411035588,5531.843349999999,782.8254797012759,1748.24789191628,-965.4224122150041,E_TAU_EVIDENCE_MEASURE_PREFLIGHT,False,False,tau_side_evidence_measure_l2_endpoint_preflight_not_validation
NGC3521,train,K_compact_finite,0.21431103628970855,34437.35055,2136.058295100747,4481.341133032119,-2345.282837931372,E_TAU_EVIDENCE_MEASURE_PREFLIGHT,False,False,tau_side_evidence_measure_l2_endpoint_preflight_not_validation
NGC3741,train,K_thick_flared,0.8438806690386149,137.3657,5.537696466448704,34.39845356978651,-28.860757103337807,E_TAU_EVIDENCE_MEASURE_PREFLIGHT,False,False,tau_side_evidence_measure_l2_endpoint_preflight_not_validation
NGC3769,train,K_scale_tail_spiral,0.7070847066093239,5022.748375000001,-135.71267731558447,1419.4479593180758,-1555.1606366336603,E_TAU_EVIDENCE_MEASURE_PREFLIGHT,False,False,tau_side_evidence_measure_l2_endpoint_preflight_not_validation
NGC3877,train,K_exponential_disk,0.4131917582606362,16935.50655,1224.8350149628927,3802.9715263899534,-2578.1365114270607,E_TAU_EVIDENCE_MEASURE_PREFLIGHT,False,False,tau_side_evidence_measure_l2_endpoint_preflight_not_validation
NGC3893,train,K_compact_finite,0.5358002799381547,16118.94945,3191.7508093233255,5914.144218471145,-2722.3934091478195,E_TAU_EVIDENCE_MEASURE_PREFLIGHT,False,False,tau_side_evidence_measure_l2_endpoint_preflight_not_validation
NGC3917,train,K_compact_finite,0.6167000694260736,5591.7702,645.3921293912779,1883.698064520476,-1238.3059351291981,E_TAU_EVIDENCE_MEASURE_PREFLIGHT,False,False,tau_side_evidence_measure_l2_endpoint_preflight_not_validation
NGC3953,train,K_exponential_disk,0.3879056679958085,27395.008925000002,2988.669600614375,6807.674418708818,-3819.0048180944427,E_TAU_EVIDENCE_MEASURE_PREFLIGHT,False,False,tau_side_evidence_measure_l2_endpoint_preflight_not_validation
NGC3992,train,K_scale_tail_spiral,0.6663789904544741,23785.986050000003,4999.858541799794,10425.1699563815,-5425.311414581706,E_TAU_EVIDENCE_MEASURE_PREFLIGHT,False,False,tau_side_evidence_measure_l2_endpoint_preflight_not_validation
NGC4010,train,K_exponential_disk,0.5943781263074602,5260.5015,-270.9166004876238,1176.9230849885917,-1447.8396854762154,E_TAU_EVIDENCE_MEASURE_PREFLIGHT,False,False,tau_side_evidence_measure_l2_endpoint_preflight_not_validation
NGC4051,train,K_exponential_disk,0.43974031534085584,15813.908549999995,1935.8307746076748,4444.921953578064,-2509.091178970389,E_TAU_EVIDENCE_MEASURE_PREFLIGHT,False,False,tau_side_evidence_measure_l2_endpoint_preflight_not_validation
NGC4068,train,K_exponential_disk,0.7375788355575932,359.4326249999999,-102.88934031166437,56.693763498089275,-159.58310380975362,E_TAU_EVIDENCE_MEASURE_PREFLIGHT,False,False,tau_side_evidence_measure_l2_endpoint_preflight_not_validation
NGC4085,train,K_compact_finite,0.3872709077572711,10318.351200000001,984.2049794162854,2266.6123277287907,-1282.4073483125053,E_TAU_EVIDENCE_MEASURE_PREFLIGHT,False,False,tau_side_evidence_measure_l2_endpoint_preflight_not_validation
NGC4100,train,K_exponential_disk,0.6129596278699161,11463.996075000001,1473.0604937516498,3994.738258507112,-2521.6777647554622,E_TAU_EVIDENCE_MEASURE_PREFLIGHT,False,False,tau_side_evidence_measure_l2_endpoint_preflight_not_validation
NGC4138,train,K_compact_finite,0.5856319015018036,10796.0746,2255.5488027066467,4289.037249729985,-2033.4884470233383,E_TAU_EVIDENCE_MEASURE_PREFLIGHT,False,False,tau_side_evidence_measure_l2_endpoint_preflight_not_validation
NGC4157,train,K_scale_tail_spiral,0.5838938712740976,17379.018979999997,2779.280252317204,5947.022802417969,-3167.7425501007647,E_TAU_EVIDENCE_MEASURE_PREFLIGHT,False,False,tau_side_evidence_measure_l2_endpoint_preflight_not_validation
NGC4217,train,K_compact_finite,0.4002123791958448,27186.057819999995,2993.002718083602,6526.4595273436025,-3533.4568092600007,E_TAU_EVIDENCE_MEASURE_PREFLIGHT,False,False,tau_side_evidence_measure_l2_endpoint_preflight_not_validation
NGC4559,train,K_compact_finite,0.6698743800419372,5282.773425000001,1234.5343937706018,2386.6644833722494,-1152.1300896016476,E_TAU_EVIDENCE_MEASURE_PREFLIGHT,False,False,tau_side_evidence_measure_l2_endpoint_preflight_not_validation
NGC5005,train,K_compact_finite,0.16723198581856527,55219.543204999994,2733.3053650926217,5983.889615629416,-3250.584250536794,E_TAU_EVIDENCE_MEASURE_PREFLIGHT,False,False,tau_side_evidence_measure_l2_endpoint_preflight_not_validation
NGC5033,train,K_compact_finite,0.6241884975856428,15711.626034999998,3386.8355166399497,6596.925883027034,-3210.090366387084,E_TAU_EVIDENCE_MEASURE_PREFLIGHT,False,False,tau_side_evidence_measure_l2_endpoint_preflight_not_validation
NGC5055,train,K_scale_tail_spiral,0.5870263952016378,22137.869000000002,5609.400588426743,9302.457012471416,-3693.0564240446724,E_TAU_EVIDENCE_MEASURE_PREFLIGHT,False,False,tau_side_evidence_measure_l2_endpoint_preflight_not_validation
NGC5371,train,K_scale_tail_spiral,0.5621449211484382,30090.9512,5197.667840714747,11056.571615160123,-5858.903774445375,E_TAU_EVIDENCE_MEASURE_PREFLIGHT,False,False,tau_side_evidence_measure_l2_endpoint_preflight_not_validation
NGC5585,train,K_compact_finite,0.6660391227651108,1677.453075,366.46031270233755,741.8548436274875,-375.39453092515,E_TAU_EVIDENCE_MEASURE_PREFLIGHT,False,False,tau_side_evidence_measure_l2_endpoint_preflight_not_validation
NGC6015,train,K_compact_finite,0.6958350155464992,6428.1098999999995,1564.0711142783507,3018.487533239728,-1454.416418961377,E_TAU_EVIDENCE_MEASURE_PREFLIGHT,False,False,tau_side_evidence_measure_l2_endpoint_preflight_not_validation
NGC6195,train,K_scale_tail_spiral,0.3428892720455868,50592.744280000006,17347.709256957725,17347.709256957725,0.0,E_TAU_EVIDENCE_MEASURE_PREFLIGHT,False,False,tau_side_evidence_measure_l2_endpoint_preflight_not_validation
NGC6503,train,K_compact_finite,0.7268639590673797,3038.4777000000004,543.0419582289366,1243.6222307228786,-700.5802724939421,E_TAU_EVIDENCE_MEASURE_PREFLIGHT,False,False,tau_side_evidence_measure_l2_endpoint_preflight_not_validation
NGC6674,train,K_scale_tail_spiral,0.7108970049204568,16372.408580000005,11639.096222855993,11639.096222855993,0.0,E_TAU_EVIDENCE_MEASURE_PREFLIGHT,False,False,tau_side_evidence_measure_l2_endpoint_preflight_not_validation
NGC7793,train,K_compact_finite,0.4708501490371615,3193.83115,444.84483391499293,974.3303534460108,-529.4855195310179,E_TAU_EVIDENCE_MEASURE_PREFLIGHT,False,False,tau_side_evidence_measure_l2_endpoint_preflight_not_validation
NGC7814,train,K_compact_finite,0.4635801908849675,21153.391975,7448.956381972213,7951.181559309574,-502.2251773373612,E_TAU_EVIDENCE_MEASURE_PREFLIGHT,False,False,tau_side_evidence_measure_l2_endpoint_preflight_not_validation
PGC51017,train,K_thick_flared,0.7765114306403849,310.9616500000001,25.922768658431565,89.29972184543597,-63.3769531870044,E_TAU_EVIDENCE_MEASURE_PREFLIGHT,False,False,tau_side_evidence_measure_l2_endpoint_preflight_not_validation
UGC00128,train,K_scale_tail_spiral,0.8495370202689362,2237.3970249999998,884.3614546709043,1183.215317198065,-298.8538625271606,E_TAU_EVIDENCE_MEASURE_PREFLIGHT,False,False,tau_side_evidence_measure_l2_endpoint_preflight_not_validation
UGC00191,train,K_exponential_disk,0.6994039936470369,676.88405,-62.33680937441778,205.5392992157814,-267.8761085901992,E_TAU_EVIDENCE_MEASURE_PREFLIGHT,False,False,tau_side_evidence_measure_l2_endpoint_preflight_not_validation
UGC00634,train,K_exponential_disk,0.7899143315291164,1826.9526,-167.3301203875382,485.1639119378414,-652.4940323253796,E_TAU_EVIDENCE_MEASURE_PREFLIGHT,False,False,tau_side_evidence_measure_l2_endpoint_preflight_not_validation
UGC01230,train,K_scale_tail_spiral,0.7547900918421169,1993.3136499999998,730.8747223949708,958.357134175901,-227.48241178093025,E_TAU_EVIDENCE_MEASURE_PREFLIGHT,False,False,tau_side_evidence_measure_l2_endpoint_preflight_not_validation
UGC01281,train,K_thick_flared,0.7852807966724328,320.0454,64.72950276965388,104.48334656711963,-39.75384379746575,E_TAU_EVIDENCE_MEASURE_PREFLIGHT,False,False,tau_side_evidence_measure_l2_endpoint_preflight_not_validation
UGC02455,train,K_scale_tail_spiral,0.5337901833519884,3152.0375499999996,1682.526701746852,1682.526701746852,0.0,E_TAU_EVIDENCE_MEASURE_PREFLIGHT,False,False,tau_side_evidence_measure_l2_endpoint_preflight_not_validation
UGC02487,train,K_scale_tail_spiral,0.6228752642223635,33297.67556999999,20740.298468654284,20740.298468654284,0.0,E_TAU_EVIDENCE_MEASURE_PREFLIGHT,False,False,tau_side_evidence_measure_l2_endpoint_preflight_not_validation
UGC02885,train,K_scale_tail_spiral,0.641154588282617,28749.547880000002,18432.904534312784,18432.904534312784,0.0,E_TAU_EVIDENCE_MEASURE_PREFLIGHT,False,False,tau_side_evidence_measure_l2_endpoint_preflight_not_validation
UGC02916,train,K_scale_tail_spiral,0.3154774464284045,32774.07492,10339.481464814815,10339.481464814815,0.0,E_TAU_EVIDENCE_MEASURE_PREFLIGHT,False,False,tau_side_evidence_measure_l2_endpoint_preflight_not_validation
UGC02953,train,K_scale_tail_spiral,0.2392885577023817,57942.66137999999,13865.01587105769,13865.01587105769,0.0,E_TAU_EVIDENCE_MEASURE_PREFLIGHT,False,False,tau_side_evidence_measure_l2_endpoint_preflight_not_validation
UGC03205,train,K_scale_tail_spiral,0.3881028551168978,23446.869424999997,9099.796967395594,9099.796967395594,0.0,E_TAU_EVIDENCE_MEASURE_PREFLIGHT,False,False,tau_side_evidence_measure_l2_endpoint_preflight_not_validation
UGC03546,train,K_scale_tail_spiral,0.22918816109881687,37952.01171499999,8698.151774961603,8698.151774961603,0.0,E_TAU_EVIDENCE_MEASURE_PREFLIGHT,False,False,tau_side_evidence_measure_l2_endpoint_preflight_not_validation
UGC04278,train,K_scale_tail_spiral,0.7902262557921389,486.9064000000001,182.18337312706186,220.0802835672983,-37.89691044023644,E_TAU_EVIDENCE_MEASURE_PREFLIGHT,False,False,tau_side_evidence_measure_l2_endpoint_preflight_not_validation
UGC04325,train,K_scale_tail_spiral,0.6724841971474453,1667.432525,1121.3220228721625,1121.3220228721625,0.0,E_TAU_EVIDENCE_MEASURE_PREFLIGHT,False,False,tau_side_evidence_measure_l2_endpoint_preflight_not_validation
UGC04483,train,K_exponential_disk,0.7578980967783835,144.852375,-37.39575718846693,25.831373959136158,-63.22713114760309,E_TAU_EVIDENCE_MEASURE_PREFLIGHT,False,False,tau_side_evidence_measure_l2_endpoint_preflight_not_validation
UGC05005,train,K_scale_tail_spiral,0.7819200104850724,1395.5313499999995,471.8476682583607,653.9568814240448,-182.1092131656841,E_TAU_EVIDENCE_MEASURE_PREFLIGHT,False,False,tau_side_evidence_measure_l2_endpoint_preflight_not_validation
UGC05253,train,K_scale_tail_spiral,0.18943757640814735,51159.71969999999,9691.573309688149,9691.573309688149,0.0,E_TAU_EVIDENCE_MEASURE_PREFLIGHT,False,False,tau_side_evidence_measure_l2_endpoint_preflight_not_validation
UGC05721,train,K_thick_flared,0.6894766317203675,822.0293500000002,155.9833394511541,263.38811942626,-107.4047799751059,E_TAU_EVIDENCE_MEASURE_PREFLIGHT,False,False,tau_side_evidence_measure_l2_endpoint_preflight_not_validation
UGC05750,train,K_scale_tail_spiral,0.807112538907673,529.4612500000001,178.41488731390712,251.6059563974029,-73.1910690834958,E_TAU_EVIDENCE_MEASURE_PREFLIGHT,False,False,tau_side_evidence_measure_l2_endpoint_preflight_not_validation
UGC05764,train,K_exponential_disk,0.7731611792864804,364.50950000000006,-103.14866933706467,52.265623664041385,-155.41429300110605,E_TAU_EVIDENCE_MEASURE_PREFLIGHT,False,False,tau_side_evidence_measure_l2_endpoint_preflight_not_validation
UGC05918,train,K_exponential_disk,0.8141769102445892,243.78432500000002,-60.84091179861413,46.99729700169411,-107.83820880030824,E_TAU_EVIDENCE_MEASURE_PREFLIGHT,False,False,tau_side_evidence_measure_l2_endpoint_preflight_not_validation
UGC05999,train,K_scale_tail_spiral,0.7786855703204489,1769.72125,492.2148895406974,723.8280732311003,-231.61318369040296,E_TAU_EVIDENCE_MEASURE_PREFLIGHT,False,False,tau_side_evidence_measure_l2_endpoint_preflight_not_validation
UGC06399,train,K_exponential_disk,0.7362864266487398,1255.0337999999997,-233.00197382337984,259.8091529742035,-492.81112679758337,E_TAU_EVIDENCE_MEASURE_PREFLIGHT,False,False,tau_side_evidence_measure_l2_endpoint_preflight_not_validation
UGC06446,train,K_exponential_disk,0.77095621870936,986.9369500000003,-157.30276504041174,227.55902285659437,-384.86178789700614,E_TAU_EVIDENCE_MEASURE_PREFLIGHT,False,False,tau_side_evidence_measure_l2_endpoint_preflight_not_validation
UGC06614,train,K_scale_tail_spiral,0.5826485575600836,21185.96063,12343.96940159422,12343.96940159422,0.0,E_TAU_EVIDENCE_MEASURE_PREFLIGHT,False,False,tau_side_evidence_measure_l2_endpoint_preflight_not_validation
UGC06628,train,K_exponential_disk,0.7348320791469897,1281.1321000000003,-152.85772724116697,394.27961873189116,-547.1373459730581,E_TAU_EVIDENCE_MEASURE_PREFLIGHT,False,False,tau_side_evidence_measure_l2_endpoint_preflight_not_validation
UGC06667,train,K_thick_flared,0.8039104531596999,506.3776000000001,-77.00627093956783,108.73778987655595,-185.74406081612378,E_TAU_EVIDENCE_MEASURE_PREFLIGHT,False,False,tau_side_evidence_measure_l2_endpoint_preflight_not_validation
UGC06786,train,K_scale_tail_spiral,0.37609513993325405,23321.183719999997,8770.983854582526,8770.983854582526,0.0,E_TAU_EVIDENCE_MEASURE_PREFLIGHT,False,False,tau_side_evidence_measure_l2_endpoint_preflight_not_validation
UGC06787,train,K_scale_tail_spiral,0.30828968308521126,31410.737829999987,9683.606411083352,9683.606411083352,0.0,E_TAU_EVIDENCE_MEASURE_PREFLIGHT,False,False,tau_side_evidence_measure_l2_endpoint_preflight_not_validation
UGC06923,train,K_scale_tail_spiral,0.6485608494614941,2118.989525,1374.2936463340077,1374.2936463340077,0.0,E_TAU_EVIDENCE_MEASURE_PREFLIGHT,False,False,tau_side_evidence_measure_l2_endpoint_preflight_not_validation
UGC06930,train,K_exponential_disk,0.719547882506211,3031.1857250000003,-283.5003054702004,805.9595559538935,-1089.459861424094,E_TAU_EVIDENCE_MEASURE_PREFLIGHT,False,False,tau_side_evidence_measure_l2_endpoint_preflight_not_validation
UGC06973,train,K_scale_tail_spiral,0.3116170878521293,25629.215470000003,3967.73952928409,5018.489849758861,-1050.750320474771,E_TAU_EVIDENCE_MEASURE_PREFLIGHT,False,False,tau_side_evidence_measure_l2_endpoint_preflight_not_validation
UGC07089,train,K_exponential_disk,0.73483992771236,1654.087575,119.79162540272766,587.8803050194509,-468.08867961672325,E_TAU_EVIDENCE_MEASURE_PREFLIGHT,False,False,tau_side_evidence_measure_l2_endpoint_preflight_not_validation
UGC07125,train,K_scale_tail_spiral,0.7963934257750154,1317.9672000000003,-52.498043990713896,373.7727825380996,-426.2708265288135,E_TAU_EVIDENCE_MEASURE_PREFLIGHT,False,False,tau_side_evidence_measure_l2_endpoint_preflight_not_validation
UGC07232,train,K_scale_tail_spiral,0.6240962123262559,397.98460000000006,248.38068142418007,248.38068142418007,0.0,E_TAU_EVIDENCE_MEASURE_PREFLIGHT,False,False,tau_side_evidence_measure_l2_endpoint_preflight_not_validation
UGC07323,train,K_scale_tail_spiral,0.6791774539527516,1607.07975,1091.4923329040246,1091.4923329040246,0.0,E_TAU_EVIDENCE_MEASURE_PREFLIGHT,False,False,tau_side_evidence_measure_l2_endpoint_preflight_not_validation
UGC07399,train,K_scale_tail_spiral,0.7275575719389753,1046.6085999999998,269.75915876408766,380.7558031825536,-110.99664441846598,E_TAU_EVIDENCE_MEASURE_PREFLIGHT,False,False,tau_side_evidence_measure_l2_endpoint_preflight_not_validation
UGC07524,train,K_scale_tail_spiral,0.7758794068458107,972.8509500000001,290.4922392265646,427.0191981915297,-136.52695896496508,E_TAU_EVIDENCE_MEASURE_PREFLIGHT,False,False,tau_side_evidence_measure_l2_endpoint_preflight_not_validation
UGC07559,train,K_exponential_disk,0.7801089507567776,241.40294999999998,-71.39013121399857,39.21202639518538,-110.60215760918395,E_TAU_EVIDENCE_MEASURE_PREFLIGHT,False,False,tau_side_evidence_measure_l2_endpoint_preflight_not_validation
UGC07608,train,K_exponential_disk,0.7987503959114707,338.1365249999999,-69.95311567328432,68.00840222126308,-137.9615178945474,E_TAU_EVIDENCE_MEASURE_PREFLIGHT,False,False,tau_side_evidence_measure_l2_endpoint_preflight_not_validation
UGC07690,train,K_exponential_disk,0.6727159602727363,1167.0706999999998,-221.73440742225984,208.98914924422348,-430.7235566664833,E_TAU_EVIDENCE_MEASURE_PREFLIGHT,False,False,tau_side_evidence_measure_l2_endpoint_preflight_not_validation
UGC07866,train,K_thick_flared,0.7769327413007128,231.44749999999993,22.85289184971733,69.00639881905559,-46.15350696933826,E_TAU_EVIDENCE_MEASURE_PREFLIGHT,False,False,tau_side_evidence_measure_l2_endpoint_preflight_not_validation
UGC08286,train,K_thick_flared,0.7422972961248975,1008.2385500000001,233.28063385405915,343.02833065077516,-109.747696796716,E_TAU_EVIDENCE_MEASURE_PREFLIGHT,False,False,tau_side_evidence_measure_l2_endpoint_preflight_not_validation
UGC08490,train,K_thick_flared,0.7959443898346614,925.0186249999999,171.38029520079826,337.47546422791316,-166.0951690271149,E_TAU_EVIDENCE_MEASURE_PREFLIGHT,False,False,tau_side_evidence_measure_l2_endpoint_preflight_not_validation
UGC08550,train,K_thick_flared,0.7688659862995664,473.36005000000006,82.97974857046282,135.5405713927174,-52.56082282225457,E_TAU_EVIDENCE_MEASURE_PREFLIGHT,False,False,tau_side_evidence_measure_l2_endpoint_preflight_not_validation
UGC08837,train,K_exponential_disk,0.7576104485460142,527.957925,-130.31141272109127,88.60506047732383,-218.9164731984151,E_TAU_EVIDENCE_MEASURE_PREFLIGHT,False,False,tau_side_evidence_measure_l2_endpoint_preflight_not_validation
UGC09037,train,K_scale_tail_spiral,0.6210815511151883,11794.823000000002,7325.546963969099,7325.546963969099,0.0,E_TAU_EVIDENCE_MEASURE_PREFLIGHT,False,False,tau_side_evidence_measure_l2_endpoint_preflight_not_validation
UGC09133,train,K_scale_tail_spiral,0.36191697811324897,44928.56616,16260.410895588378,16260.410895588378,0.0,E_TAU_EVIDENCE_MEASURE_PREFLIGHT,False,False,tau_side_evidence_measure_l2_endpoint_preflight_not_validation
UGC09992,train,K_exponential_disk,0.7656529596888616,473.37180000000006,-98.80740639194227,89.44541848356762,-188.25282487550987,E_TAU_EVIDENCE_MEASURE_PREFLIGHT,False,False,tau_side_evidence_measure_l2_endpoint_preflight_not_validation
UGC10310,train,K_exponential_disk,0.7486631652162552,1102.34375,-167.4741728191281,254.0160470818283,-421.4902199009564,E_TAU_EVIDENCE_MEASURE_PREFLIGHT,False,False,tau_side_evidence_measure_l2_endpoint_preflight_not_validation
UGC11455,train,K_scale_tail_spiral,0.3431479870641912,37173.171700000006,8527.40169998665,9428.273204695284,-900.871504708634,E_TAU_EVIDENCE_MEASURE_PREFLIGHT,False,False,tau_side_evidence_measure_l2_endpoint_preflight_not_validation
UGC11557,train,K_scale_tail_spiral,0.6051944925803299,3756.897075,2273.6534189811505,2273.6534189811505,0.0,E_TAU_EVIDENCE_MEASURE_PREFLIGHT,False,False,tau_side_evidence_measure_l2_endpoint_preflight_not_validation
UGC11820,train,K_scale_tail_spiral,0.7818834354122992,478.96647499999995,150.14654309325059,208.80520878555902,-58.658665692308425,E_TAU_EVIDENCE_MEASURE_PREFLIGHT,False,False,tau_side_evidence_measure_l2_endpoint_preflight_not_validation
UGC12632,train,K_scale_tail_spiral,0.8016978372340788,683.6475,210.52407382730274,298.78151691973846,-88.25744309243572,E_TAU_EVIDENCE_MEASURE_PREFLIGHT,False,False,tau_side_evidence_measure_l2_endpoint_preflight_not_validation
UGC12732,train,K_exponential_disk,0.8022721796726381,983.1766249999998,-74.04597375447321,283.96968088553564,-358.01565464000885,E_TAU_EVIDENCE_MEASURE_PREFLIGHT,False,False,tau_side_evidence_measure_l2_endpoint_preflight_not_validation
UGCA281,train,K_thick_flared,0.7113162881925505,216.12134999999995,22.657106519425874,61.197258463699455,-38.54015194427358,E_TAU_EVIDENCE_MEASURE_PREFLIGHT,False,False,tau_side_evidence_measure_l2_endpoint_preflight_not_validation
UGCA442,train,K_thick_flared,0.8185816422449964,450.94810000000007,25.02896591614764,126.20887731777536,-101.17991140162772,E_TAU_EVIDENCE_MEASURE_PREFLIGHT,False,False,tau_side_evidence_measure_l2_endpoint_preflight_not_validation
